0,1,dtype,true_mean,true_sd,pop,sample_id
13.491958,0.9518778,offspring,15.165,0.959878464529061,26,0
13.494623,0.9243493,offspring,13.496,1.47328883794048,14,1
12.679105,0.8740428,offspring,12.9683333333333,0.453140890525968,18,2
12.81027,0.8708088,offspring,11.696,1.45460647599273,18,3
13.880242,0.8193166,offspring,15.726,1.95894869764371,4,4
13.047855,0.98347396,offspring,13.13,1.05436236655146,18,5
13.439996,1.0413857,offspring,12.2766666666667,1.26904163314947,14,6
13.606333,0.846294,offspring,14.422,1.82900792781223,24,7
13.712747,0.8692176,offspring,14.6283333333333,1.54100508327087,4,8
13.787074,1.0799038,offspring,14.9425,1.92621173983201,22,9
12.531673,0.8514227,offspring,13.5383333333333,1.79559925001841,14,10
13.468214,0.7892812,offspring,13.9116666666667,0.866196667429901,4,11
14.181493,1.4984436,offspring,13.2275,1.22722926410132,22,12
13.897537,0.94862294,offspring,15.064,2.43385085820804,24,13
13.152782,0.9657107,offspring,12.3175,1.1819863225379,22,14
14.159155,0.87036157,offspring,15.406,1.94928961419282,22,15
12.839642,0.7452801,offspring,13.8933333333333,0.994538418899273,18,16
14.136737,0.9330766,offspring,14.066,0.979683622400619,4,17
12.488694,0.84435344,offspring,11.43,0.987684160043077,14,18
14.3519335,0.85361415,offspring,14.99,0.964468765694359,24,19
14.319861,0.8802481,offspring,14.8125,1.6436823496852,4,20
13.722778,0.91876817,offspring,15.522,0.78346665532108,14,21
13.390798,0.9975832,offspring,13.616,0.866677564034053,14,22
12.335131,0.8176568,offspring,11.755,1.16500357653242,18,23
13.208165,0.84355646,offspring,12.8116666666667,0.826496622295982,18,24
13.949049,0.71602786,offspring,15.944,0.904892258780016,26,25
13.299949,0.7632874,offspring,13.9375,0.679577074363166,4,26
13.702645,1.0593505,offspring,12.568,1.28674783854491,26,27
14.428771,0.8814461,offspring,13.54,1.3473826479512,24,28
14.088474,0.78023225,offspring,15.386,0.422409753675267,22,29
12.813552,0.8265784,offspring,15.236,1.69722715038383,18,30
13.975651,0.80873847,offspring,16.762,2.28261253829904,26,31
13.030472,0.9441513,offspring,13.878,1.31368565494185,18,32
12.892545,0.8835685,offspring,13.024,1.46711621898199,18,33
13.072489,0.8048828,offspring,12.435,0.703254339955799,4,34
13.093761,0.8690493,offspring,14.164,1.13909174345177,14,35
14.180392,1.0385139,offspring,16.424,1.70835593480984,24,36
12.540314,1.1050726,offspring,12.7716666666667,1.17078463718425,18,37
13.853525,0.86598265,offspring,14.8,1.03624321469431,26,38
12.629124,0.9516276,offspring,11.996,0.573218980844145,18,39
13.417325,0.9717636,offspring,14.206,1.63765991585555,22,40
13.709443,0.8498425,offspring,13.382,0.953268063033688,4,41
12.670771,0.8686824,offspring,13.125,1.00626371626262,18,42
13.770719,0.46760225,offspring,14.8283333333333,1.85726052740768,4,43
13.95333,1.3519399,offspring,13.512,2.3134973524947,22,44
13.980514,0.74775434,offspring,15.0675,0.857685839920422,18,45
13.711597,0.7980174,offspring,13.794,0.495812464546829,4,46
13.933856,0.7788108,offspring,14.506,0.418843646245231,22,47
13.08444,0.80608165,offspring,13.42,1.33998507454374,22,48
13.26876,0.9471657,offspring,13.3525,1.19064058388751,18,49
12.777745,0.8567916,offspring,15.05,0.827365296186233,26,50
13.938235,0.7555191,offspring,13.554,1.10012726536524,4,51
13.259569,0.79286516,offspring,13.19,1.17458503310744,26,52
12.5770645,0.8792659,offspring,14.3616666666667,0.827318963076918,18,53
13.41735,0.7376016,offspring,15.266,0.563542367528831,4,54
13.80297,1.0916963,offspring,15.202,0.818700189324517,22,55
13.382142,0.757819,offspring,13.7516666666667,0.789567392099412,4,56
13.786159,0.8655394,offspring,15.008,0.84839259779892,4,57
13.105461,0.8467194,offspring,11.5325,1.78666122511609,14,58
14.297415,0.7704303,offspring,13.002,1.17506170050768,26,59
13.656504,0.7173741,offspring,14.038,1.22414051481029,4,60
13.18541,0.8560787,offspring,14.684,1.1577478136451,22,61
13.239479,0.77475446,offspring,14.495,1.96259182375416,18,62
13.441455,0.9294199,offspring,15.516,1.46072926991965,22,63
13.1497555,0.7257688,offspring,12.6671428571429,1.50164037290019,14,64
13.643851,0.78327274,offspring,13.232,1.156036331609,14,65
13.79832,1.0139211,offspring,13.06,0.613568795382121,24,66
14.0973215,0.83518934,offspring,13.4425,0.680557369612095,24,67
12.418177,0.94234014,offspring,13.0033333333333,1.05118346004238,18,68
12.862175,0.8151885,offspring,11.48,1.28486056312219,14,69
12.386366,0.80496466,offspring,11.5783333333333,1.07328312511968,14,70
13.047077,0.68554056,offspring,14.26,1.65736739037145,4,71
13.598861,1.0095942,offspring,13.2916666666667,1.79952678964962,22,72
12.840334,0.8358713,offspring,13.254,1.03258413700773,26,73
13.517872,0.9127577,offspring,16.9825,2.29534855740909,26,74
13.005287,0.8717984,offspring,13.026,0.933879007152426,4,75
12.944947,0.7988473,offspring,12.748,0.890460554993875,18,76
13.986739,0.61920124,offspring,15.14,0.754287743503764,24,77
13.05641,0.9842359,offspring,13.242,0.619774152413603,18,78
12.931178,0.7885424,offspring,12.644,1.1186286247008,14,79
12.917719,0.8027437,offspring,15.9675,1.61497936003323,26,80
14.010477,0.9575798,offspring,14.05,2.338108209643,26,81
14.03434,1.0098798,offspring,13.238,1.19623158293033,4,82
13.728686,1.0395398,offspring,15.77,1.54611340679352,26,83
13.940066,0.7615462,offspring,14.5616666666667,0.992117264574439,26,84
14.532207,0.7142818,offspring,13.66,2.18605809620879,24,85
12.367378,0.6973425,offspring,12.17,1.12697234512062,18,86
13.394015,0.9450274,offspring,14.754,0.551570485069678,22,87
13.821046,0.99611604,offspring,13.2171428571429,1.39562070164395,14,88
13.100534,0.86036015,offspring,15.805,0.267145403603855,22,89
13.575293,0.6216287,offspring,14.4716666666667,1.406889002966,4,90
13.042799,0.9653027,offspring,14.2633333333333,1.5315177657039,22,91
13.19324,0.89385265,offspring,13.84,0.871068309606083,14,92
12.734009,0.875461,offspring,14.96,1.70949115236084,18,93
12.599474,0.93395525,offspring,12.364,1.96216207281662,14,94
13.565837,0.8030788,offspring,15.6366666666667,1.05085996529826,14,95
13.477093,0.8859139,offspring,14.6816666666667,2.30198537498974,26,96
15.07033,0.9088642,offspring,16.2475,0.344710023062863,26,97
14.320552,0.90830845,offspring,12.824,0.309483440590931,4,98
13.044698,0.9704893,offspring,12.225,1.84519646650431,18,99
14.386549,0.66053617,offspring,14.6933333333333,0.640707941785231,4,100
12.771363,0.9718179,offspring,12.2983333333333,0.865272596738546,22,101
13.405192,0.8433713,offspring,15.096,0.573088125858493,22,102
13.257464,0.971225,offspring,12.55,0.438710230866191,14,103
11.668237,0.81101495,offspring,11.7183333333333,0.933454158845879,18,104
13.49894,0.74550766,offspring,14.0425,1.22804383743687,4,105
12.398315,0.7496135,offspring,10.634,1.06898550036939,18,106
13.160944,0.9504008,offspring,12.962,1.6790681939695,14,107
13.736156,0.85136664,offspring,14.9866666666667,1.20071090053629,26,108
12.541008,0.8233395,offspring,14.1728571428571,1.88977700876509,22,109
12.399132,0.9689579,offspring,11.6683333333333,1.59527322633669,14,110
14.193603,0.80611014,offspring,13.7125,0.587785391675114,4,111
13.529061,0.8391025,offspring,12.615,0.898906743401858,22,112
13.132047,0.75873953,offspring,13.056,1.03900433107856,18,113
13.559418,0.9091362,offspring,12.59,1.57050947147733,4,114
14.139979,1.0111928,offspring,15.452,1.33756121355249,22,115
13.400838,0.9500206,offspring,13.09,0.861713409434946,14,116
13.797708,1.1305456,offspring,14.7783333333333,1.15501370843236,26,117
13.257966,0.85722303,offspring,15.625,1.1279627653429,26,118
13.34719,1.0096272,offspring,14.595,1.91696809224011,26,119
13.330165,0.9361181,offspring,12.7475,1.16138925429849,14,120
14.913677,0.7977204,offspring,14.5583333333333,2.56274397212571,24,121
13.18403,0.9224386,offspring,13.58,1.10986485663796,18,122
12.971775,0.74012715,offspring,12.5325,0.906141085409257,14,123
12.263891,0.8508797,offspring,13.09,1.48329026154694,18,124
13.629538,0.75528985,offspring,14.298,2.36509407846707,24,125
12.286265,0.8383525,offspring,12.908,1.95604703419933,22,126
14.2514105,1.0943159,offspring,12.755,1.16454569110304,24,127
13.271207,0.82064176,offspring,16.0875,1.6705962009614,26,128
13.032298,0.6500523,offspring,13.415,0.546900356555013,14,129
13.978192,0.9185808,offspring,13.276,0.713743651460383,4,130
13.595085,0.84453636,offspring,13.216,1.39732959605098,26,131
13.131048,0.8323521,offspring,14.975,0.773110600108419,18,132
14.224997,1.1921333,offspring,14.1,0.564269439186636,24,133
12.891843,0.747235,offspring,14.2475,1.50373701158148,18,134
13.270688,0.8421884,offspring,13.0128571428571,0.965206614939936,22,135
13.704911,0.98661315,offspring,15.802,1.09928158358084,26,136
13.270213,0.73456997,offspring,12.488,1.21359795649136,14,137
13.392209,0.6891675,offspring,12.84,1.2336125809994,14,138
14.081568,0.93906003,offspring,12.7675,2.35922833429351,24,139
13.432372,0.86832213,offspring,15.7075,1.21724757821351,26,140
13.961424,0.9458684,offspring,14.2366666666667,2.27181572022615,26,141
13.837853,1.0322695,offspring,14.846,2.17093988861967,22,142
13.968878,0.9496118,offspring,15.056,2.43930932847804,26,143
13.016626,0.9623817,offspring,13.535,0.505338170601298,18,144
12.510165,0.92624784,offspring,12.998,1.09332977641698,18,145
13.669423,0.73334664,offspring,13.276,0.895170374844923,4,146
13.861746,0.9049007,offspring,13.45,1.0294658809305,22,147
13.086128,0.7886518,offspring,13.412,1.1397455856462,4,148
13.89784,0.73882776,offspring,12.685,0.560624651616391,4,149
14.636829,0.9267647,offspring,13.3925,3.40298276026586,24,150
13.642063,0.6836622,offspring,13.5333333333333,1.18838826427505,4,151
13.232427,0.88754976,offspring,13.6083333333333,0.992500209907618,4,152
13.632233,0.8051945,offspring,13.314,0.787356336102022,22,153
12.992834,0.83460784,offspring,13.525,0.581119609030705,4,154
13.115659,1.1029553,offspring,13.905,0.810863737011342,14,155
13.686349,0.79541665,offspring,13.9975,0.939516719737689,22,156
13.817661,0.74409693,offspring,13.245,1.15071716768283,4,157
12.723086,1.0678179,offspring,12.514,1.46317463072594,14,158
13.718128,0.7710202,offspring,16.012,1.09691385258825,26,159
13.86519,1.0742697,offspring,13.516,0.876087895133816,22,160
13.188942,1.1914141,offspring,12.56,0.250998007960222,22,161
13.184169,0.64640754,offspring,11.8783333333333,2.14832415307064,4,162
12.682911,1.0174112,offspring,13.3766666666667,1.38743888754304,14,163
12.8440075,0.9106988,offspring,14.1416666666667,0.545652514579257,18,164
12.788648,0.8481577,offspring,12.6925,0.720202517814723,18,165
13.122315,1.3133256,offspring,14.875,1.08459669923894,22,166
12.729338,0.65859556,offspring,13.9966666666667,1.25726157448109,14,167
13.310785,0.8909064,offspring,14.1525,1.74589757240605,22,168
13.777474,0.9153833,offspring,13.5566666666667,1.02120843448665,26,169
13.732996,0.6797027,offspring,12.862,1.12067836599088,4,170
12.5868225,0.9964937,offspring,14.222,0.582554718459991,14,171
12.656469,0.68822503,offspring,12.635,0.959044663541102,4,172
14.516734,0.9614966,offspring,14.265,2.09003110024708,26,173
13.3296175,1.0275662,offspring,13.002,2.09909980706016,14,174
13.838746,0.85706675,offspring,13.9675,1.5504273604397,24,175
13.982076,0.96679616,offspring,14.0716666666667,2.26579272367679,26,176
13.445296,0.92934036,offspring,10.902,0.717021617526278,14,177
14.125924,0.6611411,offspring,14.998,0.825784475514041,4,178
12.813654,0.8156842,offspring,11.414,2.37567464102305,18,179
13.383384,0.9730693,offspring,13.736,1.9347557985441,4,180
13.761143,0.8984203,offspring,15.596,1.37356470542891,14,181
14.184495,0.89848065,offspring,15.9483333333333,1.33999129350405,26,182
13.539263,1.0751691,offspring,13.768,0.90825106661099,18,183
13.838785,0.6805916,offspring,14.1575,1.1396015385505,4,184
13.349818,0.92800367,offspring,13.938,1.12250612470489,18,185
12.811049,0.9638108,offspring,14.85,1.46756033379665,14,186
13.376339,1.011128,offspring,12.564,1.57371534910224,14,187
13.994018,0.7949626,offspring,16.5,2.25447333095781,26,188
13.882109,0.78252107,offspring,15.065,1.68610992128825,26,189
14.080484,0.8948121,offspring,15.5883333333333,2.09401448578243,26,190
14.774426,0.80597955,offspring,15.832,1.5350309443135,26,191
14.132461,0.88038045,offspring,15.734,1.71344098235101,26,192
13.2427845,0.93777895,offspring,15.8325,2.32991237317343,22,193
14.50847,0.8620239,offspring,13.75,0.71187077478992,26,194
12.468304,0.7099744,offspring,12.362,0.742475588824306,14,195
14.253567,0.8838556,offspring,13.6475,2.21704570694126,22,196
14.03628,0.9713848,offspring,15.455,1.35071585958459,26,197
14.296621,0.97142947,offspring,15.072,1.31305750064496,24,198
14.319826,0.7649578,offspring,13.802,1.43927759657406,4,199
13.855576,1.067932,offspring,12.9283333333333,1.47763888236154,14,200
13.769028,0.83161557,offspring,16.07,1.15360305131358,4,201
13.021921,0.90159416,offspring,12.5925,2.18104523871774,14,202
13.868258,0.4917732,offspring,13.8,0.908162980967623,22,203
12.08741,0.9315462,offspring,12.25,0.468472695753623,18,204
13.557273,0.9199521,offspring,15.12,0.971287804927047,22,205
13.518547,0.8721558,offspring,15.464,1.03538881585615,14,206
13.89107,0.9975169,offspring,14.926,0.950804922158063,4,207
12.615333,0.84037596,offspring,13.3075,1.65246028696607,18,208
13.436801,0.79122823,offspring,14.0675,1.21153827838826,24,209
12.927897,0.8489835,offspring,11.0675,2.36304006172839,14,210
13.744561,0.94040346,offspring,12.612,2.58378985213581,26,211
12.484337,0.76950735,offspring,12.698,1.69378865269549,14,212
12.747809,0.9925176,offspring,13.6175,0.875837694248579,22,213
12.677488,0.92036474,offspring,10.9614285714286,1.48658925700666,14,214
12.272466,0.7336122,offspring,13.5933333333333,1.54384800633568,18,215
13.453918,0.9724258,offspring,14.9928571428571,1.34680751267227,26,216
14.213985,0.7257846,offspring,15.3725,1.43746014437503,4,217
13.2825985,0.81467164,offspring,12.5266666666667,1.08547992458021,26,218
12.698858,0.7462761,offspring,12.5066666666667,1.53374921896204,14,219
14.126306,0.74229825,offspring,13.132,1.03774756082585,22,220
13.776773,1.1490343,offspring,14.648,1.24431507264037,24,221
13.584502,0.7091994,offspring,13.648,0.966317753122646,22,222
14.681105,0.7948116,offspring,17.1966666666667,2.06664623645816,26,223
13.088551,0.91347575,offspring,14.895,1.12114524780096,18,224
12.613362,1.1213276,offspring,12.662,0.903753284917958,18,225
12.569875,0.85669833,offspring,12.712,1.12497555528998,18,226
13.176597,0.95450747,offspring,14.3675,0.846221996090072,18,227
13.187228,0.77673835,offspring,13.7133333333333,1.40757474638709,18,228
13.531966,1.1576657,offspring,13.2225,0.700303505631666,14,229
12.802425,0.88263416,offspring,12.7525,1.49381781575488,14,230
13.17626,0.97458565,offspring,14.264,1.77576180835156,14,231
14.430919,0.7594933,offspring,16.095,1.10334340378083,4,232
13.333167,1.1562394,offspring,13.15,0.485180378828328,22,233
12.80704,0.8973265,offspring,12.658,0.748712227761775,18,234
13.625995,0.91665757,offspring,12.094,1.7339780852133,24,235
13.83495,0.75762564,offspring,12.27,0.782687677173979,24,236
13.357375,0.8428185,offspring,13.59,2.41251942997357,14,237
13.4927225,0.759076,offspring,15.7371428571429,1.39002055483261,26,238
12.703678,0.79899204,offspring,12.355,1.39777203673084,18,239
13.017897,0.68494576,offspring,13.096,0.454400704224806,4,240
12.897501,0.9773703,offspring,13.484,0.323697389547707,18,241
12.989845,1.0125778,offspring,14.3333333333333,1.09990302602851,22,242
14.0189705,0.8897906,offspring,13.99,1.51530524977643,24,243
12.185316,0.70519274,offspring,13.5566666666667,1.44870516899287,22,244
12.8099375,0.8826805,offspring,12.56,1.39901751239933,18,245
12.585581,0.89015406,offspring,11.89,1.42926554565623,18,246
13.57622,0.7872884,offspring,13.596,0.704790749087983,4,247
13.614227,0.66206086,offspring,14.438,0.759552499831316,4,248
13.686367,1.1372741,offspring,13.64,2.51201114647209,26,249
13.659479,0.6295872,offspring,13.9466666666667,3.00382866799468,22,250
12.594805,0.9600147,offspring,12.755,1.38307989646296,22,251
13.9923115,0.8219495,offspring,13.96,1.1979774622254,26,252
13.83673,0.99700016,offspring,14.614,0.540212920985791,24,253
14.784419,0.9670384,offspring,15.13,0.265204323745548,24,254
14.441039,0.83217645,offspring,14.3483333333333,1.23627531992945,4,255
13.229626,0.78557444,offspring,12.612,0.760802208198688,4,256
14.5046425,0.7020322,offspring,14.49,1.69898499110498,22,257
13.560481,0.9392767,offspring,14.408,0.76489868610163,4,258
13.305366,0.84656614,offspring,12.35,0.826922003577121,14,259
13.209557,0.81031805,offspring,14.232,0.963260089487777,18,260
13.385403,0.9711101,offspring,15.096,1.45925666008417,18,261
13.202548,0.79322076,offspring,12.762,0.843368246971629,22,262
14.491111,1.0908831,offspring,15.0725,1.46089869600873,26,263
12.872284,0.8189506,offspring,14.222,1.19179276722088,26,264
13.656917,0.7495787,offspring,14.234,2.37540101877557,14,265
13.372742,0.8306535,offspring,13.3816666666667,1.13075933189458,22,266
14.177941,0.8471164,offspring,13.852,1.30941590031586,4,267
13.262714,1.0622579,offspring,12.93,1.04268883181897,18,268
14.158013,0.74820143,offspring,14.81,0.663438015190567,4,269
12.888634,1.0380976,offspring,13.1983333333333,0.639669185334628,14,270
14.1153145,1.1495748,offspring,13.1525,1.28676273389205,24,271
13.583654,0.94899625,offspring,14.458,1.09875839018412,14,272
13.885896,0.88207626,offspring,14.966,1.9593315186563,26,273
12.291902,0.727549,offspring,12.1183333333333,0.455430199554956,18,274
13.583133,0.8984574,offspring,14.59,1.23938156621222,22,275
13.433486,1.0590773,offspring,12.335,0.337589494307312,4,276
13.867457,0.73263246,offspring,12.83,1.09888579934404,14,277
13.522318,0.9893162,offspring,13.27,1.73033715404446,14,278
13.506784,0.8457021,offspring,13.512,0.540620014427879,4,279
13.290877,0.85924166,offspring,14.13,1.17504042483652,14,280
14.367136,0.7898743,offspring,14.455,1.83741666477694,26,281
13.663204,0.680866,offspring,13.136,1.13495814900815,4,282
14.200649,0.60015965,offspring,14.926,0.632321120950423,4,283
13.96677,0.85590506,offspring,14.63,0.94394915117288,4,284
13.164351,0.86568165,offspring,11.4025,1.56192989599406,26,285
13.770466,0.8645716,offspring,12.26,1.44187378088375,26,286
12.547064,0.9656159,offspring,12.4066666666667,1.63135117821598,14,287
13.813276,0.936507,offspring,13.635,1.15269250019248,4,288
13.889304,0.85218084,offspring,13.274,0.370243163339987,14,289
12.939426,0.88851726,offspring,13.3,0.34212570789112,18,290
13.858857,0.8885208,offspring,15.69,1.23388276050307,24,291
12.8787365,0.7368487,offspring,12.2266666666667,1.26954585055707,4,292
13.331485,0.79339427,offspring,13.67,1.57621381798283,4,293
13.472715,0.6895902,offspring,12.464,0.858154997654853,4,294
12.541674,0.9909825,offspring,12.125,1.19581213686209,14,295
14.17596,1.1506262,offspring,13.7116666666667,0.985969911643691,22,296
13.411264,0.89876497,offspring,12.646,1.10793952903577,4,297
13.85752,0.86449724,offspring,13.2475,1.93293171115795,26,298
13.735458,0.7321961,offspring,14.278,1.72582444066597,4,299
14.253171,0.7604201,offspring,13.472,2.68476628405528,24,300
13.3903885,1.0094076,offspring,12.9971428571429,2.34840878245756,14,301
13.096737,1.0397855,offspring,11.2575,0.967828324997087,22,302
12.983885,0.8418055,offspring,13.835,1.31892633102333,18,303
14.209018,0.83782524,offspring,14.758,0.859924415283111,26,304
13.920457,0.893224,offspring,14.1175,2.11641796439172,24,305
13.046411,0.7908531,offspring,13.174,1.7300086704985,14,306
14.351825,0.96372443,offspring,14.495,1.16757583622364,24,307
14.457722,0.845831,offspring,14.43,2.25850983320123,4,308
14.521054,0.95554197,offspring,15.8616666666667,1.47091014908004,26,309
13.938931,1.0857475,offspring,14.45,1.08468121276868,24,310
13.733113,0.92487437,offspring,13.185,1.27609952589914,26,311
12.414947,0.9353063,offspring,12.728,0.747509197267833,18,312
13.553267,0.7079374,offspring,12.916,0.701234625499911,4,313
13.286993,1.045339,offspring,12.758,1.66612424506698,22,314
13.723494,0.70832616,offspring,13.5633333333333,1.34089025153689,4,315
13.63257,1.0568165,offspring,14.3175,3.82939834264688,26,316
14.050794,0.6320262,offspring,14.915,0.969725046942001,4,317
13.892296,0.80666065,offspring,13.788,3.00259387863227,4,318
12.80432,0.72409666,offspring,14.645,0.612671744628938,4,319
12.988777,0.8631812,offspring,12.795,0.881305849294102,18,320
13.153363,0.85962385,offspring,12.832,1.12788297265275,18,321
13.481121,1.1311516,offspring,13.938,0.945737807217201,18,322
13.156462,0.8294694,offspring,12.6675,0.632686072761735,18,323
13.264454,1.2370981,offspring,13.095,0.828231046669145,24,324
13.854091,1.0937624,offspring,12.7875,0.758304028737814,24,325
13.238219,1.2815497,offspring,13.442,2.17946553081254,22,326
13.862195,0.858608,offspring,15.656,0.982512086439652,26,327
13.471135,0.8823023,offspring,11.905,2.69003717446432,24,328
13.6180935,0.7723801,offspring,11.2266666666667,1.05217235596962,24,329
13.093134,0.99195915,offspring,12.924,1.86227817470968,18,330
13.97342,0.7559695,offspring,13.2083333333333,1.53173648734587,14,331
13.628406,0.8601327,offspring,14.2775,0.952203584674342,4,332
12.370768,0.9070808,offspring,12.0316666666667,1.97262684425278,14,333
13.281322,0.58919626,offspring,13.834,0.77461603391616,4,334
12.975363,0.9747905,offspring,14.596,1.00156377730028,18,335
12.565417,0.833731,offspring,13.585,2.1872737978284,26,336
12.805349,0.96721816,offspring,15.676,2.31169418392658,22,337
13.141786,0.75274545,offspring,11.19,1.54560020703932,4,338
14.637253,0.92649055,offspring,14.608,1.40629655478494,26,339
12.85268,0.60627687,offspring,13.4466666666667,2.09704236167672,4,340
13.320832,0.9542966,offspring,13.4875,0.558711314842766,18,341
14.84366,1.1240599,offspring,14.886,1.68559485049047,4,342
13.027045,0.8262161,offspring,13.7316666666667,1.24462711952884,18,343
13.086082,0.8996095,offspring,13.6016666666667,1.07976695016409,18,344
13.769994,0.9665403,offspring,13.135,1.14147565312041,26,345
14.258078,0.9201056,offspring,15.7875,0.561983095831183,4,346
13.459747,0.6114626,offspring,13.2516666666667,0.743328101625834,4,347
13.0701065,0.796463,offspring,14.276,0.645933433102824,14,348
13.182832,0.9973374,offspring,13.268,0.924050864400873,22,349
12.665463,1.0118515,offspring,14.3575,1.922348823705,22,350
13.405867,0.9155695,offspring,13.15,1.52920458626917,18,351
13.52135,1.3244452,offspring,14.1,0.774252327517759,22,352
13.188697,0.8057544,offspring,13.4316666666667,1.66365160615637,4,353
13.806247,0.95048654,offspring,14.61,1.15241774833029,24,354
12.516949,1.1254323,offspring,11.8016666666667,1.75664927252615,14,355
13.901702,0.87184334,offspring,15.0925,2.50089817199075,24,356
14.10216,0.8766042,offspring,13.88,0.859214757787598,4,357
12.906483,1.0684575,offspring,14.512,0.972789802578131,18,358
13.35162,0.9070641,offspring,14.738,1.03381332937818,14,359
12.95047,0.9741207,offspring,11.366,1.56884671016642,18,360
13.838313,0.84323066,offspring,14.105,1.33247889289099,26,361
14.362145,1.0598828,offspring,12.79,0.943221430347438,24,362
12.719432,0.94969,offspring,11.552,0.561177333825949,18,363
14.341235,0.9833832,offspring,15.136,1.04648459138202,4,364
13.264781,0.699558,offspring,11.865,1.47793775241043,18,365
13.732921,1.059085,offspring,14.99,0.780672786767926,26,366
12.969806,0.8152492,offspring,14.542,0.973740211760817,18,367
13.380254,0.9695467,offspring,13.026,1.53014051642325,22,368
13.543808,0.82246864,offspring,14.3383333333333,1.37389106797689,4,369
13.26821,0.5959844,offspring,14.8375,1.1643131022195,4,370
13.596795,0.73493576,offspring,14.9083333333333,1.06460164693967,4,371
13.5530615,1.2330401,offspring,13.176,2.78907332280813,14,372
13.599602,0.83200294,offspring,12.288,1.74053727337279,24,373
13.744925,0.88427055,offspring,16.6375,0.856791495444875,26,374
13.918271,1.0288265,offspring,12.865,1.92014756377385,22,375
12.916288,0.94773734,offspring,11.466,0.925435032835909,14,376
12.418076,0.9329448,offspring,11.05,1.09272137345254,18,377
14.310579,0.9035579,offspring,15.0933333333333,1.83405198036115,26,378
12.8849945,0.6632657,offspring,12.12,0.933630904944061,4,379
13.251455,0.91322696,offspring,12.3825,1.83534510832886,14,380
12.82971,0.8148883,offspring,12.518,2.03030047037378,14,381
13.323159,0.9234961,offspring,13.6333333333333,0.943094198193726,14,382
13.914662,0.6734122,offspring,15.65,1.31054695960631,24,383
14.504862,0.76781774,offspring,13.76,1.85915751529198,24,384
13.986491,0.86622864,offspring,13.44,1.51815677714787,4,385
13.779623,1.1091378,offspring,14.12,0.668281377864145,14,386
13.14845,1.2843828,offspring,16.28,1.60424437041244,22,387
14.14229,1.0025351,offspring,15.3433333333333,1.04199168262835,26,388
13.212108,1.0470505,offspring,12.87,1.67669913818789,14,389
13.589807,0.8357293,offspring,13.858,1.32596002956349,4,390
14.809821,0.9562124,offspring,17.4775,2.53182904899469,24,391
13.772771,0.7811096,offspring,14.38,0.775800661682282,22,392
13.081578,0.95736736,offspring,12.91,1.9994165815724,18,393
13.372178,1.2042012,offspring,13.9825,0.216236752966126,22,394
14.11174,0.8077333,offspring,16.2275,1.28419559777058,24,395
14.11629,0.8169255,offspring,13.33,1.22751782064457,4,396
14.052579,0.9266453,offspring,13.6675,1.91313660428801,22,397
12.83974,0.8559158,offspring,13.1233333333333,0.874978094963906,14,398
13.061924,0.90386397,offspring,14.874,1.30064599334331,14,399
13.412774,0.89122677,offspring,12.256,0.988245920811212,22,400
14.538009,0.94580287,offspring,15.4566666666667,1.27275554081162,24,401
13.741729,0.9911752,offspring,14.035,0.853912563829966,4,402
14.099408,0.8197419,offspring,14.552,0.900288842538882,24,403
12.726065,1.0300646,offspring,13.2,0.789151443006981,18,404
14.347125,0.8847444,offspring,13.656,0.920749694542442,4,405
13.128688,0.9664685,offspring,14.98,1.37110660903277,22,406
13.254219,1.1093475,offspring,14.1225,0.498689950436808,26,407
13.342383,0.68977517,offspring,14.832,1.61863213856639,4,408
12.494454,1.0297594,offspring,13.625,2.05402856195656,22,409
13.113597,0.8001868,offspring,13.058,2.1077167741421,14,410
14.678732,0.89670616,offspring,15.3775,0.86991857856545,4,411
13.233632,1.0401083,offspring,12.208,0.771440211552393,4,412
13.084945,0.7962228,offspring,13.1625,1.81709245774672,14,413
13.541976,1.0362518,offspring,13.3033333333333,0.23980547672367,14,414
13.206306,0.82671404,offspring,13.576,1.25418499432899,14,415
12.785526,0.6953482,offspring,11.67,2.08786174510351,14,416
13.191814,0.85337555,offspring,14.43,2.01348785279011,18,417
13.50096,0.9704276,offspring,14.1166666666667,0.881944820647338,22,418
13.207444,0.9842513,offspring,12.885,1.54336213076085,22,419
13.048292,0.8128302,offspring,12.586,0.601481504287538,18,420
13.086718,1.0421875,offspring,13.118,1.06147067788046,22,421
13.718925,0.6947417,offspring,13.254,1.15625689187135,4,422
13.549051,1.0819106,offspring,13.28,0.888735056133154,18,423
13.691138,0.8767824,offspring,13.5,0.577148161220323,24,424
12.865033,0.76723194,offspring,12.7516666666667,1.04931247332082,18,425
12.451424,0.8844602,offspring,13.3516666666667,1.55624441096721,18,426
13.313671,0.8550061,offspring,11.435,1.76781409278992,14,427
13.296249,0.7244018,offspring,13.7375,0.319830684373258,4,428
12.734489,0.94753116,offspring,12.8716666666667,2.05665180977886,4,429
13.851436,0.86638,offspring,14.1875,0.37348583194904,18,430
13.062448,1.0227293,offspring,15.525,1.46679923643285,18,431
13.264366,0.7320161,offspring,12.834,1.48429444518263,14,432
13.347417,1.0418189,offspring,16.1733333333333,0.825364565914158,26,433
13.74329,0.9014457,offspring,14.958,0.622952646675491,18,434
13.342029,1.1660953,offspring,12.7625,2.59186387245421,22,435
13.312243,0.91347903,offspring,13.3033333333333,1.70131321827189,22,436
14.287003,0.6169466,offspring,13.3925,1.64755121316456,22,437
13.7028885,0.87006474,offspring,14.65,1.13555272885058,22,438
12.240217,0.8036064,offspring,13.698,1.03487680426223,18,439
12.591648,0.99826515,offspring,12.015,1.85573435598956,14,440
13.374187,0.83434737,offspring,14.206,1.53223040042939,14,441
14.172285,0.8632684,offspring,15.164,2.17015667637155,24,442
12.472258,0.8829247,offspring,13.355,2.12115770276517,14,443
13.793955,0.9988404,offspring,14.415,1.94786207588388,26,444
12.686827,0.7755646,offspring,13.604,1.88165618538563,14,445
13.740501,0.93360054,offspring,13.3633333333333,1.41814902836996,4,446
13.342831,0.75549215,offspring,12.7125,0.841996634989317,4,447
13.748809,1.0367768,offspring,14.048,2.20086801058128,26,448
13.206578,0.7528647,offspring,17.898,1.72163294578142,24,449
13.990986,1.1563599,offspring,14.5516666666667,1.76602850109127,4,450
12.975104,0.8482977,offspring,13.14,0.657317782101372,18,451
12.594595,0.858736,offspring,11.645,1.00976895047002,18,452
14.394847,1.1420715,offspring,13.7225,0.383090502797098,22,453
13.695121,0.9419181,offspring,15.4175,0.683099553505929,22,454
12.866909,0.79835117,offspring,11.7875,1.02128595407946,18,455
12.954517,0.84752446,offspring,13.27,0.857438044409041,18,456
13.785554,0.9456006,offspring,14.176,1.36818492902093,22,457
14.055114,0.9028275,offspring,14.32,1.61641578809414,4,458
13.921563,0.8760905,offspring,16.494,1.47266085708828,26,459
13.195417,0.8247563,offspring,11.68,1.48446623403835,14,460
13.473195,0.8379437,offspring,12.6133333333333,1.38991606461206,14,461
13.718378,0.95001733,offspring,14.726,1.34006716249597,26,462
13.884,0.99990463,offspring,15.2575,0.959735206537025,4,463
13.300383,1.0134792,offspring,12.154,1.46634920806744,14,464
12.580177,0.7617553,offspring,14.582,1.29625229025834,18,465
13.58562,0.88377136,offspring,14.29,2.54932932356728,14,466
13.075854,0.97249895,offspring,12.206,0.583206652911299,14,467
13.896864,0.7580487,offspring,14.1466666666667,2.13902469987297,22,468
13.583436,0.73730546,offspring,14.3,1.33568958469648,26,469
13.433154,1.1584481,offspring,12.645,0.949578854018981,22,470
14.12253,0.8147207,offspring,14.53,1.0563143471524,14,471
13.221241,0.77737164,offspring,14.4866666666667,1.39370967804154,4,472
13.293747,0.8346332,offspring,11.17,1.15651776178895,14,473
12.6702175,1.2086436,offspring,11.6025,1.26254702882705,22,474
13.207595,0.60028553,offspring,13.972,0.401957709218271,4,475
13.144576,0.98969936,offspring,12.4966666666667,2.08033330662821,14,476
13.8092165,0.95387757,offspring,14.2725,1.10022346215061,22,477
14.306302,0.80413586,offspring,14.8916666666667,1.93483246475416,4,478
13.460304,0.7839176,offspring,13.816,2.00807868371735,26,479
13.588389,0.91064,offspring,12.765,1.85071607763049,14,480
13.025626,0.89625907,offspring,12.1366666666667,1.51266211252436,14,481
13.779683,0.7404859,offspring,14.11,0.99179971096319,4,482
13.141441,0.91732603,offspring,14.08,1.29432092877565,18,483
13.850133,0.83757645,offspring,13.9833333333333,0.924676520014792,4,484
13.728064,0.697918,offspring,14.5783333333333,1.31013612524297,4,485
13.318811,0.798119,offspring,13.202,1.25859842682247,4,486
13.265806,0.9623627,offspring,13.04,2.08975277644669,14,487
13.685363,0.99626094,offspring,13.735,2.28538107690308,26,488
12.869051,1.0220563,offspring,12.094,0.913608231136301,18,489
12.992062,0.9670004,offspring,14.386,0.764905222887124,18,490
13.987135,0.71577656,offspring,14.355,0.650973629778248,4,491
13.112209,1.1463796,offspring,12.45,0.674339182706547,22,492
13.231911,1.3777494,offspring,14.566,1.0408313984503,22,493
14.365306,1.089552,offspring,15.2075,3.34324567847872,26,494
12.861017,0.9067941,offspring,12.905,1.19288166498889,18,495
13.156359,0.629984,offspring,12.764,1.41602612970241,18,496
13.135243,0.70080495,offspring,12.95,0.981257696360475,22,497
12.755915,1.0407535,offspring,12.6528571428571,1.3248989179772,14,498
14.264001,0.8949364,offspring,14.592,0.410024389518477,4,499
14.001234,1.1571169,offspring,14.965,0.98726896031426,24,500
13.5529375,0.78684896,offspring,14.166,0.986802918520208,18,501
13.76758,0.91971046,offspring,12.688,0.79838587161848,4,502
13.715381,1.0236917,offspring,15.054,1.00143896469031,26,503
14.202504,0.79280955,offspring,14.91,1.39935699519458,22,504
12.860519,0.87122333,offspring,10.028,1.14412411914093,14,505
13.678458,0.95762515,offspring,15.6283333333333,1.34762630824226,26,506
14.873823,1.0403998,offspring,14.05,2.41554686699858,22,507
12.336227,0.9183765,offspring,12.6925,0.663544773671428,18,508
14.069165,1.3515308,offspring,13.3325,0.607529148820587,22,509
13.095956,0.9320419,offspring,13.87,0.6557438524302,18,510
13.912222,0.7956379,offspring,16.2725,1.62031632714109,24,511
13.623378,1.0036192,offspring,16.0925,0.801722104805233,24,512
13.09392,0.78424215,offspring,14.2375,1.03895380070531,22,513
12.885178,0.7748336,offspring,13.474,0.938285670784756,4,514
13.259447,0.95224273,offspring,15.1016666666667,0.631139181691857,18,515
13.808795,0.987934,offspring,14.1266666666667,1.44006481335621,26,516
13.234546,0.9201652,offspring,15.275,0.872410453857587,22,517
13.644551,0.9148005,offspring,15.054,1.31328976239062,26,518
13.061344,0.94733316,offspring,14.732,0.814260400609044,18,519
13.356687,0.9086424,offspring,12.086,1.69249224518164,26,520
13.653197,0.8543525,offspring,15.03,0.924418736287836,4,521
12.572279,1.0511351,offspring,13.5275,0.592867326361191,22,522
12.519981,0.97782767,offspring,10.66,1.429248054048,14,523
12.733581,0.951323,offspring,13.4125,1.74488538305529,18,524
13.981644,0.9844635,offspring,14.87,1.85590948055125,26,525
13.722415,0.9081429,offspring,14.084,1.72688447789654,26,526
12.886483,0.8288265,offspring,13.6,2.05220612999767,14,527
12.874579,0.9721174,offspring,13.524,0.743121793517052,18,528
13.262568,0.91377556,offspring,12.535,0.983751323590808,14,529
13.253108,0.8718823,offspring,14.0075,1.69930132701649,4,530
13.116621,0.8492735,offspring,13.282,0.871361004406325,18,531
12.597172,1.0294232,offspring,12.2966666666667,0.8067630796378,14,532
14.062158,1.0136592,offspring,14.29,0.938189746266713,24,533
13.126952,0.96623504,offspring,12.516,1.73540485190056,24,534
12.758913,0.81534636,offspring,12.09,0.678940350840926,14,535
13.75777,1.0427268,offspring,14.602,1.43421407049296,22,536
14.352813,0.86188585,offspring,13.522,0.849982352757985,26,537
12.71664,0.85891515,offspring,13.704,0.77876825821293,14,538
13.636882,0.89019436,offspring,14.735,2.09192893442073,26,539
13.910106,0.8880299,offspring,15.9325,1.53571644518121,24,540
13.556401,0.8392556,offspring,14.0183333333333,1.42763323954952,4,541
14.072064,0.7390064,offspring,14.602,0.727062583276021,4,542
13.260289,0.7500121,offspring,12.766,1.32245226756961,14,543
12.725395,0.74705744,offspring,13.66,0.659140854951858,14,544
14.307586,0.8507681,offspring,14.1233333333333,1.37309383024856,22,545
12.842234,0.99936056,offspring,13.336,0.612682625834942,22,546
13.446513,1.0600787,offspring,15.5475,3.23916012776975,26,547
13.556207,0.80589795,offspring,12.724,1.65280972891619,22,548
13.727927,1.0868711,offspring,14.8075,3.13114861778656,22,549
12.873074,0.76906407,offspring,12.488,0.876652724857455,14,550
14.17932,0.8745028,offspring,14.865,1.37556897318891,4,551
13.295274,0.90305185,offspring,14.91,0.678822509939086,26,552
13.639133,0.9149592,offspring,12.6275,0.609227653125934,22,553
13.87076,0.80123734,offspring,14.165,1.22121524174351,24,554
14.430464,0.9736336,offspring,13.892,0.738830156395907,22,555
14.16676,0.35411036,offspring,14.032,1.52169970756388,22,556
14.341954,0.910925,offspring,14.875,0.999483199792106,24,557
12.733442,1.0509144,offspring,12.785,1.92136149643944,14,558
12.870799,0.7736872,offspring,14.1825,0.342478709800575,18,559
13.496042,1.0439551,offspring,14.128,1.27869855712752,26,560
14.352489,0.9602166,offspring,16.75,1.45739493617894,24,561
13.350336,0.8204247,offspring,13.344,0.37613827244778,4,562
12.152475,0.8813122,offspring,13.1775,0.914526289033472,18,563
12.675506,0.83024096,offspring,12.4825,0.86453744858161,18,564
13.854616,0.99005985,offspring,14.2566666666667,1.04687471393031,4,565
13.894345,0.8242978,offspring,14.26,1.02472760608206,4,566
13.199306,0.91201776,offspring,13.162,1.42334816541843,22,567
13.846961,0.84576494,offspring,15.19,0.634862189770347,22,568
12.961162,1.072899,offspring,14.14,1.47998310801171,18,569
13.707308,0.8830165,offspring,15.75,1.24994399874554,26,570
13.216407,0.94783115,offspring,14.128,0.833168650394385,4,571
13.62506,0.73024356,offspring,14.616,1.22840547051859,14,572
13.288289,0.9534732,offspring,13.56,1.89899973670351,24,573
12.108668,0.782933,offspring,12.138,0.881600816696537,14,574
13.821841,0.9734436,offspring,13.284,1.25374638583726,26,575
12.877358,0.8517196,offspring,13.358,1.57945243676408,14,576
13.373677,0.90078044,offspring,14.3175,0.659564250092438,22,577
12.890363,0.9023058,offspring,11.1925,2.02916033537684,18,578
13.389587,0.6852934,offspring,14.6883333333333,1.24021637897049,4,579
12.621155,0.8229549,offspring,13.92,1.36067997707029,18,580
13.987018,0.85757804,offspring,17.365,1.03061470330413,24,581
13.861402,0.6073976,offspring,13.1133333333333,1.89985964393864,22,582
13.562505,0.97811097,offspring,13.954,0.666768325582432,22,583
12.138561,0.7280564,offspring,13.128,0.531855243463859,18,584
13.749431,0.89225006,offspring,14.58,1.69790066454627,22,585
13.729324,1.0616221,offspring,15.3175,1.75247206349583,22,586
14.27495,0.96789664,offspring,14.7266666666667,1.53514385862259,26,587
13.100924,0.84422374,offspring,13.44,0.480832611206852,18,588
12.478563,0.6645652,offspring,13.9925,0.459447131525127,18,589
12.979432,0.9439626,offspring,14.044,3.92365008633543,14,590
13.655921,1.0284554,offspring,14.945,0.600583050043872,22,591
13.102265,1.0576396,offspring,15.334,0.606242525727121,18,592
13.687402,0.8268206,offspring,13.245,0.745229271208979,4,593
13.352704,0.9356398,offspring,14.294,1.58138546850539,18,594
13.58102,0.8439143,offspring,12.908,2.07756347676792,14,595
13.908701,0.7794486,offspring,13.858,0.947058604311264,4,596
13.120313,0.9159036,offspring,13.01,1.91790250012872,14,597
12.776578,0.9322358,offspring,13.675,1.26260313110124,18,598
13.2209425,0.9176388,offspring,13.365,1.40334125096737,22,599
13.76003,1.0735202,offspring,15.2425,0.718905417979305,22,600
13.60442,0.74842644,offspring,13.136,0.573959928914902,14,601
13.890619,0.82558703,offspring,13.73,1.93661216217049,24,602
13.353657,1.480133,offspring,12.79,0.981554888938973,22,603
13.325296,0.7753947,offspring,12.83,1.53639187709386,14,604
12.93482,0.8331536,offspring,15.3725,3.53531116027995,18,605
12.923994,0.9816524,offspring,13.916,0.750253290562594,18,606
13.436222,0.88406706,offspring,14.21,0.888819441731559,18,607
13.050802,0.677934,offspring,14.468,0.876281918106267,18,608
12.913428,0.83911455,offspring,12.6125,1.80655058052632,14,609
13.668607,0.74243647,offspring,13.828,0.666798320333817,4,610
14.327673,0.7372652,offspring,13.0566666666667,1.7425689847655,26,611
12.914502,0.7889183,offspring,13.5325,1.64781420878286,22,612
13.275413,0.89730763,offspring,11.3816666666667,2.27870504161172,14,613
14.474021,0.8843067,offspring,14.314,1.04471527221535,24,614
13.173414,0.754703,offspring,14.0883333333333,0.498293755396018,4,615
13.712411,1.1542089,offspring,13.45,1.999799989999,26,616
13.783208,0.9698224,offspring,11.614,1.87806549406564,14,617
13.55753,0.89933014,offspring,12.606,2.17700022967385,26,618
12.532422,0.72994417,offspring,12.47,0.870838676219655,18,619
13.368601,0.75008154,offspring,12.2716666666667,0.932703954460721,4,620
13.666315,0.8827901,offspring,16.44,2.18029050052204,24,621
13.40244,0.98584205,offspring,15.565,1.27693643799003,22,622
13.938281,0.8666352,offspring,14.792,2.21885556086916,26,623
12.868458,0.71117234,offspring,13.3733333333333,2.25330571975191,14,624
12.1544,0.94809383,offspring,12.542,1.20167383261849,18,625
12.411835,0.9783467,offspring,13.318,0.377783006499763,18,626
13.660861,1.2543964,offspring,12.878,1.49561692956452,24,627
14.008337,0.8008214,offspring,12.524,0.831161837429992,4,628
13.890755,0.8106856,offspring,15.2816666666667,2.08310745442156,24,629
13.482532,0.7315589,offspring,12.0925,1.35797336743644,14,630
13.618759,0.80269235,offspring,13.69,1.11451035586635,4,631
13.706209,0.9333965,offspring,14.188,1.08959625550017,26,632
13.617691,0.8331075,offspring,12.9916666666667,1.01820266482988,22,633
13.881371,0.7669425,offspring,15.012,0.820438906927262,4,634
13.168629,0.9951679,offspring,13.8725,2.22555423808692,22,635
13.07704,0.8746992,offspring,13.2983333333333,2.16991628102714,18,636
13.638396,0.8462045,offspring,14.4725,0.821477327745568,18,637
13.366252,0.6913152,offspring,13.15,1.28626073043791,22,638
13.192029,0.8813355,offspring,14.57,1.7026450011673,14,639
12.82396,0.81358284,offspring,12.2742857142857,0.430420613774369,14,640
13.441413,0.6625965,offspring,16.244,2.121798765199,14,641
13.290943,0.8964517,offspring,12.748,2.12868973784345,26,642
13.896292,0.9210894,offspring,14.7825,0.371696560830651,18,643
13.787879,0.52792776,offspring,15.9775,0.914708514591761,24,644
13.012526,0.8463434,offspring,12.67,2.78646011993712,14,645
13.647433,0.9167489,offspring,11.8025,0.856674772983696,14,646
14.185716,0.95406586,offspring,14.8925,1.74570663820319,24,647
13.523953,0.98632413,offspring,11.768,1.26537346265836,14,648
13.262409,0.84453046,offspring,14.1816666666667,0.837219604803104,22,649
13.937247,0.8180919,offspring,13.2725,1.30466790154941,24,650
14.5971365,1.0581437,offspring,14.49,1.48164323191066,24,651
12.462276,0.81354177,offspring,13.08,1.05482225990922,18,652
12.974697,0.9910758,offspring,11.235,0.94841973830156,14,653
14.071349,0.91907275,offspring,17.53,0.594362403476758,26,654
12.542558,0.76576465,offspring,12.065,1.77287055365021,18,655
13.763181,0.73498595,offspring,15.105,0.398706241068116,14,656
14.306262,0.73334545,offspring,16.4633333333333,0.928303111417098,4,657
12.778439,0.984542,offspring,15.355,1.91695070359151,18,658
13.79322,0.8640191,offspring,14.7,0.37841775856849,26,659
14.454513,1.0666332,offspring,14.4575,1.8997083109432,24,660
13.726627,0.8515473,offspring,15.135,1.60571168022158,26,661
13.740227,0.85503477,offspring,15.31,1.5014437496401,4,662
14.5681715,0.8661531,offspring,15.168,2.99587549808065,26,663
14.261508,0.9607354,offspring,15.53,0.643997929603297,26,664
13.386078,0.84538686,offspring,14.2766666666667,1.28725547839839,26,665
13.551056,0.9504331,offspring,15.8716666666667,1.24735587009749,26,666
13.7442465,0.8933185,offspring,16.2675,1.95961518331193,26,667
13.136754,0.88831,offspring,14.332,0.488947849979934,4,668
12.937131,1.0139757,offspring,13.4966666666667,0.863195613210972,18,669
12.74082,0.8831048,offspring,16.06,2.14180998223465,26,670
13.600307,0.912183,offspring,15.156,2.21718966261346,26,671
12.76641,0.86381036,offspring,13.444,0.564561776956252,18,672
13.126034,0.84565794,offspring,13.615,0.288963665535998,18,673
14.163942,0.97128946,offspring,15.225,0.344915448576411,26,674
12.771706,0.86962444,offspring,11.3471428571429,1.05200941513078,14,675
13.570779,0.95550466,offspring,13.272,2.62303640843965,14,676
12.45451,0.84527034,offspring,11.55,0.947470316157715,4,677
13.287043,0.86567396,offspring,14.4325,2.8940326535822,22,678
12.84346,0.915211,offspring,11.558,1.00010999395067,14,679
12.778375,0.835743,offspring,12.5425,0.595168043496961,14,680
13.460987,0.8994851,offspring,13.518,1.2203360192996,26,681
13.820763,0.8266307,offspring,14.306,0.373403267259407,4,682
13.998042,0.81660557,offspring,15.016,2.34283588840533,26,683
13.846402,0.7987391,offspring,13.16,1.26998687657261,14,684
13.727204,1.1598489,offspring,13.818,2.34936587188969,26,685
12.584955,0.7336264,offspring,13.9483333333333,0.773858298829099,14,686
13.788241,0.8510283,offspring,13.95,0.766341960224024,4,687
12.922201,0.87192917,offspring,12.7033333333333,1.18129872033566,14,688
14.173022,1.0520115,offspring,14.7625,1.52202441942741,26,689
13.055768,0.78981256,offspring,12.522,0.898648985978396,4,690
12.971224,0.8739156,offspring,12.538,0.879329289856764,14,691
13.017893,0.9457486,offspring,16.3475,2.26777975121042,26,692
12.254608,0.9368691,offspring,13.144,0.83257432100684,18,693
13.768603,0.9110615,offspring,14.6183333333333,1.51371617771188,26,694
13.798078,1.03117,offspring,15.605,0.812465383877984,22,695
13.6301775,0.7723167,offspring,14.7275,1.2374806395792,4,696
13.687729,0.7944646,offspring,17.066,1.19433244952986,26,697
13.832478,1.0418464,offspring,14.565,0.473743953347516,22,698
13.581621,0.7749719,offspring,12.7966666666667,1.65336827920057,4,699
13.246376,0.8545699,offspring,13.8616666666667,0.959550241866817,22,700
13.168504,0.9056224,offspring,12.968,1.25716745105813,4,701
13.53508,0.7412618,offspring,15.7533333333333,1.1140317170829,4,702
12.921821,0.9079829,offspring,12.355,1.09546032942016,14,703
13.689671,0.9194374,offspring,14.602,1.09853083707286,26,704
12.211099,0.8723743,offspring,13.716,1.11994642729016,14,705
13.365402,0.8099965,offspring,14.795,1.85886165882958,22,706
14.421685,1.035899,offspring,12.572,1.37937304598865,4,707
13.064939,0.93617797,offspring,12.02,0.75538069872085,14,708
13.586157,0.9415797,offspring,13.415,0.74844282792119,22,709
13.60242,0.7703689,offspring,15.775,1.99617133533171,24,710
12.550151,1.0789424,offspring,12.435,1.21299903819693,22,711
13.679897,0.78842187,offspring,13.4983333333333,0.910371718951477,14,712
13.533272,1.1068292,offspring,13.18,2.33772325137087,22,713
13.660436,0.8334911,offspring,14.5683333333333,1.50754657197271,4,714
13.529622,0.8099838,offspring,15.0233333333333,1.62782881982924,4,715
12.7693,0.73097223,offspring,12.6533333333333,1.49863493442088,14,716
14.038067,1.017699,offspring,13.8266666666667,1.71112438667289,26,717
14.069155,0.9877697,offspring,12.5833333333333,1.64396674743337,4,718
14.259496,0.8989566,offspring,14.148,0.491294209206663,4,719
13.864916,1.4605424,offspring,14.46,1.23543514601131,22,720
13.527288,0.9302643,offspring,14.8916666666667,0.758983969966868,22,721
13.004695,1.1034718,offspring,12.1483333333333,1.85947752518461,14,722
14.490342,0.7098902,offspring,15.608,1.46593656070104,4,723
12.753026,0.67498374,offspring,12.115,0.75914425506619,14,724
14.169736,0.8688556,offspring,13.5425,1.09365975818198,24,725
12.739843,0.744914,offspring,13.835,0.688016472671016,22,726
13.914781,0.840066,offspring,13.618,0.572118868767672,4,727
13.769694,0.85842055,offspring,15.274,1.20458706617662,18,728
14.369912,0.87873626,offspring,14.2025,1.10524130095348,24,729
13.145415,0.7399491,offspring,10.926,0.651291025579196,14,730
13.002663,0.85388756,offspring,12.2975,0.531311270976502,22,731
13.635572,0.8824946,offspring,14.9625,0.837431589245753,4,732
12.42798,0.9437375,offspring,12.8525,0.467787344848062,14,733
13.479391,0.7937161,offspring,14.646,0.704968084383967,4,734
13.578526,0.7719973,offspring,15.0183333333333,1.42346642625201,4,735
14.184637,0.74851716,offspring,16.315,1.30625418659616,26,736
13.262628,0.72112846,offspring,15.765,0.992152542035079,24,737
14.002629,1.024275,offspring,12.6,1.07231058933501,14,738
11.568702,0.8599593,offspring,12.378,1.40947507959524,14,739
13.623602,0.74151504,offspring,13.344,1.06690205736047,4,740
12.750024,1.147057,offspring,13.108,1.74192996414896,22,741
12.962527,0.9127136,offspring,12.59,0.950613836774253,18,742
13.8304,0.72923154,offspring,14.0225,1.74073499802047,22,743
12.86756,1.0330076,offspring,12.8333333333333,0.821867791476626,18,744
12.830318,0.8849595,offspring,12.336,1.6266622267699,18,745
12.607794,0.88245887,offspring,11.338,2.15691214471058,14,746
12.950474,0.6778333,offspring,12.9566666666667,0.705341524842162,14,747
13.433248,0.78374,offspring,14.8725,1.3600582095386,24,748
13.424736,0.87934417,offspring,14.296,1.31631303267878,26,749
14.319971,0.78359365,offspring,15.49,2.03570135334238,26,750
13.128892,1.1436486,offspring,12.7883333333333,0.702407763814344,22,751
13.151841,0.80592084,offspring,13.135,1.7068421133778,14,752
13.80747,0.780365,offspring,13.162,1.75679253186027,4,753
13.972774,0.9190252,offspring,13.694,2.3038077176709,22,754
13.118658,0.81378233,offspring,14.81,2.25883819694993,18,755
13.822686,1.1378461,offspring,16.31,0.298328677803526,24,756
13.833047,0.91470695,offspring,16.012,2.51066126747516,26,757
13.290083,0.9517397,offspring,12.594,0.947697209028284,14,758
14.032628,0.86251825,offspring,14.0933333333333,1.16651046573388,18,759
14.419108,0.6795569,offspring,15.7725,1.46525026303814,4,760
13.014967,0.85014224,offspring,13.472,0.973894244771987,14,761
13.478255,0.9618629,offspring,13.8825,2.79498807391612,26,762
14.052785,0.83584136,offspring,13.486,1.85879799870777,24,763
12.787041,0.95372754,offspring,14.0833333333333,2.08665921191427,14,764
13.600471,0.88371956,offspring,13.325,1.16640901916952,26,765
13.336578,0.71315956,offspring,13.235,2.06708329133911,4,766
12.86698,1.0139303,offspring,13.35,1.16766861737395,18,767
13.665318,0.6988487,offspring,14.1416666666667,1.40073433122297,4,768
13.676608,0.6387943,offspring,13.674,0.784780224011793,4,769
13.189184,0.728211,offspring,12.698,1.10416031444714,18,770
12.853701,0.77397317,offspring,14.156,0.944526336318898,22,771
12.721776,0.9132772,offspring,13.835,1.53763129520701,18,772
13.513387,0.59935796,offspring,13.102,1.56944894787948,14,773
13.573731,1.0068582,offspring,12.464,2.4612557770374,14,774
13.579043,0.7679065,offspring,14.3825,2.24961292966886,4,775
12.846025,0.76903504,offspring,14.166,1.1634130822713,18,776
13.817437,0.7364683,offspring,14.554,1.13983770774615,4,777
13.210262,0.83504415,offspring,13.48,2.07628273604536,18,778
13.242676,0.7485333,offspring,14.0716666666667,0.998346967074407,4,779
12.836767,0.6472938,offspring,13.1975,1.75513294843059,4,780
13.795544,0.6909567,offspring,13.035,3.27548978525859,4,781
13.3248415,0.939954,offspring,13.59,1.6647121873365,22,782
12.419882,0.79967487,offspring,12.325,0.924548538477023,18,783
12.41879,0.81003845,offspring,11.52,1.49556678219329,14,784
14.039225,1.126487,offspring,12.13,0.903410205831216,4,785
13.941296,0.9706197,offspring,14.61,1.03782464800177,4,786
12.650776,0.9262259,offspring,12.905,0.647585258222164,18,787
13.670045,0.8112165,offspring,15.42,1.72493478137581,26,788
14.666778,1.1837672,offspring,16.965,0.854185772144054,26,789
12.820398,0.96681285,offspring,14.095,0.558002389481145,18,790
13.256279,1.2634162,offspring,13.395,2.16772538236127,22,791
13.817924,0.7834679,offspring,14.0,1.71297402198632,26,792
12.8711815,0.90086275,offspring,11.502,1.97894416293133,14,793
13.582033,0.8524593,offspring,13.74,1.34158488363577,4,794
12.898554,0.85691327,offspring,12.8725,0.518933200582374,18,795
14.429362,0.7330018,offspring,16.692,1.16123641003889,26,796
13.284625,1.1718168,offspring,14.235,2.15390343330429,14,797
13.565674,1.0435882,offspring,14.8183333333333,0.938305209762083,14,798
13.250263,0.93531156,offspring,11.6116666666667,1.75375501899971,14,799
12.989954,0.6837487,offspring,12.535,1.04494018967594,4,800
13.729686,0.60116506,offspring,14.6283333333333,1.17016950339114,4,801
14.424091,0.9376614,offspring,15.4033333333333,1.99794561153868,24,802
13.881577,0.81999904,offspring,15.045,1.17450840780303,4,803
12.868091,0.82142484,offspring,12.898,1.25070779960789,18,804
12.813293,0.8214275,offspring,11.386,0.422587269093616,14,805
13.147067,0.82831764,offspring,13.5075,0.900606277274741,18,806
13.445561,0.69825554,offspring,13.395,0.92110440957219,4,807
13.814162,0.8572217,offspring,13.418,1.54902227227371,14,808
12.88078,0.86621857,offspring,11.098,0.565879845903704,14,809
13.372465,0.7791583,offspring,14.428,0.583840731706859,4,810
13.237965,0.7012923,offspring,12.6914285714286,1.9654128367973,14,811
13.480432,0.8696551,offspring,14.062,1.76295774197795,22,812
13.346225,0.98713124,offspring,14.1616666666667,1.11057492618313,18,813
13.526004,0.86145353,offspring,15.754,0.944155707497444,22,814
13.615449,0.8120922,offspring,13.286,0.368822450509727,22,815
13.055254,0.97875047,offspring,13.4666666666667,1.6520613386514,14,816
13.098336,1.0996888,offspring,12.0183333333333,1.08047057649279,18,817
13.965089,1.0125765,offspring,13.4166666666667,1.23498448033433,24,818
12.654258,0.69519544,offspring,11.69,1.01904366932924,14,819
13.368369,0.95684403,offspring,12.545,0.829957830254044,18,820
14.927467,1.3022215,offspring,15.1366666666667,0.833058621386674,22,821
14.0998955,1.0046332,offspring,14.625,1.54655531208338,24,822
13.593339,0.6442364,offspring,13.65,0.662985671036713,4,823
14.412798,0.88403136,offspring,14.53,1.32228337860435,26,824
14.119954,0.905409,offspring,14.506,1.25758896305589,26,825
12.467577,0.80744183,offspring,11.7433333333333,1.3630211541523,14,826
13.537219,1.2194248,offspring,14.556,2.04977559747403,22,827
13.743999,0.8572372,offspring,12.9933333333333,1.30849022413875,26,828
14.384196,0.78041875,offspring,17.748,1.52583419807003,24,829
12.743229,0.9372604,offspring,15.2375,1.7413859422885,4,830
12.939736,1.0586472,offspring,12.7925,0.666702082392628,18,831
13.001765,1.0851593,offspring,14.43,1.16001724125118,22,832
13.460507,0.67765534,offspring,12.465,0.993059246302388,4,833
13.621503,0.7073319,offspring,12.996,1.71400991829102,4,834
12.83459,0.69832826,offspring,13.47,1.08695292753029,18,835
13.099307,1.0275332,offspring,13.185,0.914421492894096,22,836
12.860893,0.83123326,offspring,13.442,1.77332174181675,18,837
13.473639,0.9219835,offspring,13.8925,0.953008394506575,26,838
12.776712,0.8455539,offspring,12.825,1.20029163122968,18,839
13.722728,0.81009763,offspring,14.144,1.6645359713746,24,840
13.1981325,0.8465881,offspring,13.125,0.529496616293879,18,841
13.870893,1.1622738,offspring,13.7725,1.31266586253573,22,842
14.005658,0.90115786,offspring,14.466,1.40361319458033,24,843
13.409588,0.90452164,offspring,13.365,0.914434251327016,22,844
13.835919,0.94389457,offspring,13.766,1.65081192144956,26,845
13.138116,0.7470463,offspring,13.12,1.34005970016265,4,846
13.701537,0.70500743,offspring,12.808,0.970680173898694,4,847
14.004046,1.040022,offspring,13.85,2.49035472707538,22,848
13.248133,1.205003,offspring,13.9633333333333,1.72841738786286,22,849
13.729532,1.0369623,offspring,13.695,1.00536892067871,24,850
14.232395,1.0720295,offspring,16.06,0.586344608570762,4,851
13.818046,0.92424923,offspring,15.386,3.69102695736566,24,852
12.944372,1.0817317,offspring,12.796,1.72539270892165,14,853
14.036129,0.83088565,offspring,14.35,1.62749807987598,26,854
12.9339905,0.8691754,offspring,12.385,0.781914317556598,14,855
12.864164,0.99479187,offspring,12.2716666666667,1.59197257095299,14,856
12.907045,0.9551089,offspring,11.022,0.83424816451701,14,857
13.854261,1.107162,offspring,15.07,1.43956590679274,22,858
13.983426,0.9141177,offspring,15.43,1.35097002187317,26,859
12.656243,0.8641431,offspring,11.834,0.966322927390217,18,860
13.212415,1.0025676,offspring,13.9325,1.62936337260907,26,861
13.463151,0.75469,offspring,14.21,0.625267942565425,4,862
13.4083,0.8310336,offspring,12.9825,1.64250570775264,14,863
