,kl_scale,elbo_rec,elbo_reg,reg_loss,epoch,cat_acc,reconstruction_loss,mean_deviation,sd_deviation,kl_loss_enc,kl_loss_p,pop_shared_genos,trait_diff,p_reconstruction_loss,0_acc,1_acc,2_acc,3_acc,4_acc,5_acc,6_acc,7_acc,8_acc,9_acc,10_acc,val_kl_scale,val_elbo_rec,val_elbo_reg,val_reg_loss,val_epoch,val_cat_acc,val_reconstruction_loss,val_mean_deviation,val_sd_deviation,val_kl_loss_enc,val_kl_loss_p,val_pop_shared_genos,val_trait_diff,val_p_reconstruction_loss,val_0_acc,val_1_acc,val_2_acc,val_3_acc,val_4_acc,val_5_acc,val_6_acc,val_7_acc,val_8_acc,val_9_acc,val_10_acc,loss
0,0.0,5e-324,5e-324,11.0,10.0,1.0,10.0,4.73573283613927e-310,4.7357332564847e-310,6.12471283043065e-310,1.15591099915e-313,6.12471283043144e-310,6.12471283043144e-310,6.12471283043144e-310,6.12471283043144e-310,6.12471283043144e-310,6.12471283043144e-310,6.12471283043144e-310,6.12471283043144e-310,6.12471283043144e-310,1.15591561006e-313,1.15591586016e-313,1.15591586016e-313,1.1559109986e-313,1.15591541595e-313,1.15591541343e-313,1.1559159473e-313,1.1559159889e-313,1.1559152453e-313,1.1559155737e-313,1.1559167625e-313,1.1559112299e-313,1.155915569e-313,1.15591558916e-313,1.1559110313e-313,1.15591576224e-313,1.15591521155e-313,1.15591675714e-313,1.15591595937e-313,1.1559158597e-313,1.15591596164e-313,1.15591103136e-313,1.15591647013e-313,1.1559154159e-313,1.1559160884e-313,1.15591541145e-313,1.1559093623e-313,1.15591608847e-313,1.1559158111e-313,6.12471283043144e-310,"<reg_vae name=reg_vae, built=True>"
1,1.0,0.44166073203086853,42.723079681396484,42.723079681396484,0.0,0.8373445868492126,0.44166073203086853,7.806236743927002,77.63990020751953,80.99352264404297,81.01828002929688,,,0.8027659058570862,0.12274903804063797,0.8862545490264893,0.06531494110822678,0.05625695362687111,0.10641735792160034,0.882136344909668,0.045202020555734634,0.06600149720907211,0.8791518211364746,0.07323750853538513,0.8871575593948364,1.0,0.7984021306037903,25.10488510131836,25.10488510131836,0.0,0.6397310495376587,0.43089303374290466,7.8292412757873535,42.38053512573242,0.0,0.0,,,0.7984021306037903,0.03457150608301163,0.6896875500679016,0.0029397355392575264,0.002951158443465829,0.052123550325632095,0.682274341583252,0.0003518648736644536,0.0072533185593783855,0.6695860624313354,0.0030659171752631664,0.6688500046730042,"<reg_vae name=reg_vae, built=True>"
2,1.010007381439209,0.44170814752578735,41.664825439453125,41.664825439453125,1.0,0.8374550342559814,0.44170814752578735,7.9031195640563965,75.42657470703125,81.19331359863281,81.22254180908203,,,0.7975162863731384,0.12060555815696716,0.886282205581665,0.06388287991285324,0.05927610397338867,0.10133887082338333,0.8819686770439148,0.04028286412358284,0.06507988274097443,0.8797801733016968,0.07502569258213043,0.8874859809875488,1.0,0.8054391741752625,23.411602020263672,23.411602020263672,1.0,0.6370082497596741,0.4329948127269745,7.175215721130371,39.647987365722656,0.0,0.0,,,0.8054391741752625,0.035474542528390884,0.6924094557762146,0.0019636719953268766,0.0013297871919348836,0.04961340129375458,0.6722971200942993,0.0,0.004248321056365967,0.6660664677619934,0.0010230179177597165,0.6690922975540161,"<reg_vae name=reg_vae, built=True>"
3,1.0200103521347046,0.4427005350589752,42.63689041137695,42.63689041137695,2.0,0.837002158164978,0.4427005350589752,7.929686069488525,77.3440933227539,79.87300109863281,79.90357971191406,,,0.7996346354484558,0.12143637984991074,0.8855492472648621,0.059674203395843506,0.053927257657051086,0.09903047233819962,0.8819395303726196,0.03949028626084328,0.06325498968362808,0.8792582154273987,0.06824012100696564,0.8870376348495483,1.0,0.7965929508209229,23.26836585998535,23.26836585998535,2.0,0.6416177153587341,0.4395948648452759,7.220762252807617,39.31599044799805,0.0,0.0,,,0.7965929508209229,0.03544538840651512,0.6950453519821167,0.000979911768808961,0.001623376621864736,0.05086928606033325,0.6802775263786316,0.0003517411241773516,0.005611825734376907,0.6708378195762634,0.0015329585876315832,0.6729487776756287,"<reg_vae name=reg_vae, built=True>"
4,1.0300178527832031,0.4427185356616974,42.7516975402832,42.7516975402832,3.0,0.8366477489471436,0.4427185356616974,7.804368495941162,77.69905090332031,79.54907989501953,79.56585693359375,,,0.8012914657592773,0.12264008820056915,0.8857277035713196,0.0633416473865509,0.058772310614585876,0.10018467158079147,0.8810042142868042,0.04316002130508423,0.06642308086156845,0.878731369972229,0.06639288365840912,0.886380136013031,1.0,0.7931078672409058,23.704349517822266,23.704349517822266,3.0,0.6410384178161621,0.434243768453598,7.799124717712402,39.60954666137695,0.0,0.0,,,0.7931078672409058,0.032135654240846634,0.6938425302505493,0.003923492040485144,0.0013311640359461308,0.04829362407326698,0.6729849576950073,0.0,0.004520548041909933,0.6739739775657654,0.002048131078481674,0.6769807934761047,"<reg_vae name=reg_vae, built=True>"
5,1.0400029420852661,0.44304442405700684,43.49808120727539,43.49808120727539,4.0,0.8364484906196594,0.44304442405700684,7.856288909912109,79.13993072509766,78.59199523925781,78.62300109863281,,,0.798876941204071,0.12194796651601791,0.8848766684532166,0.06331007182598114,0.056259673088788986,0.09946919232606888,0.8810742497444153,0.04063091427087784,0.06467778235673904,0.8785680532455444,0.07423879206180573,0.8866270184516907,1.0,0.7912846803665161,24.178714752197266,24.178714752197266,4.0,0.6372889280319214,0.43926313519477844,7.428258895874023,40.92918395996094,0.0,0.0,,,0.7912846803665161,0.03609629347920418,0.6927561163902283,0.004904364701360464,0.000886262918356806,0.039253540337085724,0.6746709942817688,0.0,0.005342465825378895,0.6640815734863281,0.002046035835519433,0.6692888736724854,"<reg_vae name=reg_vae, built=True>"
6,1.0500065088272095,0.4427976608276367,42.359092712402344,42.359092712402344,5.0,0.8368578553199768,0.4427976608276367,7.921266078948975,76.79683685302734,78.39366912841797,78.4153060913086,,,0.8072881698608398,0.12454807758331299,0.885485053062439,0.06580258905887604,0.05924743786454201,0.10108470171689987,0.8812758922576904,0.04353312402963638,0.062005337327718735,0.879082977771759,0.0713186264038086,0.8866408467292786,1.0,0.8064279556274414,23.670339584350586,23.670339584350586,5.0,0.639249324798584,0.44115182757377625,8.167755126953125,39.17292022705078,0.0,0.0,,,0.8064279556274414,0.03726708143949509,0.6941919922828674,0.0029411765281111,0.002508484525606036,0.05541237071156502,0.6772533059120178,0.0,0.005610289983451366,0.6639633774757385,0.0015329585876315832,0.67347651720047,"<reg_vae name=reg_vae, built=True>"
7,1.0600141286849976,0.4438419044017792,42.83290100097656,42.83290100097656,6.0,0.8361111283302307,0.4438419044017792,7.995049476623535,77.67073822021484,77.66778564453125,77.69973754882812,,,0.7981977462768555,0.12149923294782639,0.8853210210800171,0.06551380455493927,0.052048563957214355,0.09485345333814621,0.8807836771011353,0.041282664984464645,0.05987350642681122,0.8780377507209778,0.061954475939273834,0.885991096496582,1.0,0.804269015789032,25.47022247314453,25.47022247314453,6.0,0.6386186480522156,0.43993669748306274,7.671682834625244,43.26875686645508,0.0,0.0,,,0.804269015789032,0.03549918904900551,0.6949926018714905,0.003436426166445017,0.001772525836713612,0.04961340129375458,0.679696798324585,0.00035211266367696226,0.004519928712397814,0.6627993583679199,0.002046035835519433,0.6686403751373291,"<reg_vae name=reg_vae, built=True>"
8,1.069989800453186,0.4447714388370514,43.20853042602539,43.20853042602539,7.0,0.8359347581863403,0.4447714388370514,7.938600063323975,78.478515625,76.76226043701172,76.78639221191406,,,0.8011881709098816,0.12401730567216873,0.8847543597221375,0.06036920100450516,0.05742344260215759,0.10341643542051315,0.8803207874298096,0.041040536016225815,0.06281913071870804,0.8782021999359131,0.07080554217100143,0.8854337334632874,1.0,0.8053809404373169,48.861934661865234,48.861934661865234,7.0,0.6375028491020203,0.43641823530197144,7.961244583129883,89.7625961303711,0.0,0.0,,,0.8053809404373169,0.03580237179994583,0.691859245300293,0.0019636719953268766,0.0002954646188300103,0.04448742792010307,0.6766781806945801,0.00035223670420236886,0.004930831491947174,0.6608250737190247,0.0015360983088612556,0.67240309715271,"<reg_vae name=reg_vae, built=True>"
9,1.0799915790557861,0.44442540407180786,41.685035705566406,41.685035705566406,8.0,0.8354092836380005,0.44442540407180786,7.864003658294678,75.50601959228516,76.7718276977539,76.7970962524414,,,0.8011329770088196,0.12266053259372711,0.8840925097465515,0.058491192758083344,0.056100983172655106,0.0994921550154686,0.880214512348175,0.045179203152656555,0.06463397294282913,0.8773585557937622,0.07389668375253677,0.8849674463272095,1.0,0.7893221378326416,24.71131706237793,24.71131706237793,8.0,0.6397607326507568,0.4467945694923401,8.015417098999023,41.40718460083008,0.0,0.0,,,0.7893221378326416,0.034045711159706116,0.694567859172821,0.003921568859368563,0.0011808117851614952,0.05415860563516617,0.6780663132667542,0.0,0.005612594075500965,0.6664494276046753,0.0010219723917543888,0.6724720597267151,"<reg_vae name=reg_vae, built=True>"
10,1.089998483657837,0.4450072646141052,44.66170120239258,44.66170120239258,9.0,0.8354479074478149,0.4450072646141052,7.883345603942871,81.44001007080078,75.74537658691406,75.77159118652344,,,0.8007225394248962,0.12182556092739105,0.8847311735153198,0.06148222088813782,0.05716220289468765,0.10159316658973694,0.8796198964118958,0.0444164052605629,0.06334566324949265,0.8774642944335938,0.0732249766588211,0.885210394859314,1.0,0.7894272208213806,31.696687698364258,31.696687698364258,9.0,0.6410439014434814,0.43426886200904846,9.185596466064453,54.207763671875,0.0,0.0,,,0.7894272208213806,0.03644229844212532,0.6973262429237366,0.0004914004821330309,0.0014788523549214005,0.05029013380408287,0.6766197681427002,0.0,0.005072662606835365,0.6692587733268738,0.0020565553568303585,0.6735661625862122,"<reg_vae name=reg_vae, built=True>"
11,1.0999857187271118,0.4457508325576782,43.10107421875,43.10107421875,10.0,0.8351702094078064,0.4457508325576782,7.9120659828186035,78.2900390625,75.21670532226562,75.23946380615234,,,0.7992256879806519,0.12261871248483658,0.8836003541946411,0.062229618430137634,0.05834824964404106,0.10987996309995651,0.8791549205780029,0.0448572151362896,0.06308247148990631,0.8777446746826172,0.0722726508975029,0.8850145936012268,1.0,0.788469672203064,23.80696678161621,23.80696678161621,10.0,0.6429022550582886,0.44343870878219604,8.341193199157715,39.27273178100586,0.0,0.0,,,0.788469672203064,0.03437608480453491,0.7037059664726257,0.0034381139557808638,0.001476668636314571,0.04247104376554489,0.6785814762115479,0.00035211266367696226,0.006437474396079779,0.6675585508346558,0.0005117707187309861,0.6749532222747803,"<reg_vae name=reg_vae, built=True>"
12,1.1099879741668701,0.44658225774765015,43.6274528503418,43.6274528503418,11.0,0.8349640965461731,0.44658225774765015,7.939047336578369,79.31578063964844,74.65860748291016,74.6834716796875,,,0.797208845615387,0.12323374301195145,0.883580207824707,0.06685514748096466,0.05679454281926155,0.10436388850212097,0.8794932961463928,0.04128788039088249,0.061788540333509445,0.8766109347343445,0.07013342529535294,0.8849611878395081,1.0,0.8077537417411804,23.65280532836914,23.65280532836914,11.0,0.63722825050354,0.4414786696434021,7.286854267120361,40.01874542236328,0.0,0.0,,,0.8077537417411804,0.03447635844349861,0.6885949969291687,0.003919647075235844,0.0010332103120163083,0.04633204638957977,0.6737261414527893,0.0,0.003832466434687376,0.6689464449882507,0.0,0.6695328950881958,"<reg_vae name=reg_vae, built=True>"
13,1.1199957132339478,0.446256548166275,44.82942199707031,44.82942199707031,12.0,0.8342849612236023,0.446256548166275,7.93836784362793,81.72047424316406,74.20354461669922,74.2207260131836,,,0.7996735572814941,0.12213408201932907,0.8826189041137695,0.06832917779684067,0.06081865727901459,0.1041329950094223,0.8789571523666382,0.043791014701128006,0.0631820559501648,0.8761672377586365,0.0730413943529129,0.8839815855026245,1.0,0.7995366454124451,29.676477432250977,29.676477432250977,12.0,0.6383866667747498,0.4432700574398041,7.411531448364258,51.941410064697266,0.0,0.0,,,0.7995366454124451,0.03653973713517189,0.6884540915489197,0.0024545900523662567,0.0017735738074406981,0.04510309174656868,0.6820639371871948,0.0,0.005753424484282732,0.6635357737541199,0.0015376729425042868,0.6704462766647339,"<reg_vae name=reg_vae, built=True>"
14,1.1300042867660522,0.44725534319877625,43.55710983276367,43.55710983276367,13.0,0.8343216776847839,0.44725534319877625,7.971103191375732,79.1430892944336,73.81194305419922,73.83323669433594,,,0.8018018007278442,0.12091337889432907,0.8829243183135986,0.062479227781295776,0.059668295085430145,0.10244578123092651,0.8789083957672119,0.04012111946940422,0.061987921595573425,0.8762271404266357,0.07081765681505203,0.884292721748352,1.0,0.7939509749412537,23.569568634033203,23.569568634033203,13.0,0.6398495435714722,0.4466491639614105,7.5971293449401855,39.54201126098633,0.0,0.0,,,0.7939509749412537,0.03552680462598801,0.6971040368080139,0.0019636719953268766,0.001624095719307661,0.047005794942379,0.6755659580230713,0.0007044734084047377,0.0041090259328484535,0.6640406250953674,0.003576903371140361,0.6755622625350952,"<reg_vae name=reg_vae, built=True>"
15,1.1400120258331299,0.44797590374946594,42.81298828125,42.81298828125,14.0,0.8341716527938843,0.44797590374946594,7.818262100219727,77.8077621459961,73.0731201171875,73.09040069580078,,,0.8010624051094055,0.12234944850206375,0.8828862309455872,0.061679136008024216,0.05500991642475128,0.10066959261894226,0.8780549764633179,0.0448119156062603,0.06439979374408722,0.8763691186904907,0.06401917338371277,0.884273886680603,1.0,0.7911888360977173,24.468175888061523,24.468175888061523,14.0,0.6401900053024292,0.44327372312545776,7.916478157043457,41.01988983154297,0.0,0.0,,,0.7911888360977173,0.03543296828866005,0.6912702918052673,0.004411764908581972,0.0010329054202884436,0.05086928606033325,0.6803383827209473,0.0,0.006841817405074835,0.6677923798561096,0.0,0.6734244227409363,"<reg_vae name=reg_vae, built=True>"
16,1.1500147581100464,0.4490463435649872,42.88813781738281,42.88813781738281,15.0,0.8330227732658386,0.4490463435649872,7.883333683013916,77.89299774169922,72.66590881347656,72.68317413330078,,,0.8008174300193787,0.12031197547912598,0.8819673657417297,0.06151288375258446,0.053194060921669006,0.09623817354440689,0.8776783347129822,0.04303925111889839,0.06453123688697815,0.8748944997787476,0.06586826592683792,0.8825156688690186,1.0,0.7819266319274902,24.232707977294922,24.232707977294922,15.0,0.6446114778518677,0.44013670086860657,7.729628086090088,40.73577880859375,0.0,0.0,,,0.7819266319274902,0.03481239452958107,0.697976291179657,0.005397448316216469,0.0011827320558950305,0.044012945145368576,0.6805036664009094,0.0,0.004662004765123129,0.673983097076416,0.0015384615398943424,0.6796287298202515,"<reg_vae name=reg_vae, built=True>"
17,1.160003423690796,0.4499705135822296,45.028682708740234,45.028682708740234,16.0,0.8331348896026611,0.4499705135822296,7.944303512573242,82.11312866210938,72.31371307373047,72.3441162109375,,,0.7969447374343872,0.12212303280830383,0.8816742897033691,0.06730929017066956,0.05759744718670845,0.09976905584335327,0.8775858879089355,0.0446687713265419,0.06243559718132019,0.8748711347579956,0.07117193937301636,0.8829181790351868,1.0,0.8024645447731018,24.68575096130371,24.68575096130371,16.0,0.6376891732215881,0.4420119524002075,8.088421821594238,41.283077239990234,0.0,0.0,,,0.8024645447731018,0.037765391170978546,0.6925632357597351,0.0009813542710617185,0.0010344318579882383,0.052123550325632095,0.6684473752975464,0.0007042253273539245,0.0058879912830889225,0.6658737063407898,0.0005115089588798583,0.6761703491210938,"<reg_vae name=reg_vae, built=True>"
18,1.1700111627578735,0.4501384198665619,44.47669219970703,44.47669219970703,17.0,0.832244873046875,0.4501384198665619,7.836696147918701,81.11654663085938,71.5640640258789,71.57795715332031,,,0.7989037036895752,0.12134753912687302,0.8811450600624084,0.06266622245311737,0.051702458411455154,0.09460083395242691,0.8763636350631714,0.04127224534749985,0.06284242868423462,0.8740411400794983,0.0663701668381691,0.8822001814842224,1.0,0.7803407907485962,23.919336318969727,23.919336318969727,17.0,0.6401559710502625,0.44661134481430054,7.570522308349609,40.26816177368164,0.0,0.0,,,0.7803407907485962,0.03041592426598072,0.6969239711761475,0.002452182350680232,0.0014757969183847308,0.03348357975482941,0.6738536357879639,0.0,0.003968797158449888,0.669118344783783,0.000511247431859374,0.6743239164352417,"<reg_vae name=reg_vae, built=True>"
19,1.1800143718719482,0.44920191168785095,44.70351028442383,44.70351028442383,18.0,0.8323418498039246,0.44920191168785095,7.894283771514893,81.51262664794922,70.91122436523438,70.93186950683594,,,0.7971231341362,0.12206998467445374,0.8812882304191589,0.06732048094272614,0.05701287463307381,0.10274763405323029,0.8760372996330261,0.03810244798660278,0.06404310464859009,0.8743494749069214,0.06659818440675735,0.8821041584014893,1.0,0.787542462348938,25.03788948059082,25.03788948059082,18.0,0.6385482549667358,0.4452684223651886,7.39375638961792,42.682003021240234,0.0,0.0,,,0.787542462348938,0.0369977168738842,0.6896880269050598,0.0024557956494390965,0.000443131459178403,0.04375804215669632,0.677226185798645,0.0,0.004926782567054033,0.6668119430541992,0.0035787320230156183,0.6720271706581116,"<reg_vae name=reg_vae, built=True>"
20,1.1899809837341309,0.45036622881889343,44.55345153808594,44.55345153808594,19.0,0.8324371576309204,0.45036622881889343,7.890134334564209,81.21666717529297,70.32518005371094,70.3382797241211,,,0.798757791519165,0.12167911976575851,0.8809136748313904,0.06498254835605621,0.05803830549120903,0.10593122243881226,0.8766670227050781,0.04369238391518593,0.06778787821531296,0.8741033673286438,0.07517123222351074,0.8822647333145142,1.0,0.7904607057571411,25.04657554626465,25.04657554626465,19.0,0.6420814394950867,0.4474289119243622,7.855966567993164,42.2371940612793,0.0,0.0,,,0.7904607057571411,0.03374900668859482,0.6965991258621216,0.002452182350680232,0.0011818584753200412,0.04443013668060303,0.6803387999534607,0.0,0.004519309848546982,0.6685594916343689,0.0,0.676043689250946,"<reg_vae name=reg_vae, built=True>"
21,1.1999882459640503,0.45045074820518494,43.72917938232422,43.72917938232422,20.0,0.8322572112083435,0.45045074820518494,7.950245380401611,79.5080795288086,69.78996276855469,69.81814575195312,,,0.8013116717338562,0.12211848795413971,0.881070613861084,0.06563642621040344,0.052422866225242615,0.09831525385379791,0.8769513964653015,0.04013631120324135,0.06156943365931511,0.8736660480499268,0.07097657024860382,0.8818855881690979,1.0,0.7784689664840698,28.460378646850586,28.460378646850586,20.0,0.6405102014541626,0.4469718337059021,8.25589656829834,48.66486358642578,0.0,0.0,,,0.7784689664840698,0.032255496829748154,0.6966244578361511,0.005392157007008791,0.00044286978663876653,0.04185447469353676,0.6727989315986633,0.0003519887395668775,0.004656896460801363,0.670306921005249,0.0015337422955781221,0.6760768294334412,"<reg_vae name=reg_vae, built=True>"
22,1.2099920511245728,0.45104485750198364,43.34746551513672,43.34746551513672,21.0,0.8319814205169678,0.45104485750198364,7.9971137046813965,78.69775390625,69.3025131225586,69.32354736328125,,,0.7998195290565491,0.1211184561252594,0.8802806735038757,0.05933189392089844,0.0556146614253521,0.09946919232606888,0.8762111663818359,0.03721927851438522,0.060723815113306046,0.8742159008979797,0.06844627112150192,0.8819068074226379,1.0,0.787571370601654,25.567859649658203,25.567859649658203,21.0,0.6405941843986511,0.4494147002696991,7.840134143829346,43.29560852050781,0.0,0.0,,,0.787571370601654,0.03534187749028206,0.6943681836128235,0.005899704992771149,0.0017738359747454524,0.04577691853046417,0.6757089495658875,0.00035211266367696226,0.0065780458971858025,0.6695303916931152,0.0010235414374619722,0.6754655241966248,"<reg_vae name=reg_vae, built=True>"
23,1.2199803590774536,0.4507746696472168,43.030799865722656,43.030799865722656,22.0,0.8323081731796265,0.4507746696472168,8.149282455444336,77.91226196289062,68.70879364013672,68.72626495361328,,,0.8006613850593567,0.12179868668317795,0.8808432817459106,0.06267663836479187,0.05669504776597023,0.09561201184988022,0.8763373494148254,0.04455383121967316,0.06388459354639053,0.8741506338119507,0.07117193937301636,0.8823314309120178,1.0,0.7923056483268738,23.28177261352539,23.28177261352539,22.0,0.6399712562561035,0.44729456305503845,7.42508602142334,39.13846969604492,0.0,0.0,,,0.7923056483268738,0.036110375076532364,0.6969225406646729,0.004899559076875448,0.0025103366933763027,0.04639175161719322,0.6796640753746033,0.0010574550833553076,0.005340271163731813,0.6644872426986694,0.0015337422955781221,0.6708711981773376,"<reg_vae name=reg_vae, built=True>"
24,1.2299880981445312,0.45272335410118103,45.18894958496094,45.18894958496094,23.0,0.8315607905387878,0.45272335410118103,7.981653690338135,82.39615631103516,68.00721740722656,68.01874542236328,,,0.7992293834686279,0.1231810674071312,0.879577100276947,0.05951787158846855,0.05583510920405388,0.09602954983711243,0.8756727576255798,0.04292387142777443,0.06225115805864334,0.8735501766204834,0.07153858989477158,0.8815212249755859,1.0,0.7885860204696655,29.46013069152832,29.46013069152832,23.0,0.6395558714866638,0.44963550567626953,7.4013543128967285,51.518898010253906,0.0,0.0,,,0.7885860204696655,0.03634869307279587,0.6978229284286499,0.00881920661777258,0.0005902316770516336,0.050193049013614655,0.6768226027488708,0.0003518648736644536,0.004105652216821909,0.6608633995056152,0.0015329585876315832,0.6753438711166382,"<reg_vae name=reg_vae, built=True>"
25,1.2399921417236328,0.45342302322387695,43.025413513183594,43.025413513183594,24.0,0.8308345079421997,0.45342302322387695,8.047157287597656,78.00373077392578,68.38690185546875,68.40054321289062,,,0.799355149269104,0.11894018948078156,0.8795825839042664,0.061679136008024216,0.050343360751867294,0.1003691703081131,0.8749599456787109,0.040378548204898834,0.05707997828722,0.8729987144470215,0.06842285394668579,0.8807851076126099,1.0,0.7931838631629944,23.406164169311523,23.406164169311523,24.0,0.6400476098060608,0.45447802543640137,7.54684591293335,39.2654914855957,0.0,0.0,,,0.7931838631629944,0.03349332883954048,0.6959612369537354,0.003921568859368563,0.001624575350433588,0.043142303824424744,0.6770977973937988,0.0,0.0060249213129282,0.6653182506561279,0.0005120327696204185,0.674751341342926,"<reg_vae name=reg_vae, built=True>"
26,1.25,0.4540969431400299,43.913475036621094,43.913475036621094,25.0,0.8306532502174377,0.4540969431400299,8.05892276763916,79.76799011230469,67.51827239990234,67.53557586669922,,,0.7969810962677002,0.12042531371116638,0.8788358569145203,0.06164838746190071,0.05403967201709747,0.09669974446296692,0.8751204013824463,0.0405200719833374,0.06315296143293381,0.8725659847259521,0.07186858355998993,0.8803893327713013,1.0,0.7857789397239685,25.215909957885742,25.215909957885742,25.0,0.6414240002632141,0.4507353603839874,7.503661155700684,42.92811965942383,0.0,0.0,,,0.7857789397239685,0.03651260957121849,0.7019295692443848,0.00147058826405555,0.0008856088388711214,0.04507404938340187,0.680881679058075,0.0003517411241773516,0.0036966046318411827,0.661721408367157,0.0025562371592968702,0.6740461587905884,"<reg_vae name=reg_vae, built=True>"
27,1.2600078582763672,0.45454326272010803,44.153663635253906,44.153663635253906,26.0,0.829805850982666,0.45454326272010803,8.004353523254395,80.30307006835938,67.48233032226562,67.5002212524414,,,0.7974728941917419,0.11871813237667084,0.8784692287445068,0.05585106462240219,0.05155237391591072,0.09693053364753723,0.8740742206573486,0.036593060940504074,0.062034741044044495,0.8715416789054871,0.0650017112493515,0.8798521757125854,1.0,0.7888088226318359,25.47039031982422,25.47039031982422,26.0,0.6381397247314453,0.45275765657424927,7.41202974319458,43.52873992919922,0.0,0.0,,,0.7888088226318359,0.03285949304699898,0.6930766701698303,0.000979911768808961,0.0013288055779412389,0.03992272913455963,0.6752656102180481,0.0,0.005201916676014662,0.6660515666007996,0.0015345268184319139,0.6706518530845642,"<reg_vae name=reg_vae, built=True>"
28,1.2700120210647583,0.4536153972148895,44.22723388671875,44.22723388671875,27.0,0.8300676345825195,0.4536153972148895,7.994816780090332,80.45954132080078,66.55998229980469,66.5703125,,,0.7985745668411255,0.12034618109464645,0.8785440325737,0.06399600952863693,0.05621945858001709,0.10618651658296585,0.8743018507957458,0.044576335698366165,0.06557684391736984,0.8715312480926514,0.07563313096761703,0.8797776699066162,1.0,0.7801550030708313,23.701801300048828,23.701801300048828,27.0,0.6413007378578186,0.45257362723350525,7.793889999389648,39.609710693359375,0.0,0.0,,,0.7801550030708313,0.033364273607730865,0.7009332180023193,0.0034313725773245096,0.0005903187557123601,0.04633204638957977,0.6782069802284241,0.0010552234016358852,0.004105652216821909,0.6633532047271729,0.002554930979385972,0.6762962937355042,"<reg_vae name=reg_vae, built=True>"
29,1.2800201177597046,0.45633551478385925,44.285343170166016,44.285343170166016,28.0,0.8292351365089417,0.45633551478385925,8.018301963806152,80.55232238769531,66.32488250732422,66.3463134765625,,,0.7993783354759216,0.12090060114860535,0.877967357635498,0.0585203655064106,0.05167408660054207,0.09815242141485214,0.873249888420105,0.036868687719106674,0.06281324476003647,0.8706348538398743,0.06810403615236282,0.8791770339012146,1.0,0.7997344136238098,23.925321578979492,23.925321578979492,28.0,0.637244462966919,0.4553390443325043,8.049208641052246,39.801414489746094,0.0,0.0,,,0.7997344136238098,0.03378951922059059,0.6910392642021179,0.002945508109405637,0.0014768866822123528,0.05029013380408287,0.678260087966919,0.00035236080293543637,0.003834565868601203,0.6651349663734436,0.002048131078481674,0.6659752726554871,"<reg_vae name=reg_vae, built=True>"
30,1.29000985622406,0.45444750785827637,43.80490493774414,43.80490493774414,29.0,0.8300580978393555,0.45444750785827637,8.115031242370605,79.4947738647461,65.30415344238281,65.31794738769531,,,0.7978517413139343,0.11786710470914841,0.8787308931350708,0.06499335169792175,0.05588889867067337,0.1033925712108612,0.8744491338729858,0.04315457493066788,0.06290103495121002,0.8719364404678345,0.07463197410106659,0.8795002102851868,1.0,0.7844296097755432,24.759864807128906,24.759864807128906,29.0,0.6392425298690796,0.4538586437702179,8.325295448303223,41.19447326660156,0.0,0.0,,,0.7844296097755432,0.03530754894018173,0.6916879415512085,0.003921568859368563,0.0014757969183847308,0.045045044273138046,0.6723893284797668,0.0003517411241773516,0.004380561411380768,0.6708596348762512,0.0035787320230156183,0.6746382713317871,"<reg_vae name=reg_vae, built=True>"
31,1.300014615058899,0.45542365312576294,44.39750671386719,44.39750671386719,30.0,0.8293713331222534,0.45542365312576294,7.863720417022705,80.93124389648438,64.91449737548828,64.92525482177734,,,0.8016266226768494,0.12103766947984695,0.8774242401123047,0.06166888400912285,0.054016150534152985,0.0930071547627449,0.873387336730957,0.04544880613684654,0.06457503885030746,0.8710744976997375,0.07461920380592346,0.8794301152229309,1.0,0.8031973838806152,37.43864822387695,37.43864822387695,30.0,0.6381003856658936,0.46013009548187256,10.667257308959961,64.2100601196289,0.0,0.0,,,0.8031973838806152,0.037176795303821564,0.6921688318252563,0.006388206500560045,0.001183957327157259,0.04131697863340378,0.6704481840133667,0.0,0.004801756236702204,0.665621280670166,0.0020491802133619785,0.6762693524360657,"<reg_vae name=reg_vae, built=True>"
32,1.3100227117538452,0.4563157558441162,45.063961029052734,45.063961029052734,31.0,0.8293187618255615,0.4563157558441162,8.017695426940918,82.1102523803711,64.3609848022461,64.37751007080078,,,0.7973567247390747,0.12085451185703278,0.8775938153266907,0.06118038296699524,0.051649097353219986,0.10013844072818756,0.8735649585723877,0.03824791684746742,0.06321704387664795,0.8711048364639282,0.07065868377685547,0.8789912462234497,1.0,0.7837746739387512,24.043643951416016,24.043643951416016,31.0,0.6414709091186523,0.45799118280410767,7.46683931350708,40.62043380737305,0.0,0.0,,,0.7837746739387512,0.032617341727018356,0.6991395354270935,0.005891016218811274,0.00191966921556741,0.04703608155250549,0.6773458123207092,0.0007037297473289073,0.006159320939332247,0.6658112406730652,0.001022494863718748,0.6772304177284241,"<reg_vae name=reg_vae, built=True>"
33,1.319981575012207,0.45618677139282227,44.133365631103516,44.133365631103516,32.0,0.8294962048530579,0.45618677139282227,7.9724931716918945,80.29434204101562,64.54668426513672,64.55699157714844,,,0.7997729182243347,0.12122315913438797,0.8780673742294312,0.06036920100450516,0.05335719883441925,0.0980844646692276,0.8738538026809692,0.03710247203707695,0.060181714594364166,0.8711899518966675,0.0673849806189537,0.8789684772491455,1.0,0.7854992151260376,25.478618621826172,25.478618621826172,32.0,0.6417070031166077,0.4596342444419861,8.308534622192383,42.64872360229492,0.0,0.0,,,0.7854992151260376,0.035978469997644424,0.6957716941833496,0.00440960330888629,0.0035419126506894827,0.04639175161719322,0.6804379224777222,0.0,0.005747912917286158,0.6689682006835938,0.0020439447835087776,0.674248456954956,"<reg_vae name=reg_vae, built=True>"
34,1.3299847841262817,0.45764848589897156,45.30036163330078,45.30036163330078,33.0,0.8286585807800293,0.45764848589897156,7.892734527587891,82.70803833007812,63.98199462890625,63.98988342285156,,,0.7969324588775635,0.1200774610042572,0.8762458562850952,0.06465015560388565,0.055133722722530365,0.10274763405323029,0.8729780316352844,0.040762241929769516,0.060755107551813126,0.8704323172569275,0.0643174797296524,0.8788650631904602,1.0,0.799485445022583,23.889951705932617,23.889951705932617,33.0,0.6371216773986816,0.45959943532943726,7.64571475982666,40.134159088134766,0.0,0.0,,,0.799485445022583,0.0344635471701622,0.6937634348869324,0.0019607844296842813,0.0005905802245251834,0.03870967775583267,0.6739212274551392,0.0,0.0043817609548568726,0.664214551448822,0.0010219723917543888,0.6686578392982483,"<reg_vae name=reg_vae, built=True>"
35,1.3399924039840698,0.4575852155685425,43.77309799194336,43.77309799194336,34.0,0.828606367111206,0.4575852155685425,8.022685050964355,79.52342224121094,63.29930877685547,63.30992126464844,,,0.8020008206367493,0.12076608091592789,0.8767478466033936,0.058491192758083344,0.05079334229230881,0.09921550750732422,0.872992992401123,0.03937405347824097,0.061776965856552124,0.8705410361289978,0.06430648267269135,0.8781062364578247,1.0,0.7988444566726685,23.61324119567871,23.61324119567871,34.0,0.6379572153091431,0.45356157422065735,7.723304271697998,39.503196716308594,0.0,0.0,,,0.7988444566726685,0.03333687037229538,0.6973745822906494,0.0004906771355308592,0.0013286094181239605,0.04445876181125641,0.6780906319618225,0.0003518648736644536,0.004926782567054033,0.6611388921737671,0.0005120327696204185,0.6674069166183472,"<reg_vae name=reg_vae, built=True>"
36,1.3499839305877686,0.45897769927978516,44.67255401611328,44.67255401611328,35.0,0.8272614479064941,0.45897769927978516,8.001164436340332,81.34383392333984,63.177391052246094,63.182594299316406,,,0.7964594960212708,0.1206265464425087,0.8753371834754944,0.05933189392089844,0.05324499309062958,0.09852330386638641,0.8710342645645142,0.04278142377734184,0.06134682148694992,0.869265615940094,0.06756756454706192,0.876975417137146,1.0,0.7946856617927551,28.463327407836914,28.463327407836914,35.0,0.6415978074073792,0.45423609018325806,8.612606048583984,48.314064025878906,0.0,0.0,,,0.7946856617927551,0.036367014050483704,0.6958672404289246,0.0,0.0014768866822123528,0.031572163105010986,0.6756287217140198,0.0007044734084047377,0.005072662606835365,0.670684278011322,0.0010235414374619722,0.6773995161056519,"<reg_vae name=reg_vae, built=True>"
37,1.3599876165390015,0.45861923694610596,44.54648971557617,44.54648971557617,36.0,0.8277775049209595,0.45861923694610596,8.084747314453125,81.00825500488281,63.02294158935547,63.0281982421875,,,0.7980915307998657,0.11824699491262436,0.876562774181366,0.06017287075519562,0.056359149515628815,0.09760037064552307,0.8718615770339966,0.04556354880332947,0.061305731534957886,0.8690484762191772,0.06601676344871521,0.8776289224624634,1.0,0.7912110686302185,25.592496871948242,25.592496871948242,36.0,0.639471173286438,0.4584738612174988,7.639725685119629,43.5452766418457,0.0,0.0,,,0.7912110686302185,0.03634676709771156,0.6902218461036682,0.0024509804788976908,0.0019185360288247466,0.05022536963224411,0.678438127040863,0.0,0.0058887978084385395,0.6716690063476562,0.0010219723917543888,0.669238805770874,"<reg_vae name=reg_vae, built=True>"
38,1.3699955940246582,0.4583973288536072,43.772857666015625,43.772857666015625,37.0,0.8276006579399109,0.4583973288536072,8.054521560668945,79.49125671386719,62.30417251586914,62.31294250488281,,,0.7967838644981384,0.11902117729187012,0.8756622076034546,0.059019118547439575,0.052621398121118546,0.09921550750732422,0.8720771670341492,0.041398461908102036,0.06320520490407944,0.8693821430206299,0.06755600869655609,0.8770814538002014,1.0,0.7922270894050598,26.794788360595703,26.794788360595703,37.0,0.6398204565048218,0.45716771483421326,7.413221836090088,46.17641830444336,0.0,0.0,,,0.7922270894050598,0.03885556384921074,0.6952634453773499,0.004420432262122631,0.0014771048445254564,0.0476190485060215,0.6711480021476746,0.00035211266367696226,0.006705898325890303,0.6679850816726685,0.002044989727437496,0.6774407029151917,"<reg_vae name=reg_vae, built=True>"
39,1.3800044059753418,0.4600318968296051,44.95161437988281,44.95161437988281,38.0,0.8270812630653381,0.4600318968296051,8.104016304016113,81.79918670654297,61.931522369384766,61.94571304321289,,,0.7956119179725647,0.11862148344516754,0.8749017715454102,0.05803126096725464,0.0495595782995224,0.08912491053342819,0.8709074854850769,0.03999999910593033,0.06267272680997849,0.8690975904464722,0.07009425759315491,0.8773911595344543,1.0,0.783740758895874,23.34881591796875,23.34881591796875,38.0,0.6378023624420166,0.4617665410041809,7.281131267547607,39.41647720336914,0.0,0.0,,,0.783740758895874,0.03364019840955734,0.6989887356758118,0.0024509804788976908,0.0011806375114247203,0.042525772005319595,0.6749323010444641,0.000703977479133755,0.005887185223400593,0.6631757616996765,0.0015345268184319139,0.6664471626281738,"<reg_vae name=reg_vae, built=True>"
40,1.390012502670288,0.46039602160453796,44.31150436401367,44.31150436401367,39.0,0.8268152475357056,0.46039602160453796,8.008903503417969,80.61419677734375,61.09309005737305,61.1070442199707,,,0.7984330058097839,0.11845624446868896,0.8751421570777893,0.06414090842008591,0.05635097250342369,0.09829256683588028,0.8708218932151794,0.04366481676697731,0.06514307111501694,0.8679825067520142,0.0699504017829895,0.8768292665481567,1.0,0.7899063229560852,25.035888671875,25.035888671875,39.0,0.638969361782074,0.4582226872444153,7.968697547912598,42.10308837890625,0.0,0.0,,,0.7899063229560852,0.0381859689950943,0.6935335993766785,0.0024557956494390965,0.0014788523549214005,0.05354838818311691,0.6769905090332031,0.0,0.005620287731289864,0.6669409275054932,0.0035879036877304316,0.6698108315467834,"<reg_vae name=reg_vae, built=True>"
41,1.4000164270401,0.4606022536754608,45.11870574951172,45.11870574951172,40.0,0.8263424038887024,0.4606022536754608,7.855831146240234,82.38158416748047,60.99882888793945,61.0136604309082,,,0.7975279688835144,0.11821460723876953,0.8749564290046692,0.06348678469657898,0.053390078246593475,0.10013844072818756,0.8699748516082764,0.04063091427087784,0.0639662817120552,0.8677965998649597,0.06672369688749313,0.8763335943222046,1.0,0.7891778349876404,24.77284049987793,24.77284049987793,40.0,0.6392230987548828,0.46299710869789124,7.704441547393799,41.84121322631836,0.0,0.0,,,0.7891778349876404,0.032814282923936844,0.6948655247688293,0.0004914004821330309,0.0008869179873727262,0.04642166197299957,0.6685349941253662,0.00035211266367696226,0.005068493075668812,0.6663869619369507,0.0010230179177597165,0.68095862865448,"<reg_vae name=reg_vae, built=True>"
42,1.4100089073181152,0.46065470576286316,44.165611267089844,44.165611267089844,41.0,0.8269070386886597,0.46065470576286316,7.99102258682251,80.3401870727539,60.574947357177734,60.57981872558594,,,0.7971979379653931,0.1204143837094307,0.8749002814292908,0.06020289286971092,0.05374939367175102,0.09630484879016876,0.8710485100746155,0.04191919043660164,0.06389956176280975,0.8685041069984436,0.07203970104455948,0.8765019178390503,1.0,0.7882425785064697,24.218059539794922,24.218059539794922,41.0,0.6388905048370361,0.46508607268333435,7.491937637329102,40.944210052490234,0.0,0.0,,,0.7882425785064697,0.03542429581284523,0.6919997930526733,0.0024545900523662567,0.0008870490710251033,0.05093488097190857,0.6772695779800415,0.0,0.0063005066476762295,0.6644386053085327,0.002561475383117795,0.6738230586051941,"<reg_vae name=reg_vae, built=True>"
43,1.420016884803772,0.46153563261032104,43.78053283691406,43.78053283691406,42.0,0.8263680338859558,0.46153563261032104,7.994601249694824,79.56647491455078,60.180938720703125,60.19264221191406,,,0.7934566736221313,0.11683393269777298,0.8748876452445984,0.05652535334229469,0.05194177106022835,0.09967697411775589,0.8707625865936279,0.036733146756887436,0.05658874660730362,0.8680543899536133,0.0641573965549469,0.875893771648407,1.0,0.7780027985572815,23.341346740722656,23.341346740722656,42.0,0.6391856670379639,0.45584526658058167,7.517088413238525,39.16559600830078,0.0,0.0,,,0.7780027985572815,0.03731600567698479,0.6911535859107971,0.0004899558844044805,0.0016238559037446976,0.04958145692944527,0.6757639646530151,0.0007034822483547032,0.005063637625426054,0.6708054542541504,0.001022494863718748,0.6708725094795227,"<reg_vae name=reg_vae, built=True>"
44,1.4300211668014526,0.4624958038330078,44.29963684082031,44.29963684082031,43.0,0.8251311182975769,0.4624958038330078,7.789205074310303,80.81002044677734,59.75501251220703,59.761390686035156,,,0.7989786863327026,0.11944382637739182,0.8732495307922363,0.05835411325097084,0.049462780356407166,0.0967220664024353,0.869194507598877,0.036999620497226715,0.058382533490657806,0.8666667342185974,0.06436152011156082,0.874881386756897,1.0,0.7850545644760132,25.24254035949707,25.24254035949707,43.0,0.640521764755249,0.4644913971424103,7.323760509490967,43.16132736206055,0.0,0.0,,,0.7850545644760132,0.03170349821448326,0.6963715553283691,0.001959823537617922,0.0008856088388711214,0.0424983911216259,0.6814877986907959,0.0003517411241773516,0.004926782567054033,0.6632612347602844,0.002050230745226145,0.6739515662193298,"<reg_vae name=reg_vae, built=True>"
45,1.439974069595337,0.46222856640815735,43.975589752197266,43.975589752197266,44.0,0.8259128928184509,0.46222856640815735,7.965699195861816,79.98542022705078,59.393157958984375,59.39494323730469,,,0.7932524681091309,0.1187061220407486,0.8739425539970398,0.05987028032541275,0.05278436467051506,0.09930715709924698,0.8700284361839294,0.038374148309230804,0.06328461319208145,0.8675839304924011,0.06828683614730835,0.875529408454895,1.0,0.7938031554222107,24.151390075683594,24.151390075683594,44.0,0.6385488510131836,0.4620017409324646,7.844865798950195,40.45790481567383,0.0,0.0,,,0.7938031554222107,0.034850697964429855,0.692054808139801,0.0024557956494390965,0.0010335154365748167,0.05605670064687729,0.6738594174385071,0.0,0.004245993681252003,0.6682470440864563,0.000511247431859374,0.6722856760025024,"<reg_vae name=reg_vae, built=True>"
46,1.4499818086624146,0.4628336429595947,45.25311279296875,45.25311279296875,45.0,0.8251612782478333,0.4628336429595947,7.985601902008057,82.52070617675781,59.057373046875,59.072628021240234,,,0.7917236089706421,0.11846370995044708,0.8737243413925171,0.061991024762392044,0.045894186943769455,0.10083064436912537,0.869201123714447,0.033434268087148666,0.05885658040642738,0.8665344715118408,0.062425173819065094,0.8750225901603699,1.0,0.7883706092834473,23.557369232177734,23.557369232177734,45.0,0.6381222009658813,0.46094581484794617,7.644992351531982,39.46974563598633,0.0,0.0,,,0.7883706092834473,0.03755171224474907,0.6930037140846252,0.00147058826405555,0.002509225159883499,0.052123550325632095,0.6735959649085999,0.0007042253273539245,0.005063637625426054,0.6641017198562622,0.0025588537100702524,0.6737433075904846,"<reg_vae name=reg_vae, built=True>"
47,1.4599868059158325,0.46327853202819824,43.85614013671875,43.85614013671875,46.0,0.824764609336853,0.46327853202819824,7.842087745666504,79.87028503417969,58.841251373291016,58.84387969970703,,,0.7959159016609192,0.1181885227560997,0.8733066320419312,0.05452127754688263,0.04938092455267906,0.09137056022882462,0.8683664798736572,0.03761201724410057,0.059242259711027145,0.8665279150009155,0.06570842117071152,0.8745560050010681,1.0,0.7864059805870056,23.72551727294922,23.72551727294922,46.0,0.6380999088287354,0.46063873171806335,8.199395179748535,39.25165939331055,0.0,0.0,,,0.7864059805870056,0.032978128641843796,0.6887580752372742,0.0029440626967698336,0.0016243355348706245,0.047680411487817764,0.6750822067260742,0.000703977479133755,0.0035596932284533978,0.6685945391654968,0.000511247431859374,0.6720514893531799,"<reg_vae name=reg_vae, built=True>"
48,1.4699786901474,0.46392735838890076,44.796844482421875,44.796844482421875,47.0,0.8244509100914001,0.46392735838890076,7.85282564163208,81.7408676147461,58.284576416015625,58.290130615234375,,,0.7948482632637024,0.11686743050813675,0.8728126287460327,0.0608377642929554,0.050442520529031754,0.09275496006011963,0.8684126138687134,0.03520949184894562,0.059867896139621735,0.866469144821167,0.05986999720335007,0.873863935470581,1.0,0.7997910976409912,23.671098709106445,23.671098709106445,47.0,0.6385738253593445,0.46192702651023865,7.775864124298096,39.56633377075195,0.0,0.0,,,0.7997910976409912,0.035132840275764465,0.6949807405471802,0.0024509804788976908,0.0019213715568184853,0.04574742168188095,0.675803542137146,0.001055966247804463,0.004656896460801363,0.6650561690330505,0.000511247431859374,0.6706889271736145,"<reg_vae name=reg_vae, built=True>"
49,1.4799867868423462,0.4639558494091034,45.12338638305664,45.12338638305664,48.0,0.8245429992675781,0.4639558494091034,7.953122138977051,82.29359436035156,57.97023391723633,57.98237228393555,,,0.7980950474739075,0.11791250109672546,0.873053789138794,0.06017287075519562,0.05156235024333,0.09000692516565323,0.8682767152786255,0.04101463779807091,0.06073234602808952,0.8660696744918823,0.06312008202075958,0.8743173480033875,1.0,0.7798038721084595,23.22539710998535,23.22539710998535,48.0,0.6375992298126221,0.46127936244010925,7.287703990936279,39.1630973815918,0.0,0.0,,,0.7798038721084595,0.03594450652599335,0.6944146156311035,0.0009818359976634383,0.0008874426712282002,0.04900064319372177,0.6776459217071533,0.0,0.005478701554238796,0.6599645614624023,0.0020470828749239445,0.6699517965316772,"<reg_vae name=reg_vae, built=True>"
50,1.4899917840957642,0.46542853116989136,44.44165802001953,44.44165802001953,49.0,0.8240334987640381,0.46542853116989136,7.980714321136475,80.90258026123047,57.482391357421875,57.49168014526367,,,0.7958479523658752,0.11799658834934235,0.872473418712616,0.06150265783071518,0.05068923905491829,0.09552376717329025,0.8680203557014465,0.03759777918457985,0.06154278665781021,0.8652970790863037,0.06467065960168839,0.8737069964408875,1.0,0.7920975685119629,24.245086669921875,24.245086669921875,49.0,0.6405927538871765,0.4616047143936157,7.671178340911865,40.81899642944336,0.0,0.0,,,0.7920975685119629,0.03468499705195427,0.6978314518928528,0.002942618913948536,0.0008861320093274117,0.043142303824424744,0.6762952208518982,0.0003519887395668775,0.0045168353244662285,0.6636401414871216,0.0020439447835087776,0.677837073802948,"<reg_vae name=reg_vae, built=True>"
51,1.5,0.4646754860877991,43.348487854003906,43.348487854003906,50.0,0.8236523866653442,0.4646754860877991,7.896179676055908,78.80083465576172,57.36119842529297,57.36819076538086,,,0.7942938208580017,0.11652228236198425,0.872012197971344,0.05766993388533592,0.05373379588127136,0.0972735658288002,0.867283046245575,0.04113045707345009,0.06328165531158447,0.8652793765068054,0.0648750439286232,0.8733466863632202,1.0,0.796348512172699,24.863391876220703,24.863391876220703,50.0,0.640317440032959,0.46667954325675964,8.086333274841309,41.64046096801758,0.0,0.0,,,0.796348512172699,0.03593020886182785,0.6922142505645752,0.001959823537617922,0.0017704337369650602,0.05154639109969139,0.6794991493225098,0.0,0.005338078364729881,0.6662606596946716,0.0005115089588798583,0.6756026148796082,"<reg_vae name=reg_vae, built=True>"
52,1.5100082159042358,0.46517693996429443,45.13715362548828,45.13715362548828,51.0,0.8240492343902588,0.46517693996429443,7.9789018630981445,82.2954330444336,56.843955993652344,56.846683502197266,,,0.7947390675544739,0.11868682503700256,0.8721062541007996,0.059703975915908813,0.05266466736793518,0.09831525385379791,0.8679434657096863,0.040257446467876434,0.060776326805353165,0.865452229976654,0.06670087575912476,0.8738576769828796,1.0,0.7856077551841736,24.73167610168457,24.73167610168457,51.0,0.6389480233192444,0.46560171246528625,7.895810127258301,41.567562103271484,0.0,0.0,,,0.7856077551841736,0.03566977009177208,0.6898465752601624,0.001959823537617922,0.0019188191508874297,0.037990983575582504,0.6738182902336121,0.0,0.005474202800542116,0.6706995368003845,0.001022494863718748,0.673783540725708,"<reg_vae name=reg_vae, built=True>"
53,1.5200133323669434,0.46589305996894836,43.91413497924805,43.91413497924805,52.0,0.823552668094635,0.46589305996894836,7.886601448059082,79.94163513183594,56.75193786621094,56.76176452636719,,,0.7938809990882874,0.12020328640937805,0.8716292977333069,0.05633100867271423,0.048404254019260406,0.0932164266705513,0.8674272298812866,0.03772394731640816,0.060688361525535583,0.8651279807090759,0.06790968030691147,0.8729897737503052,1.0,0.7898157835006714,24.608959197998047,24.608959197998047,52.0,0.6392627954483032,0.4639732241630554,8.014860153198242,41.20309066772461,0.0,0.0,,,0.7898157835006714,0.033928003162145615,0.6927332282066345,0.0054133860394358635,0.0020713123958557844,0.04516129195690155,0.6754549145698547,0.001056710141710937,0.006587977055460215,0.6700567603111267,0.002052334602922201,0.6709741353988647,"<reg_vae name=reg_vae, built=True>"
54,1.5300215482711792,0.46608632802963257,45.16554260253906,45.16554260253906,53.0,0.8236136436462402,0.46608632802963257,7.90711784362793,82.42403411865234,56.12651062011719,56.13031005859375,,,0.7945829629898071,0.12002558261156082,0.8710961937904358,0.059185370802879333,0.05415598675608635,0.10244578123092651,0.8672377467155457,0.03938896581530571,0.06410976499319077,0.865425169467926,0.06587953120470047,0.8733519315719604,1.0,0.7748465538024902,24.480321884155273,24.480321884155273,53.0,0.6394035816192627,0.4681636095046997,7.645532131195068,41.31513595581055,0.0,0.0,,,0.7748465538024902,0.033994484692811966,0.6957460641860962,0.004904364701360464,0.0014753614086657763,0.054088860750198364,0.6799250841140747,0.0,0.006028222851455212,0.6654148101806641,0.002046035835519433,0.6686261892318726,"<reg_vae name=reg_vae, built=True>"
55,1.540014624595642,0.46822282671928406,44.992332458496094,44.992332458496094,54.0,0.8225607872009277,0.46822282671928406,8.109484672546387,81.87517547607422,55.80571365356445,55.80829620361328,,,0.793352484703064,0.1168382465839386,0.8704689145088196,0.06098371371626854,0.04879346117377281,0.09095106273889542,0.866874635219574,0.041135646402835846,0.05877118930220604,0.8636875152587891,0.06585699319839478,0.8724610209465027,1.0,0.789502739906311,25.92129898071289,25.92129898071289,54.0,0.6392688751220703,0.47036951780319214,7.303481578826904,44.539119720458984,0.0,0.0,,,0.789502739906311,0.03521575406193733,0.701726496219635,0.004413928370922804,0.0010333628160879016,0.048937540501356125,0.6739199757575989,0.0003519887395668775,0.005342465825378895,0.6620160937309265,0.002046035835519433,0.6722981929779053,"<reg_vae name=reg_vae, built=True>"
56,1.5500200986862183,0.4678685665130615,46.003299713134766,46.003299713134766,55.0,0.8223876953125,0.4678685665130615,8.027298927307129,83.97933959960938,55.71033477783203,55.71930694580078,,,0.7932713031768799,0.11761204153299332,0.8703894019126892,0.056886225938797,0.049054231494665146,0.0979214757680893,0.8662248849868774,0.03673778474330902,0.05972176790237427,0.8638771772384644,0.06228610500693321,0.8721476793289185,1.0,0.8002941608428955,23.85799789428711,23.85799789428711,55.0,0.636176347732544,0.46531739830970764,8.429644584655762,39.28635025024414,0.0,0.0,,,0.8002941608428955,0.03586016595363617,0.6904845833778381,0.002942618913948536,0.002362669911235571,0.03994845226407051,0.672539472579956,0.0,0.004792551044374704,0.6641367077827454,0.002044989727437496,0.6690708994865417,"<reg_vae name=reg_vae, built=True>"
57,1.560028314590454,0.4675081670284271,44.47877502441406,44.47877502441406,56.0,0.8223133087158203,0.4675081670284271,8.014434814453125,80.94305419921875,55.30482482910156,55.30829620361328,,,0.7935090065002441,0.11983614414930344,0.8700732588768005,0.0585203655064106,0.04885363206267357,0.09460083395242691,0.8662872314453125,0.03193235024809837,0.05615925043821335,0.8636842370033264,0.06090675666928291,0.8720865249633789,1.0,0.786248505115509,26.386077880859375,26.386077880859375,56.0,0.6401734948158264,0.4652465879917145,7.329197406768799,45.442935943603516,0.0,0.0,,,0.786248505115509,0.03640660643577576,0.6953425407409668,0.0019607844296842813,0.002069169422611594,0.04185447469353676,0.6789803504943848,0.0,0.005341002251952887,0.6714474558830261,0.0020439447835087776,0.6667168736457825,"<reg_vae name=reg_vae, built=True>"
58,1.5699775218963623,0.46876659989356995,43.94322967529297,43.94322967529297,57.0,0.8216067552566528,0.46876659989356995,7.873373031616211,80.0130615234375,54.98958206176758,54.99571228027344,,,0.7913872599601746,0.11558958142995834,0.8697969913482666,0.059165697544813156,0.04836525395512581,0.09323794394731522,0.8650278449058533,0.03747634217143059,0.057732827961444855,0.8632964491844177,0.06106739491224289,0.8717396259307861,1.0,0.780643105506897,30.222108840942383,30.222108840942383,57.0,0.6389212608337402,0.46931251883506775,7.4195942878723145,53.024600982666016,0.0,0.0,,,0.780643105506897,0.03488804027438164,0.6888254880905151,0.0019607844296842813,0.0017717407317832112,0.04645161330699921,0.6784751415252686,0.0,0.004792551044374704,0.6700637936592102,0.002554930979385972,0.6700350046157837,"<reg_vae name=reg_vae, built=True>"
59,1.5799827575683594,0.4686714708805084,46.38578414916992,46.38578414916992,58.0,0.8223530054092407,0.4686714708805084,7.894502639770508,84.8770980834961,54.759727478027344,54.76192092895508,,,0.7925227284431458,0.1177578717470169,0.8700740337371826,0.05653475224971771,0.04759831726551056,0.09667743742465973,0.866783618927002,0.03761201724410057,0.05929742380976677,0.8635185360908508,0.06279945373535156,0.8720700144767761,1.0,0.7872171401977539,27.8892879486084,27.8892879486084,58.0,0.6383771896362305,0.47232386469841003,7.272864818572998,48.505699157714844,0.0,0.0,,,0.7872171401977539,0.035166818648576736,0.6900707483291626,0.003921568859368563,0.0013284132583066821,0.04123711213469505,0.6758998036384583,0.0010555946500971913,0.003831941867247224,0.6700518131256104,0.002554930979385972,0.6693923473358154,"<reg_vae name=reg_vae, built=True>"
60,1.5899913311004639,0.4692510962486267,45.43857955932617,45.43857955932617,59.0,0.8218583464622498,0.4692510962486267,8.12148666381836,82.75569152832031,54.05491256713867,54.05837631225586,,,0.7900163531303406,0.11859649419784546,0.8700297474861145,0.05982053652405739,0.05161071941256523,0.09739210456609726,0.8652220368385315,0.040651433169841766,0.05817330256104469,0.8636763691902161,0.05968872830271721,0.8713164329528809,1.0,0.7848997116088867,25.15409278869629,25.15409278869629,59.0,0.6401399374008179,0.4745665192604065,7.830336093902588,42.477840423583984,0.0,0.0,,,0.7848997116088867,0.03579762578010559,0.6952349543571472,0.003921568859368563,0.0014771048445254564,0.04764971137046814,0.6769530177116394,0.00035236080293543637,0.004521167371422052,0.6670835614204407,0.0025601638481020927,0.6738207936286926,"<reg_vae name=reg_vae, built=True>"
61,1.5999864339828491,0.47054797410964966,45.53234100341797,45.53234100341797,60.0,0.8212776184082031,0.47054797410964966,8.015722274780273,83.04898834228516,54.201759338378906,54.21006774902344,,,0.7947129607200623,0.11794079095125198,0.8696832656860352,0.054835494607686996,0.048694390803575516,0.0892939567565918,0.8653890490531921,0.03494827076792717,0.05478554219007492,0.8621689677238464,0.0610569529235363,0.8709285855293274,1.0,0.7932417392730713,23.979080200195312,23.979080200195312,60.0,0.6398088335990906,0.47127363085746765,8.311776161193848,39.6463737487793,0.0,0.0,,,0.7932417392730713,0.0383114293217659,0.6901680827140808,0.003925417084246874,0.0020682523027062416,0.044516127556562424,0.6735167503356934,0.0,0.005071272142231464,0.6729729771614075,0.0015353121561929584,0.6745613813400269,"<reg_vae name=reg_vae, built=True>"
62,1.6099919080734253,0.4696006178855896,44.679710388183594,44.679710388183594,61.0,0.8214467763900757,0.4696006178855896,7.994891166687012,81.36444854736328,53.639892578125,53.643890380859375,,,0.7902148962020874,0.11534326523542404,0.8694876432418823,0.057218894362449646,0.047893185168504715,0.09258832037448883,0.8657886385917664,0.03788835555315018,0.05711206793785095,0.8625006079673767,0.056277796626091,0.8713621497154236,1.0,0.784439206123352,24.406099319458008,24.406099319458008,61.0,0.6394386291503906,0.4746677875518799,7.814303874969482,40.997859954833984,0.0,0.0,,,0.784439206123352,0.03298132121562958,0.6894006729125977,0.002449779538437724,0.002805256051942706,0.03670315444469452,0.6746008396148682,0.0003519887395668775,0.005612594075500965,0.668305516242981,0.002044989727437496,0.6783795952796936,"<reg_vae name=reg_vae, built=True>"
63,1.620000958442688,0.47153836488723755,44.60661697387695,44.60661697387695,62.0,0.8202513456344604,0.47153836488723755,7.967881202697754,81.24525451660156,53.1684684753418,53.17214584350586,,,0.7895429134368896,0.11547072976827621,0.8685699701309204,0.05936149135231972,0.051666587591171265,0.09254558384418488,0.8641208410263062,0.03507443889975548,0.06038036197423935,0.8615490198135376,0.06432848423719406,0.8695917129516602,1.0,0.7849239110946655,26.266117095947266,26.266117095947266,62.0,0.637636125087738,0.4723125100135803,7.567522048950195,44.964717864990234,0.0,0.0,,,0.7849239110946655,0.036069486290216446,0.6912928223609924,0.0034347400069236755,0.0008873114711605012,0.0516795851290226,0.6731999516487122,0.0,0.005069882143288851,0.6662471294403076,0.002050230745226145,0.6716489195823669,"<reg_vae name=reg_vae, built=True>"
64,1.6299983263015747,0.4710310101509094,44.30671691894531,44.30671691894531,63.0,0.8206261992454529,0.4710310101509094,7.9656758308410645,80.64774322509766,52.5301513671875,52.533695220947266,,,0.7915502190589905,0.11695870012044907,0.868376612663269,0.053847432136535645,0.04942928999662399,0.09208400547504425,0.864947497844696,0.03470907360315323,0.057033151388168335,0.8612293004989624,0.06041416898369789,0.8708585500717163,1.0,0.7900654673576355,25.635496139526367,25.635496139526367,63.0,0.639214038848877,0.47171682119369507,7.983364582061768,43.28765106201172,0.0,0.0,,,0.7900654673576355,0.03669578582048416,0.6921204328536987,0.0049019609577953815,0.0010335154365748167,0.03734707087278366,0.6709243059158325,0.0,0.004243668634444475,0.6704615950584412,0.0030674845911562443,0.6759872436523438,"<reg_vae name=reg_vae, built=True>"
65,1.6400058269500732,0.47045740485191345,45.5703239440918,45.5703239440918,64.0,0.8210028409957886,0.47045740485191345,7.892656326293945,83.24810028076172,52.561397552490234,52.5665397644043,,,0.7892912030220032,0.11539863049983978,0.8690517544746399,0.05750374123454094,0.05087617412209511,0.1041329950094223,0.8652198910713196,0.035484276711940765,0.060652896761894226,0.8618952035903931,0.06622176617383957,0.8707324266433716,1.0,0.7835912704467773,26.980792999267578,26.980792999267578,64.0,0.6351466178894043,0.47245559096336365,9.139860153198242,44.82173538208008,0.0,0.0,,,0.7835912704467773,0.035308483988046646,0.6907604932785034,0.0009803922148421407,0.0019199526868760586,0.05537668988108635,0.666672945022583,0.0,0.004928806331008673,0.6641154885292053,0.002044989727437496,0.6708937287330627,"<reg_vae name=reg_vae, built=True>"
66,1.650010108947754,0.47047463059425354,44.615333557128906,44.615333557128906,65.0,0.820849597454071,0.47047463059425354,8.009899139404297,81.22074890136719,52.23040771484375,52.23174285888672,,,0.7912048697471619,0.11651209741830826,0.8689942955970764,0.05268406122922897,0.05218106135725975,0.09160128980875015,0.8644466996192932,0.03721927851438522,0.057314105331897736,0.8621203899383545,0.06174106523394585,0.8708727359771729,1.0,0.7766614556312561,25.712871551513672,25.712871551513672,65.0,0.6366074681282043,0.4743821918964386,7.915596008300781,43.510135650634766,0.0,0.0,,,0.7766614556312561,0.03314858675003052,0.6939513087272644,0.0029397355392575264,0.0008852168684825301,0.054088860750198364,0.6698780059814453,0.0,0.005610289983451366,0.6639915704727173,0.002044989727437496,0.6711695790290833,"<reg_vae name=reg_vae, built=True>"
67,1.6600046157836914,0.47093260288238525,44.3485107421875,44.3485107421875,66.0,0.8200699090957642,0.47093260288238525,7.8531036376953125,80.84388732910156,52.35471725463867,52.35995864868164,,,0.7935683727264404,0.11608118563890457,0.8676771521568298,0.058168523013591766,0.046369798481464386,0.09187442064285278,0.8639494776725769,0.03585858643054962,0.060165878385305405,0.8617686033248901,0.06350564956665039,0.8697038888931274,1.0,0.7798913717269897,26.305042266845703,26.305042266845703,66.0,0.6395590901374817,0.47370362281799316,8.058294296264648,44.55180358886719,0.0,0.0,,,0.7798913717269897,0.035793885588645935,0.6934980154037476,0.000979911768808961,0.0014768866822123528,0.04568854719400406,0.6781526207923889,0.00035223670420236886,0.0035621318966150284,0.6656985878944397,0.0025601638481020927,0.6730703115463257,"<reg_vae name=reg_vae, built=True>"
68,1.67001211643219,0.4725053012371063,45.1866569519043,45.1866569519043,67.0,0.8201163411140442,0.4725053012371063,8.087997436523438,82.28531646728516,51.93764114379883,51.940982818603516,,,0.7934502959251404,0.11586091667413712,0.8679049611091614,0.05601728707551956,0.0470133014023304,0.09529303014278412,0.8642727732658386,0.03785966709256172,0.0567990243434906,0.8616812825202942,0.05918576940894127,0.8695769309997559,1.0,0.7803397178649902,24.718624114990234,24.718624114990234,67.0,0.6417860984802246,0.4740194082260132,8.395101547241211,41.04214859008789,0.0,0.0,,,0.7803397178649902,0.037691306322813034,0.6986585855484009,0.0029411765281111,0.0011813349556177855,0.04829362407326698,0.6773326396942139,0.00035211266367696226,0.004244249779731035,0.6692939400672913,0.0015329585876315832,0.6747057437896729,"<reg_vae name=reg_vae, built=True>"
69,1.6800165176391602,0.4735245704650879,46.362152099609375,46.362152099609375,68.0,0.8191128969192505,0.4735245704650879,8.015682220458984,84.70867919921875,51.502681732177734,51.504356384277344,,,0.7952079176902771,0.11577610671520233,0.8665271997451782,0.055333998054265976,0.048411279916763306,0.09854604303836823,0.8630895614624023,0.03583596274256706,0.05898876488208771,0.8601202964782715,0.060885924845933914,0.8693915605545044,1.0,0.7835338115692139,23.735132217407227,23.735132217407227,68.0,0.6406502723693848,0.4730358421802521,7.381018161773682,40.0892219543457,0.0,0.0,,,0.7835338115692139,0.034704916179180145,0.6998056769371033,0.0009818359976634383,0.0019193857442587614,0.03477140888571739,0.6765308976173401,0.00035223670420236886,0.005341733805835247,0.6651567816734314,0.002554930979385972,0.674340009689331,"<reg_vae name=reg_vae, built=True>"
70,1.6899693012237549,0.4752451777458191,45.50397872924805,45.50397872924805,69.0,0.8183788657188416,0.4752451777458191,7.983608245849609,83.02436065673828,51.423946380615234,51.42393493652344,,,0.7908881306648254,0.11577759683132172,0.8665408492088318,0.05667275935411453,0.04869909957051277,0.09598523378372192,0.8619568347930908,0.031419556587934494,0.05951210483908653,0.8596946001052856,0.06023271754384041,0.8678604364395142,1.0,0.7868693470954895,23.60204315185547,23.60204315185547,69.0,0.6390175819396973,0.4770112931728363,7.612486839294434,39.591575622558594,0.0,0.0,,,0.7868693470954895,0.03443975746631622,0.6918513178825378,0.0004901961074210703,0.0010350436205044389,0.051513198763132095,0.6737319231033325,0.0,0.0043853637762367725,0.6691392660140991,0.0025562371592968702,0.6738693714141846,"<reg_vae name=reg_vae, built=True>"
71,1.6999773979187012,0.4734300971031189,45.278846740722656,45.278846740722656,70.0,0.8186297416687012,0.4734300971031189,7.902230262756348,82.65559387207031,50.74375915527344,50.749874114990234,,,0.7887067794799805,0.11650140583515167,0.8666074275970459,0.052045226097106934,0.04847370833158493,0.0930071547627449,0.8622123599052429,0.034317437559366226,0.057897694408893585,0.8597615957260132,0.06621043384075165,0.868434488773346,1.0,0.7862079739570618,25.491836547851562,25.491836547851562,70.0,0.6384855508804321,0.4724588990211487,7.723012924194336,43.26065444946289,0.0,0.0,,,0.7862079739570618,0.036757875233888626,0.6951269507408142,0.002449779538437724,0.0005909292376600206,0.0424983911216259,0.6738427877426147,0.0003518648736644536,0.005204053595662117,0.6644980907440186,0.003576903371140361,0.6726710200309753,"<reg_vae name=reg_vae, built=True>"
72,1.7099828720092773,0.47372153401374817,45.46806335449219,45.46806335449219,71.0,0.8194320797920227,0.47372153401374817,8.058358192443848,82.87775421142578,50.514442443847656,50.52049255371094,,,0.7914402484893799,0.11458055675029755,0.8673756718635559,0.057228416204452515,0.046328119933605194,0.08683602511882782,0.8633884191513062,0.03448711335659027,0.059595201164484024,0.8608084321022034,0.06336701661348343,0.869044840335846,1.0,0.7880792021751404,24.001110076904297,24.001110076904297,71.0,0.6395218968391418,0.4775676131248474,7.91487455368042,40.087364196777344,0.0,0.0,,,0.7880792021751404,0.03642779588699341,0.6904513835906982,0.003436426166445017,0.001772525836713612,0.05025773122906685,0.6731979846954346,0.00035211266367696226,0.0065744416788220406,0.6707186698913574,0.0025575447361916304,0.676067590713501,"<reg_vae name=reg_vae, built=True>"
73,1.7199774980545044,0.47481703758239746,45.39527893066406,45.39527893066406,72.0,0.8183321356773376,0.47481703758239746,7.963204860687256,82.82736206054688,49.81295394897461,49.81505584716797,,,0.7904472351074219,0.1151105985045433,0.8655837178230286,0.05404955893754959,0.04682889208197594,0.09445727616548538,0.8630356192588806,0.03358585759997368,0.053832460194826126,0.8592740893363953,0.054576560854911804,0.8681840896606445,1.0,0.7777624130249023,28.8697509765625,28.8697509765625,72.0,0.638584315776825,0.4720234274864197,9.0682954788208,48.671180725097656,0.0,0.0,,,0.7777624130249023,0.034020647406578064,0.6956229209899902,0.001962708542123437,0.0011829070281237364,0.04131697863340378,0.676764190196991,0.0003524850180838257,0.004526748787611723,0.6617162823677063,0.0005133470403961837,0.6725964546203613,"<reg_vae name=reg_vae, built=True>"
74,1.7299859523773193,0.47515740990638733,45.87538146972656,45.87538146972656,73.0,0.8185707330703735,0.47515740990638733,7.995131015777588,83.75557708740234,49.72703552246094,49.73050308227539,,,0.7882246375083923,0.11382988095283508,0.8661852478981018,0.054373130202293396,0.04340042546391487,0.08935580402612686,0.8630285263061523,0.033219654113054276,0.05567271262407303,0.8598624467849731,0.0640082135796547,0.868172287940979,1.0,0.787356436252594,27.03765106201172,27.03765106201172,73.0,0.6390344500541687,0.4782414734363556,7.859721660614014,46.2155647277832,0.0,0.0,,,0.787356436252594,0.035026270896196365,0.6953334808349609,0.004413928370922804,0.00162601622287184,0.04445876181125641,0.6733062863349915,0.0,0.004799122456461191,0.6662783622741699,0.002044989727437496,0.6738693714141846,"<reg_vae name=reg_vae, built=True>"
75,1.7399916648864746,0.4765608310699463,44.95136642456055,44.95136642456055,74.0,0.8174822926521301,0.4765608310699463,8.04979133605957,81.85298156738281,49.80933380126953,49.813392639160156,,,0.7920218706130981,0.11342532932758331,0.8650556206703186,0.057689111679792404,0.044031549245119095,0.09147609025239944,0.8611636757850647,0.033707864582538605,0.05715356394648552,0.8585907816886902,0.06491949409246445,0.867899477481842,1.0,0.775538980960846,28.615488052368164,28.615488052368164,74.0,0.6426447033882141,0.4772442877292633,7.378276824951172,49.85272979736328,0.0,0.0,,,0.775538980960846,0.03544236719608307,0.696843147277832,0.0024509804788976908,0.0008861320093274117,0.05469755455851555,0.6813800930976868,0.0003519887395668775,0.004926782567054033,0.6735911965370178,0.002554930979385972,0.6714693307876587,"<reg_vae name=reg_vae, built=True>"
76,1.75,0.4763185977935791,45.72792434692383,45.72792434692383,75.0,0.817438542842865,0.4763185977935791,8.059539794921875,83.3963394165039,49.3399543762207,49.34114074707031,,,0.7920535206794739,0.11267317831516266,0.8653932809829712,0.05170407146215439,0.04416815936565399,0.0886426568031311,0.8614174127578735,0.03648068755865097,0.05572987347841263,0.8589078783988953,0.05746536701917648,0.8670355677604675,1.0,0.7810380458831787,24.142871856689453,24.142871856689453,75.0,0.642609715461731,0.47423645853996277,7.943722248077393,40.34200668334961,0.0,0.0,,,0.7810380458831787,0.03424566611647606,0.7038401365280151,0.0019607844296842813,0.002069169422611594,0.05022536963224411,0.6820166707038879,0.0003519887395668775,0.004519928712397814,0.6653836369514465,0.002046035835519433,0.6723639965057373,"<reg_vae name=reg_vae, built=True>"
77,1.7600083351135254,0.4770922064781189,46.379119873046875,46.379119873046875,76.0,0.8171669840812683,0.4770922064781189,8.103937149047852,84.65430450439453,49.46828842163086,49.474525451660156,,,0.789792537689209,0.11491179466247559,0.8652418851852417,0.0515206903219223,0.046587005257606506,0.09164357930421829,0.8610353469848633,0.03648529201745987,0.05507422983646393,0.8585805296897888,0.06398631632328033,0.8663312792778015,1.0,0.786720871925354,25.194122314453125,25.194122314453125,76.0,0.6402922868728638,0.4745672345161438,7.732420444488525,42.65581512451172,0.0,0.0,,,0.786720871925354,0.03688568249344826,0.6888488531112671,0.002452182350680232,0.0017748853424564004,0.04958145692944527,0.6783046126365662,0.0003526093205437064,0.0038356164004653692,0.671819269657135,0.0015360983088612556,0.6740630269050598,"<reg_vae name=reg_vae, built=True>"
78,1.7700141668319702,0.4783856272697449,44.74386978149414,44.74386978149414,77.0,0.8164436221122742,0.4783856272697449,8.013582229614258,81.4742660522461,48.5491943359375,48.552879333496094,,,0.788405179977417,0.11328329890966415,0.8643025755882263,0.05682951211929321,0.046520624309778214,0.09277636557817459,0.8605933785438538,0.033560432493686676,0.05412238463759422,0.8571826219558716,0.05697176977992058,0.8663833141326904,1.0,0.7830044627189636,26.66783905029297,26.66783905029297,77.0,0.6384977102279663,0.47306016087532043,7.441812992095947,45.893863677978516,0.0,0.0,,,0.7830044627189636,0.03787396475672722,0.6874027848243713,0.0019607844296842813,0.0005907546728849411,0.04577691853046417,0.6758822798728943,0.0,0.004521167371422052,0.671194314956665,0.002046035835519433,0.6709052920341492,"<reg_vae name=reg_vae, built=True>"
79,1.7800226211547852,0.47879624366760254,44.68539047241211,44.68539047241211,78.0,0.8164710998535156,0.47879624366760254,8.131523132324219,81.23922729492188,48.52452850341797,48.52784729003906,,,0.7909024357795715,0.11411918699741364,0.8641586899757385,0.053672317415475845,0.045513905584812164,0.08446803689002991,0.8602960109710693,0.035588085651397705,0.05468420684337616,0.8577843904495239,0.06003078445792198,0.8662129044532776,1.0,0.788485586643219,23.848020553588867,23.848020553588867,78.0,0.6375676989555359,0.4805693030357361,7.774747848510742,39.92130661010742,0.0,0.0,,,0.788485586643219,0.03487971052527428,0.689026415348053,0.000980873010121286,0.0014757969183847308,0.05534105375409126,0.6748389601707458,0.0,0.0053373477421700954,0.6654350757598877,0.0025562371592968702,0.6728492379188538,"<reg_vae name=reg_vae, built=True>"
80,1.790018081665039,0.4764103889465332,45.636009216308594,45.636009216308594,79.0,0.8173392415046692,0.4764103889465332,8.033734321594238,83.2383041381836,48.01972198486328,48.02334213256836,,,0.7870251536369324,0.11381182074546814,0.8649703860282898,0.058862652629613876,0.050217706710100174,0.09277636557817459,0.8613402843475342,0.03711652383208275,0.058057259768247604,0.858720064163208,0.0636223703622818,0.8667256236076355,1.0,0.7921577095985413,24.608957290649414,24.608957290649414,79.0,0.6381505727767944,0.4771765470504761,8.200652122497559,41.01725769042969,0.0,0.0,,,0.7921577095985413,0.037743356078863144,0.6902086138725281,0.003929273225367069,0.0005904058925807476,0.04703608155250549,0.6725982427597046,0.0,0.004521167371422052,0.6676416397094727,0.0025588537100702524,0.6740700006484985,"<reg_vae name=reg_vae, built=True>"
81,1.800024151802063,0.47930556535720825,45.803890228271484,45.803890228271484,80.0,0.8161754608154297,0.47930556535720825,7.997696399688721,83.61013793945312,48.11211013793945,48.116031646728516,,,0.7905032634735107,0.11302401125431061,0.8641147613525391,0.056359101086854935,0.045072056353092194,0.08173631876707077,0.8600077629089355,0.032815851271152496,0.05343761667609215,0.8572925329208374,0.06157003715634346,0.8660507202148438,1.0,0.7729363441467285,26.90876579284668,26.90876579284668,80.0,0.6404640674591064,0.48081663250923157,8.714614868164062,45.10297393798828,0.0,0.0,,,0.7729363441467285,0.03489512950181961,0.6955081224441528,0.007367386948317289,0.0010332103120163083,0.04958145692944527,0.6765759587287903,0.0007037297473289073,0.004243668634444475,0.6682040095329285,0.0030706243123859167,0.6743940114974976,"<reg_vae name=reg_vae, built=True>"
82,1.810032606124878,0.4795844554901123,44.8644905090332,44.8644905090332,81.0,0.8159710168838501,0.4795844554901123,7.787522792816162,81.94145965576172,47.757362365722656,47.75703811645508,,,0.7880203127861023,0.11561314761638641,0.8631112575531006,0.058178190141916275,0.04648350551724434,0.09074116498231888,0.8598116040229797,0.03534014895558357,0.05610715597867966,0.8570195436477661,0.05918576940894127,0.866010308265686,1.0,0.7826634645462036,26.700397491455078,26.700397491455078,81.0,0.6427651643753052,0.47693610191345215,7.566687107086182,45.834075927734375,0.0,0.0,,,0.7826634645462036,0.03691818192601204,0.6968086957931519,0.0014698677696287632,0.0007387707009911537,0.05086928606033325,0.6790593266487122,0.0,0.0050719669088721275,0.6712800860404968,0.0030706243123859167,0.6769080758094788,"<reg_vae name=reg_vae, built=True>"
83,1.8199901580810547,0.480254590511322,44.236724853515625,44.236724853515625,82.0,0.8157314658164978,0.480254590511322,8.13133430480957,80.34209442138672,47.48963165283203,47.491249084472656,,,0.7876138091087341,0.11289133876562119,0.863445520401001,0.05052351579070091,0.042325738817453384,0.08862220495939255,0.859501838684082,0.03129337355494499,0.05306294560432434,0.8568475246429443,0.05542251095175743,0.8659947514533997,1.0,0.7811709642410278,24.34358787536621,24.34358787536621,82.0,0.6393630504608154,0.47906410694122314,7.835556983947754,40.851585388183594,0.0,0.0,,,0.7811709642410278,0.03576071187853813,0.6949747800827026,0.004418262280523777,0.002067641355097294,0.046361878514289856,0.6765826344490051,0.0,0.005478701554238796,0.6672627329826355,0.0015337422955781221,0.6707983016967773,"<reg_vae name=reg_vae, built=True>"
84,1.82999587059021,0.48104262351989746,45.3430061340332,45.3430061340332,83.0,0.8153262734413147,0.48104262351989746,7.931250095367432,82.75476837158203,47.24330139160156,47.24591827392578,,,0.78786700963974,0.11382272839546204,0.8633074164390564,0.05500166118144989,0.04328271746635437,0.08818098157644272,0.8592642545700073,0.03648068755865097,0.051931630820035934,0.8562394976615906,0.060896340757608414,0.8649297952651978,1.0,0.7740631699562073,26.908945083618164,26.908945083618164,83.0,0.6392475366592407,0.4785509705543518,7.96616268157959,45.851707458496094,0.0,0.0,,,0.7740631699562073,0.03248493745923042,0.6966913342475891,0.002452182350680232,0.0016255356604233384,0.04123711213469505,0.6717210412025452,0.0,0.0028778950218111277,0.6671364307403564,0.0010219723917543888,0.6748862862586975,"<reg_vae name=reg_vae, built=True>"
85,1.8400044441223145,0.4801074266433716,46.200504302978516,46.200504302978516,84.0,0.8153224587440491,0.4801074266433716,8.015913963317871,84.38505554199219,46.9700927734375,46.97307586669922,,,0.7879552841186523,0.1133662611246109,0.8623595237731934,0.04954281076788902,0.04479922726750374,0.09162243455648422,0.8593727946281433,0.03495709225535393,0.05615399032831192,0.856623649597168,0.059356823563575745,0.8652698397636414,1.0,0.7857083678245544,35.48906326293945,35.48906326293945,84.0,0.6347599625587463,0.4837571084499359,8.771105766296387,62.2070198059082,0.0,0.0,,,0.7857083678245544,0.03691907599568367,0.6914445757865906,0.000979911768808961,0.0016231370391324162,0.043197937309741974,0.6710290908813477,0.0,0.004653709474951029,0.6611201167106628,0.0030690536368638277,0.666527509689331,"<reg_vae name=reg_vae, built=True>"
86,1.8500014543533325,0.48098909854888916,45.9505615234375,45.9505615234375,85.0,0.8153442740440369,0.48098909854888916,7.964116096496582,83.93704223632812,46.62739562988281,46.630958557128906,,,0.7884151339530945,0.11347965151071548,0.8639141321182251,0.052036575973033905,0.042660217732191086,0.08883249014616013,0.8588947653770447,0.03195251151919365,0.05278688669204712,0.8561567068099976,0.06310928612947464,0.8649960160255432,1.0,0.7752748727798462,24.961181640625,24.961181640625,85.0,0.640805184841156,0.4839437007904053,7.603304386138916,42.319068908691406,0.0,0.0,,,0.7752748727798462,0.0330466628074646,0.6966341733932495,0.002942618913948536,0.0013291980139911175,0.05673758685588837,0.6810285449028015,0.0,0.003564084880053997,0.666046142578125,0.0005120327696204185,0.6721529960632324,"<reg_vae name=reg_vae, built=True>"
87,1.860007405281067,0.48080894351005554,44.94313430786133,44.94313430786133,86.0,0.8152565956115723,0.48080894351005554,8.032721519470215,81.85348510742188,46.36552047729492,46.370758056640625,,,0.7863364219665527,0.11298034340143204,0.86253821849823,0.05319149047136307,0.04421011731028557,0.08398707956075668,0.8593970537185669,0.03433910012245178,0.053255271166563034,0.8561549186706543,0.057475198060274124,0.8654195070266724,1.0,0.7754826545715332,23.807506561279297,23.807506561279297,86.0,0.638229489326477,0.48582932353019714,7.396709442138672,40.218326568603516,0.0,0.0,,,0.7754826545715332,0.03429511934518814,0.6917011737823486,0.001962708542123437,0.0005913660279475152,0.04639175161719322,0.6741089224815369,0.0003519887395668775,0.004247157368808985,0.6668472290039062,0.0010251153726130724,0.6725261211395264,"<reg_vae name=reg_vae, built=True>"
88,1.8700164556503296,0.48122626543045044,46.05093002319336,46.05093002319336,87.0,0.8147404193878174,0.48122626543045044,8.096338272094727,84.00550079345703,46.34417724609375,46.345829010009766,,,0.7847622632980347,0.11320754885673523,0.8620744347572327,0.04655802994966507,0.043915651738643646,0.09025853872299194,0.858722448348999,0.030796416103839874,0.05217309668660164,0.8559634685516357,0.05851154774427414,0.8646664619445801,1.0,0.7836815118789673,29.11553382873535,29.11553382873535,87.0,0.637657880783081,0.48180630803108215,8.948512077331543,49.282535552978516,0.0,0.0,,,0.7836815118789673,0.036020491272211075,0.6909945607185364,0.003925417084246874,0.0010348906507715583,0.04445876181125641,0.6743942499160767,0.0,0.00397314690053463,0.666651725769043,0.0030753458850085735,0.6702583432197571,"<reg_vae name=reg_vae, built=True>"
89,1.8799830675125122,0.4830293655395508,47.184913635253906,47.184913635253906,88.0,0.8131991028785706,0.4830293655395508,7.991465091705322,86.37828826904297,46.05195236206055,46.052642822265625,,,0.7888059020042419,0.11329235136508942,0.8612343668937683,0.051196809858083725,0.042662281543016434,0.08631433546543121,0.8567759990692139,0.0319242887198925,0.05199550464749336,0.8543781042098999,0.05576462671160698,0.8625780344009399,1.0,0.7768629193305969,23.578161239624023,23.578161239624023,88.0,0.6363771557807922,0.4820474088191986,7.5171613693237305,39.639163970947266,0.0,0.0,,,0.7768629193305969,0.03254563733935356,0.6941676139831543,0.0009813542710617185,0.001772525836713612,0.04568854719400406,0.6730954647064209,0.0,0.006162695121020079,0.6588345766067505,0.002554930979385972,0.6714087128639221,"<reg_vae name=reg_vae, built=True>"
90,1.8899909257888794,0.4824751913547516,47.5224723815918,47.5224723815918,89.0,0.8140904307365417,0.4824751913547516,8.001197814941406,87.04374694824219,46.120147705078125,46.121273040771484,,,0.7869692444801331,0.11147826164960861,0.8616956472396851,0.052010633051395416,0.04362335056066513,0.08839141577482224,0.8578845262527466,0.035213932394981384,0.05633341148495674,0.855160653591156,0.058179330080747604,0.8640531897544861,1.0,0.7844548225402832,23.653282165527344,23.653282165527344,89.0,0.6390143036842346,0.4873855412006378,7.846875190734863,39.459716796875,0.0,0.0,,,0.7844548225402832,0.03531628102064133,0.6939560174942017,0.001959823537617922,0.0017717407317832112,0.03732303902506828,0.6742240190505981,0.0,0.004790583159774542,0.6665431261062622,0.0015337422955781221,0.6739166975021362,"<reg_vae name=reg_vae, built=True>"
91,1.8999959230422974,0.4838431775569916,46.28165817260742,46.28165817260742,90.0,0.8129562735557556,0.4838431775569916,8.089814186096191,84.47359466552734,45.23182678222656,45.23297882080078,,,0.7878859043121338,0.11246100813150406,0.8612507581710815,0.050540316849946976,0.04344670847058296,0.08979686349630356,0.8564671277999878,0.038116876035928726,0.05345013365149498,0.8537704348564148,0.058521561324596405,0.8623620271682739,1.0,0.7789739966392517,25.008560180664062,25.008560180664062,90.0,0.6407919526100159,0.4815914034843445,7.444736957550049,42.5723876953125,0.0,0.0,,,0.7789739966392517,0.03167276829481125,0.6948889493942261,0.0029397355392575264,0.0010336680570617318,0.05855855718255043,0.6769799590110779,0.0003517411241773516,0.004516217391937971,0.6688351035118103,0.0020439447835087776,0.6758391857147217,"<reg_vae name=reg_vae, built=True>"
92,1.9099923372268677,0.4824139475822449,46.44549560546875,46.44549560546875,91.0,0.8141562938690186,0.4824139475822449,7.9335503578186035,84.9573745727539,45.0374870300293,45.03907012939453,,,0.788162887096405,0.11207945644855499,0.8618608117103577,0.053016453981399536,0.04197495058178902,0.0833333358168602,0.8580827713012695,0.031419556587934494,0.05352376401424408,0.8552669882774353,0.05900461599230766,0.8639308214187622,1.0,0.7871736884117126,24.478403091430664,24.478403091430664,91.0,0.6372736096382141,0.48991021513938904,8.212420463562012,40.74436950683594,0.0,0.0,,,0.7871736884117126,0.0330582894384861,0.6941370964050293,0.0009837677935138345,0.0017746229423210025,0.04844961315393448,0.6725605726242065,0.0003526093205437064,0.004943696781992912,0.6624468564987183,0.0015376729425042868,0.6723414659500122,"<reg_vae name=reg_vae, built=True>"
93,1.9200003147125244,0.48385903239250183,45.98918914794922,45.98918914794922,92.0,0.8132495880126953,0.48385903239250183,7.982941627502441,83.99543762207031,44.86004638671875,44.863407135009766,,,0.7867968678474426,0.11204123497009277,0.8613510131835938,0.05390118062496185,0.04251717031002045,0.0833333358168602,0.8565847277641296,0.03761201724410057,0.057371675968170166,0.8540547490119934,0.0554414801299572,0.863161027431488,1.0,0.7778279185295105,25.307336807250977,25.307336807250977,92.0,0.6412227749824524,0.4857829511165619,7.38879919052124,43.22590637207031,0.0,0.0,,,0.7778279185295105,0.037839990109205246,0.6903113722801208,0.0019636719953268766,0.0013325436739251018,0.04835589975118637,0.6836584806442261,0.0003526093205437064,0.0027431079652160406,0.6709139943122864,0.002050230745226145,0.6714087128639221,"<reg_vae name=reg_vae, built=True>"
94,1.930005431175232,0.48409274220466614,45.65639877319336,45.65639877319336,93.0,0.8137772679328918,0.48409274220466614,7.928584575653076,83.38426208496094,44.79449462890625,44.79484176635742,,,0.78659588098526,0.11259372532367706,0.8610332012176514,0.05485372245311737,0.04381044581532478,0.0964467003941536,0.8570627570152283,0.03420421481132507,0.05510299652814865,0.8553675413131714,0.05799828842282295,0.8638064861297607,1.0,0.7810472846031189,24.222332000732422,24.222332000732422,93.0,0.6419480443000793,0.48605453968048096,7.517404556274414,40.927249908447266,0.0,0.0,,,0.7810472846031189,0.034389428794384,0.6988016963005066,0.004413928370922804,0.002657218836247921,0.0476190485060215,0.67783522605896,0.0,0.005201204679906368,0.6677311658859253,0.002046035835519433,0.6767757534980774,"<reg_vae name=reg_vae, built=True>"
95,1.9399657249450684,0.4848164916038513,45.841896057128906,45.841896057128906,94.0,0.8126053810119629,0.4848164916038513,7.964598178863525,83.7191390991211,44.138118743896484,44.13951873779297,,,0.7860354781150818,0.1118079200387001,0.8602986931800842,0.05617417395114899,0.04063860699534416,0.09002769738435745,0.8563638925552368,0.036223653703927994,0.05615399032831192,0.8533225655555725,0.06038316711783409,0.8624551296234131,1.0,0.7800027132034302,23.7669677734375,23.7669677734375,94.0,0.6381849646568298,0.4895532727241516,7.544765472412109,39.989173889160156,0.0,0.0,,,0.7800027132034302,0.03682298958301544,0.6935595273971558,0.0004899558844044805,0.0023616235703229904,0.04829362407326698,0.6764209866523743,0.0007042253273539245,0.005474202800542116,0.6673021912574768,0.0035805627703666687,0.6670209765434265,"<reg_vae name=reg_vae, built=True>"
96,1.9499740600585938,0.48417967557907104,45.30113983154297,45.30113983154297,95.0,0.812865674495697,0.48417967557907104,7.883243560791016,82.7191162109375,43.82971954345703,43.834571838378906,,,0.7839697599411011,0.1115177571773529,0.86057049036026,0.05304289981722832,0.04590528830885887,0.08700669556856155,0.8571287393569946,0.030922630801796913,0.04924100264906883,0.8535339832305908,0.05595482513308525,0.862492024898529,1.0,0.7829879522323608,24.426977157592773,24.426977157592773,95.0,0.6372462511062622,0.4877304136753082,7.8118720054626465,41.042049407958984,0.0,0.0,,,0.7829879522323608,0.03477269038558006,0.6959152221679688,0.002942618913948536,0.0013290017377585173,0.05215711519122124,0.6780600547790527,0.0,0.005614900030195713,0.6604549288749695,0.002554930979385972,0.6660885214805603,"<reg_vae name=reg_vae, built=True>"
97,1.9599801301956177,0.4857695698738098,46.138797760009766,46.138797760009766,96.0,0.8122408390045166,0.4857695698738098,8.044378280639648,84.2331771850586,43.939090728759766,43.94103240966797,,,0.7850109338760376,0.11136084794998169,0.8599729537963867,0.05253532901406288,0.046144917607307434,0.08633425831794739,0.8557855486869812,0.03181818127632141,0.05442623049020767,0.8526893258094788,0.05462328717112541,0.8625762462615967,1.0,0.7803903222084045,24.54879379272461,24.54879379272461,96.0,0.6421642899513245,0.48530182242393494,7.375298500061035,41.722259521484375,0.0,0.0,,,0.7803903222084045,0.03520921245217323,0.6972578763961792,0.004411764908581972,0.0013288055779412389,0.048262547701597214,0.6778855919837952,0.00035273368121124804,0.004245993681252003,0.6703735589981079,0.0010235414374619722,0.6763461828231812,"<reg_vae name=reg_vae, built=True>"
98,1.969976782798767,0.4866391718387604,45.925113677978516,45.925113677978516,97.0,0.8116095066070557,0.4866391718387604,7.870547294616699,83.97966766357422,43.83998107910156,43.84324264526367,,,0.7868207693099976,0.109578937292099,0.859473466873169,0.05120531842112541,0.04295250028371811,0.08906321972608566,0.8552085161209106,0.030551698058843613,0.05260445922613144,0.8527106642723083,0.055945251137018204,0.8613407611846924,1.0,0.7770411372184753,24.22184944152832,24.22184944152832,97.0,0.6395918726921082,0.4830411672592163,7.7008442878723145,40.74287033081055,0.0,0.0,,,0.7770411372184753,0.03731422498822212,0.6955602169036865,0.0004899558844044805,0.001476450590416789,0.03417150303721428,0.6761569976806641,0.0007047216058708727,0.005477201193571091,0.6669110655784607,0.0010219723917543888,0.6719416975975037,"<reg_vae name=reg_vae, built=True>"
99,1.979985237121582,0.48623713850975037,46.07550048828125,46.07550048828125,98.0,0.8120816349983215,0.48623713850975037,8.015777587890625,84.13516998291016,43.29254913330078,43.29304122924805,,,0.7834733724594116,0.11170236021280289,0.8598219752311707,0.052019279450178146,0.041507426649332047,0.08239095658063889,0.8557417988777161,0.026505110785365105,0.053210921585559845,0.8527345657348633,0.058692675083875656,0.862208902835846,1.0,0.7722272276878357,27.164350509643555,27.164350509643555,98.0,0.6398398876190186,0.48844799399375916,8.12830924987793,46.20037841796875,0.0,0.0,,,0.7722272276878357,0.0353231318295002,0.696495532989502,0.00147058826405555,0.0011815093457698822,0.04507404938340187,0.6788886785507202,0.00035273368121124804,0.0038340408354997635,0.665851891040802,0.004096262156963348,0.6704350113868713,"<reg_vae name=reg_vae, built=True>"
100,1.989991545677185,0.48580294847488403,46.63080978393555,46.63080978393555,99.0,0.8124529719352722,0.48580294847488403,7.803155899047852,85.45838928222656,42.89535903930664,42.897247314453125,,,0.7864236235618591,0.1116480678319931,0.860262393951416,0.051363032311201096,0.043307848274707794,0.08830328285694122,0.8562369346618652,0.03093043714761734,0.0535070039331913,0.853588879108429,0.06263905763626099,0.8617678284645081,1.0,0.779658317565918,23.437671661376953,23.437671661376953,99.0,0.6399915814399719,0.4929708242416382,7.5620293617248535,39.313358306884766,0.0,0.0,,,0.779658317565918,0.035354070365428925,0.6944805979728699,0.003921568859368563,0.0023609267082065344,0.043786220252513885,0.6700304746627808,0.000703977479133755,0.005748699884861708,0.6695330739021301,0.0061349691823124886,0.6792168021202087,"<reg_vae name=reg_vae, built=True>"
