,kl_loss,kl_scale,elbo_rec,elbo_reg,reg_loss,epoch,cat_acc,reconstruction_loss,0_acc,1_acc,2_acc,3_acc,4_acc,5_acc,6_acc,7_acc,8_acc,9_acc,10_acc,val_kl_loss,val_kl_scale,val_elbo_rec,val_elbo_reg,val_reg_loss,val_epoch,val_cat_acc,val_reconstruction_loss,val_0_acc,val_1_acc,val_2_acc,val_3_acc,val_4_acc,val_5_acc,val_6_acc,val_7_acc,val_8_acc,val_9_acc,val_10_acc,loss
0,0.0,0.0,,4.6596955024099e-310,4.6596955024083e-310,4.65969550241304e-310,4.6596955023403e-310,1.13737890966e-313,4.65969501278287e-310,4.65969518853867e-310,4.65969517413517e-310,1.13737849905e-313,4.6597004120488e-310,4.6596953100449e-310,4.6597004576795e-310,1.13737890477e-313,4.65969547372245e-310,4.65970028562886e-310,4.65969559272537e-310,1.1373788844e-313,6.904407927776e-310,6.904407927776e-310,6.904407927776e-310,6.9044079277768e-310,6.90440792777757e-310,6.90440792777757e-310,6.90440792777757e-310,6.90440792777757e-310,6.90440792777757e-310,6.90440792777757e-310,6.90440792777757e-310,6.90440792777757e-310,6.90440792777757e-310,6.90440792777757e-310,6.90440792777757e-310,6.90440792777757e-310,6.90440792777757e-310,6.90440792777757e-310,"<reg_vae name=reg_vae, built=False>"
1,1.7264379262924194,1.0,3.194899797439575,665.9777221679688,664.2513427734375,0.0,0.5906389951705933,1.4684616327285767,0.024723311886191368,0.6313187479972839,0.0063402606174349785,0.003346031066030264,0.011534839868545532,0.632936954498291,0.0015430113999173045,0.004685537423938513,0.6103509664535522,0.0071271928027272224,0.6303000450134277,598.695556640625,1.0,602.1526489257812,9394.8251953125,8796.1298828125,0.0,0.35188111662864685,3.4571187496185303,0.0747532919049263,0.38371220231056213,0.018977535888552666,0.059800293296575546,0.03909348323941231,0.31729283928871155,0.02973760850727558,0.0335526317358017,0.3003757894039154,0.07840819656848907,0.49006420373916626,"<reg_vae name=reg_vae, built=False>"
2,0.16298523545265198,1.0,1.3977506160736084,110.04762268066406,109.88462829589844,1.0,0.6109265685081482,1.2347652912139893,0.01306686457246542,0.6577386260032654,0.0008805917459540069,0.00025720163830555975,0.003996239043772221,0.654168963432312,0.0001285512262256816,0.00111036014277488,0.6273091435432434,0.00018281536176800728,0.6546252369880676,617.9197387695312,1.0,621.15087890625,3251.394775390625,2633.47509765625,1.0,0.4765283167362213,3.231149435043335,0.06566854566335678,0.48124584555625916,0.008133229799568653,0.029956243932247162,0.014730878174304962,0.49364498257637024,0.011953352950513363,0.010307017713785172,0.4152708947658539,0.044523246586322784,0.628669023513794,"<reg_vae name=reg_vae, built=False>"
3,0.059287019073963165,1.0,1.130117654800415,52.735267639160156,52.67597579956055,2.0,0.6216680407524109,1.0708305835723877,0.00681837135925889,0.6749676465988159,0.00017602535081095994,5.14323910465464e-05,0.00046937339357100427,0.6631984710693359,0.0,0.0002896731602959335,0.6356906294822693,0.0,0.6673203110694885,304.42742919921875,1.0,307.0177917480469,4293.5419921875,3989.1142578125,2.0,0.5283861756324768,2.5903732776641846,0.06314853578805923,0.5957300066947937,0.008133229799568653,0.01144395861774683,0.01303116139024496,0.5094956159591675,0.0,0.0029605263844132423,0.4746414124965668,0.00039401103276759386,0.6679744124412537,"<reg_vae name=reg_vae, built=False>"
4,0.03257207199931145,1.0,0.9973400831222534,30.298694610595703,30.266122817993164,3.0,0.629524290561676,0.9647680521011353,0.0038423342630267143,0.687386155128479,0.0,0.0,0.0,0.6702951192855835,0.0,9.66276929830201e-05,0.6416194438934326,0.0,0.6760519742965698,138.59033203125,1.0,140.5426788330078,1574.1610107421875,1435.5706787109375,3.0,0.5346340537071228,1.9523433446884155,0.07034856826066971,0.7107906341552734,0.0,0.01144395861774683,0.0,0.5032897591590881,0.0,0.0001096491250791587,0.41305461525917053,0.0,0.65484619140625,"<reg_vae name=reg_vae, built=False>"
5,0.022665955126285553,1.0,0.9225099682807922,21.562973022460938,21.54030418395996,4.0,0.634890615940094,0.8998439908027649,0.0032010243739932775,0.6954866647720337,0.000176335743162781,0.0,0.0,0.6735976338386536,0.0,4.8344209062634036e-05,0.6482745409011841,0.0,0.681209146976471,66.58809661865234,1.0,68.18714141845703,1120.1094970703125,1053.5213623046875,4.0,0.534247875213623,1.599047303199768,0.08881453424692154,0.6300235986709595,0.0030983733013272285,0.010209806263446808,0.0,0.4285968244075775,0.0069970847107470036,0.0003289473825134337,0.5358012318611145,0.0,0.6843812465667725,"<reg_vae name=reg_vae, built=False>"
6,0.01853538304567337,1.0,0.8812500238418579,18.30594825744629,18.287410736083984,5.0,0.6366992592811584,0.8627146482467651,0.003450930817052722,0.696718156337738,0.0,0.0,0.0,0.6746957898139954,0.0,0.0,0.6530267000198364,0.0,0.6817939877510071,34.82890319824219,1.0,36.39542007446289,565.5254516601562,530.696533203125,5.0,0.49992072582244873,1.5665186643600464,0.12464529275894165,0.6281351447105408,0.015104570426046848,0.012453719042241573,0.028328612446784973,0.5264493823051453,0.020408162847161293,0.004385964944958687,0.39021050930023193,0.010244286619126797,0.5694299936294556,"<reg_vae name=reg_vae, built=False>"
7,0.01838204823434353,1.0,0.856685996055603,16.73305892944336,16.714677810668945,6.0,0.6383805871009827,0.8383038640022278,0.0046836454421281815,0.6976398825645447,0.0,0.0,0.0002349072165088728,0.6755884885787964,0.0,4.8302179493475705e-05,0.6567918062210083,0.0,0.6831933856010437,19.608121871948242,1.0,21.128219604492188,503.99859619140625,484.3905029296875,6.0,0.5047839879989624,1.5201003551483154,0.15393248200416565,0.5783939957618713,0.015104570426046848,0.0060585662722587585,0.048158641904592514,0.4606115520000458,0.001166180707514286,0.003837719326838851,0.5223503112792969,0.005122143309563398,0.5706297159194946,"<reg_vae name=reg_vae, built=False>"
8,0.01865825615823269,1.0,0.8413619995117188,16.501941680908203,16.4832820892334,7.0,0.6395166516304016,0.8227037191390991,0.005668587051331997,0.6953877806663513,0.00017627357738092542,0.0,0.00046970410039648414,0.6773934364318848,0.0,0.0,0.6611015200614929,0.0,0.6836113929748535,11.838845252990723,1.0,13.22767162322998,317.56500244140625,305.7261657714844,7.0,0.5264561176300049,1.388826847076416,0.12680530548095703,0.5500523447990417,0.0038729666266590357,0.008302479982376099,0.018130311742424965,0.570839524269104,0.0,0.0005482456181198359,0.5780118107795715,0.0007880220655351877,0.5142417550086975,"<reg_vae name=reg_vae, built=False>"
9,0.020645683631300926,1.0,0.8315515518188477,15.202654838562012,15.18200969696045,8.0,0.6416667699813843,0.8109058141708374,0.006314676720649004,0.6989356875419617,0.00017596340330783278,0.0002056661032838747,0.0,0.6788243055343628,0.0,9.652975859353319e-05,0.6605993509292603,0.0,0.6885591149330139,7.574459075927734,1.0,8.881373405456543,218.02313232421875,210.44866943359375,8.0,0.5397521257400513,1.3069148063659668,0.11551818996667862,0.5995742082595825,0.0015491866506636143,0.006956131663173437,0.018130311742424965,0.5410069823265076,0.002332361415028572,0.0001096491250791587,0.5410812497138977,0.0,0.6000406742095947,"<reg_vae name=reg_vae, built=False>"
10,0.02127702534198761,1.0,0.8213526606559753,15.231300354003906,15.21002197265625,9.0,0.6435011029243469,0.8000757098197937,0.007279074285179377,0.7019346952438354,0.0005284481449052691,0.00010297070548404008,0.0,0.6817545294761658,0.0,9.65996878221631e-05,0.662736713886261,0.0,0.6878034472465515,4.968510627746582,1.0,6.176753520965576,163.5703582763672,158.60186767578125,9.0,0.5568554997444153,1.208242654800415,0.07843801379203796,0.5792144536972046,0.00038729666266590357,0.00403904402628541,0.0005665722419507802,0.5249453783035278,0.0032069971784949303,0.0024122807662934065,0.5839697122573853,0.0,0.674941897392273,"<reg_vae name=reg_vae, built=False>"
11,0.022663656622171402,1.0,0.8136504888534546,14.918787956237793,14.896125793457031,10.0,0.6453076601028442,0.7909868359565735,0.0097191222012043,0.700727105140686,0.0,0.00015435274690389633,0.000234962411923334,0.6837490200996399,0.00012861736468039453,0.0,0.6662218570709229,0.0,0.690487802028656,3.396113395690918,1.0,4.512208461761475,132.007568359375,128.6114501953125,10.0,0.5742502808570862,1.1160953044891357,0.04118843004107475,0.5195286273956299,0.0,0.00044878266635350883,0.0,0.5152674317359924,0.000583090353757143,0.0008771930006332695,0.7117127776145935,0.0,0.6925140023231506,"<reg_vae name=reg_vae, built=False>"
12,0.023816663771867752,1.0,0.807022750377655,14.31940746307373,14.295591354370117,11.0,0.647120475769043,0.7832061052322388,0.009522129781544209,0.704238772392273,0.0001761493767844513,0.00020602626318577677,0.00023474179033655673,0.682833731174469,0.0,0.00014496955554932356,0.6688517332077026,0.0,0.6935739517211914,2.399162769317627,1.0,3.45033597946167,99.66023254394531,97.26106262207031,11.0,0.5850139260292053,1.051173210144043,0.019143618643283844,0.6245915293693542,0.0,0.0,0.0,0.5323356986045837,0.0,0.0019736841786652803,0.6313005089759827,0.0,0.7069626450538635,"<reg_vae name=reg_vae, built=False>"
13,0.024601075798273087,1.0,0.8022602796554565,14.199742317199707,14.175142288208008,12.0,0.6482065916061401,0.7776591181755066,0.009945305064320564,0.7030343413352966,0.0,0.00015464714670088142,0.0,0.6864315867424011,0.0,0.00014502562407869846,0.6708390712738037,0.0,0.6931677460670471,1.731306791305542,1.0,2.7428171634674072,88.97196960449219,87.24066162109375,12.0,0.5910886526107788,1.0115106105804443,0.01929185539484024,0.5309975743293762,0.0,0.00011219566658837721,0.0,0.5915216207504272,0.0,0.0027412280905991793,0.7310336232185364,0.0,0.6519088745117188,"<reg_vae name=reg_vae, built=False>"
14,0.026121949777007103,1.0,0.7966827750205994,14.150425910949707,14.124302864074707,13.0,0.6498368382453918,0.7705608606338501,0.011066855862736702,0.7072607278823853,0.00017624250904191285,0.0,0.0,0.6896886825561523,0.0,0.00033822961268015206,0.6698251962661743,0.0,0.693511426448822,1.2842668294906616,1.0,2.246013879776001,55.326637268066406,54.04236602783203,13.0,0.5999144911766052,0.9617469906806946,0.013298885896801949,0.6194176077842712,0.0,0.0,0.0,0.5757192373275757,0.0,0.0004385965003166348,0.668465793132782,0.0,0.6901834607124329,"<reg_vae name=reg_vae, built=False>"
15,0.027227723971009254,1.0,0.7918707132339478,13.878297805786133,13.851069450378418,14.0,0.6511746048927307,0.7646430134773254,0.011761432513594627,0.7103612422943115,0.00035223670420236886,0.00015438451373483986,0.0002349072165088728,0.6896392703056335,0.0,0.000531118712387979,0.6704349517822266,0.0,0.6958395838737488,0.947829008102417,1.0,1.864312767982483,43.06174087524414,42.11390686035156,14.0,0.609817385673523,0.9164838790893555,0.021705985069274902,0.5990543365478516,0.0,0.0,0.0,0.6411622166633606,0.0,0.0008771930006332695,0.705164909362793,0.0,0.6389151215553284,"<reg_vae name=reg_vae, built=False>"
16,0.02926269732415676,1.0,0.7883389592170715,13.551244735717773,13.52198314666748,15.0,0.6526616215705872,0.7590762376785278,0.013243681751191616,0.7080602049827576,0.00035242291050963104,0.00041184041765518486,0.00047014575102366507,0.6900997757911682,0.00012863391020800918,0.0005795981269329786,0.67647784948349,0.0,0.6975164413452148,0.715604841709137,1.0,1.6051149368286133,36.51333236694336,35.7977294921875,15.0,0.6164188385009766,0.8895099759101868,0.02064715512096882,0.5875111222267151,0.0,0.00011219566658837721,0.0,0.642801821231842,0.0,0.0008771930006332695,0.7110348343849182,0.0,0.6715426445007324,"<reg_vae name=reg_vae, built=False>"
17,0.03036360815167427,1.0,0.7855335474014282,13.201367378234863,13.171003341674805,16.0,0.6542316675186157,0.7551699876785278,0.01332937553524971,0.711660623550415,0.0003524850180838257,0.00015449583588633686,0.0009411764913238585,0.6926277279853821,0.0,0.0006761325057595968,0.6741740703582764,0.0,0.7004610896110535,0.5439481735229492,1.0,1.398929238319397,29.104869842529297,28.560922622680664,16.0,0.6253900527954102,0.8549811244010925,0.01660243049263954,0.6109794974327087,0.0,0.0,0.0005665722419507802,0.670943558216095,0.0,0.0020833334419876337,0.7222336530685425,0.0,0.6450551748275757,"<reg_vae name=reg_vae, built=False>"
18,0.031069213524460793,1.0,0.780225396156311,13.284754753112793,13.253686904907227,17.0,0.6565808653831482,0.74915611743927,0.015057194977998734,0.7117244601249695,0.000529007229488343,0.00015457543486263603,0.00047047753469087183,0.696707546710968,0.00012863391020800918,0.0014495555078610778,0.6794192790985107,0.0,0.7002731561660767,0.42062512040138245,1.0,1.2516038417816162,22.420148849487305,21.999523162841797,17.0,0.6299176216125488,0.8309786319732666,0.012811824679374695,0.6599531769752502,0.0,0.00011219566658837721,0.0,0.6790421605110168,0.0,0.0016447368543595076,0.6859027743339539,0.0,0.6471995711326599,"<reg_vae name=reg_vae, built=False>"
19,0.0332564115524292,1.0,0.7793283462524414,12.575922966003418,12.542667388916016,18.0,0.6583926677703857,0.746071994304657,0.016605747863650322,0.7155283093452454,0.00035217468393966556,0.0001543686375953257,0.0007045561214908957,0.6948032975196838,0.0,0.0009660435607656837,0.6809867024421692,0.0,0.7049252390861511,0.3282816708087921,1.0,1.1434078216552734,20.20696449279785,19.878684997558594,18.0,0.6355718374252319,0.8151261806488037,0.012536529451608658,0.6990706324577332,0.0,0.00011219566658837721,0.0,0.6975029110908508,0.0,0.0010964912362396717,0.6557807922363281,0.0,0.6449621319770813,"<reg_vae name=reg_vae, built=False>"
20,0.034095365554094315,1.0,0.7748796343803406,12.874505996704102,12.840411186218262,19.0,0.660481333732605,0.7407843470573425,0.016752002760767937,0.7168635129928589,0.0015878616832196712,0.00010297070548404008,0.0009389671613462269,0.6982925534248352,0.0010282776784151793,0.0014975122176110744,0.68309086561203,0.0,0.7066136598587036,0.256023108959198,1.0,1.0611011981964111,20.291223526000977,20.035200119018555,19.0,0.6376744508743286,0.8050781488418579,0.007157680578529835,0.666071355342865,0.0,0.00022439133317675442,0.0,0.689521849155426,0.0,0.0009868420893326402,0.6854366660118103,0.0,0.6650957465171814,"<reg_vae name=reg_vae, built=False>"
21,0.035189494490623474,1.0,0.7725012302398682,13.094510078430176,13.059318542480469,20.0,0.6625720262527466,0.7373117804527283,0.017111623659729958,0.7168245315551758,0.0005281690391711891,0.00010288065823260695,0.00023479689843952656,0.701833188533783,0.0006422607693821192,0.0013993437169119716,0.6885863542556763,0.0,0.7060660719871521,0.20694124698638916,1.0,1.0002797842025757,22.1472225189209,21.94028091430664,20.0,0.641618549823761,0.7933385968208313,0.00910592544823885,0.6873788833618164,0.0,0.0,0.0,0.7151167392730713,0.0,0.0004385965003166348,0.6756426692008972,0.0,0.6426143646240234,"<reg_vae name=reg_vae, built=False>"
22,0.035754840821027756,1.0,0.7691213488578796,13.001826286315918,12.966072082519531,21.0,0.6629841923713684,0.7333666086196899,0.018916763365268707,0.718974232673645,0.0012334801722317934,5.1440329116303474e-05,0.00046970410039648414,0.7019199728965759,0.0,0.0018338883528485894,0.6862287521362305,0.0,0.7078812122344971,0.16978518664836884,1.0,0.960134744644165,18.067466735839844,17.897680282592773,21.0,0.6426673531532288,0.790349543094635,0.0073694465681910515,0.6657071113586426,0.00038729666266590357,0.0,0.0,0.6874813437461853,0.0,0.000767543853726238,0.7045228481292725,0.0,0.669725775718689,"<reg_vae name=reg_vae, built=False>"
23,0.03643025830388069,1.0,0.7659665942192078,13.381561279296875,13.345130920410156,22.0,0.6646426320075989,0.729536235332489,0.02017352543771267,0.7220385670661926,0.0007047216058708727,0.00010295480024069548,0.001411432633176446,0.7020589113235474,0.0016711659263819456,0.0014975122176110744,0.6873404383659363,0.0,0.7106084823608398,0.1309821605682373,1.0,0.9181134700775146,14.63050365447998,14.499521255493164,22.0,0.6436915397644043,0.7871313691139221,0.01156240701675415,0.7045910954475403,0.0,0.00011219566658837721,0.0,0.7233931422233582,0.0,0.0004385965003166348,0.6647339463233948,0.0,0.6367018222808838,"<reg_vae name=reg_vae, built=False>"
24,0.03803052753210068,1.0,0.7643886804580688,13.347636222839355,13.309605598449707,23.0,0.6670693159103394,0.7263581156730652,0.02076512947678566,0.722499430179596,0.0010570824379101396,0.0008757018367759883,0.001411432633176446,0.7052516341209412,0.0009000900317914784,0.0008702378836460412,0.6916508078575134,0.0,0.712661862373352,0.11110637336969376,1.0,0.8861231803894043,16.66408348083496,16.552976608276367,23.0,0.647202730178833,0.7750168442726135,0.011520054191350937,0.6850164532661438,0.0,0.00011219566658837721,0.0,0.6863722205162048,0.0,0.0004385965003166348,0.6853780150413513,0.0,0.6918796896934509,"<reg_vae name=reg_vae, built=False>"
25,0.03818194195628166,1.0,0.7630041837692261,13.131500244140625,13.093317985534668,24.0,0.6668969392776489,0.7248222231864929,0.02095291204750538,0.721712052822113,0.00035242291050963104,0.00015439245908055454,0.0021156559232622385,0.7045184373855591,0.0011568123009055853,0.0014002897078171372,0.6927177906036377,0.0,0.7122449278831482,0.09427609294652939,1.0,0.8656967282295227,15.222315788269043,15.128040313720703,24.0,0.6481126546859741,0.7714205980300903,0.007581212092190981,0.6973129510879517,0.0,0.00022439133317675442,0.0,0.6900462508201599,0.0,0.0004385965003166348,0.6759490370750427,0.0,0.6903386116027832,"<reg_vae name=reg_vae, built=False>"
26,0.039546336978673935,1.0,0.7614943385124207,12.662184715270996,12.622636795043945,25.0,0.668368935585022,0.7219480276107788,0.02107333019375801,0.725460946559906,0.000881212530657649,0.0004118828219361603,0.003760281950235367,0.7075424790382385,0.0011574074160307646,0.0022705313749611378,0.6919368505477905,0.0,0.7125369310379028,0.08237645775079727,1.0,0.8492619395256042,14.265356063842773,14.182979583740234,25.0,0.6495097279548645,0.7668854594230652,0.005209436174482107,0.7016982436180115,0.0,0.00044878266635350883,0.0,0.6952846050262451,0.0,0.0002192982501583174,0.6807368397712708,0.0,0.6815922260284424,"<reg_vae name=reg_vae, built=False>"
27,0.039960552006959915,1.0,0.7600124478340149,12.670321464538574,12.630361557006836,26.0,0.6699976325035095,0.7200519442558289,0.02488887310028076,0.7256950736045837,0.00035211266367696226,0.00025720163830555975,0.0004695937968790531,0.7075410485267639,0.0023133272770792246,0.001931993872858584,0.6955012083053589,0.0,0.7151557207107544,0.07499445229768753,1.0,0.839448869228363,14.199525833129883,14.124531745910645,26.0,0.6519914269447327,0.7644543647766113,0.007221210282295942,0.7000678777694702,0.00038729666266590357,0.00022439133317675442,0.0011331444839015603,0.6955860257148743,0.0,0.000767543853726238,0.67852383852005,0.0,0.6958408951759338,"<reg_vae name=reg_vae, built=False>"
28,0.03958818316459656,1.0,0.7568702697753906,11.927393913269043,11.887805938720703,27.0,0.6710923910140991,0.7172821164131165,0.022874057292938232,0.725579559803009,0.0008805917459540069,0.00020583542936947197,0.0011748119723051786,0.7086647748947144,0.0016707363538444042,0.0016410850221291184,0.6982029676437378,0.0,0.7163271903991699,0.06509492546319962,1.0,0.8227056264877319,14.946624755859375,14.8815279006958,27.0,0.6532066464424133,0.7576106786727905,0.005738850682973862,0.6897766590118408,0.00038729666266590357,0.00033658702159300447,0.0005665722419507802,0.6853232979774475,0.0,0.0,0.6994025707244873,0.0,0.7011845707893372,"<reg_vae name=reg_vae, built=False>"
29,0.04138293117284775,1.0,0.7566363215446472,12.743212699890137,12.701830863952637,28.0,0.6716550588607788,0.715253472328186,0.023603418841958046,0.7294723987579346,0.00035223670420236886,0.0008756116149015725,0.002587017836049199,0.7098856568336487,0.0023133272770792246,0.00270518334582448,0.6953936815261841,0.0,0.7163854241371155,0.056652698665857315,1.0,0.8155909180641174,14.484779357910156,14.42812728881836,28.0,0.6544274091720581,0.758938193321228,0.007856507785618305,0.6835806369781494,0.0,0.0,0.0,0.7029220461845398,0.0,0.0002192982501583174,0.6965833306312561,0.0,0.6951583027839661,"<reg_vae name=reg_vae, built=False>"
30,0.04044879600405693,1.0,0.7543643116950989,12.918627738952637,12.878178596496582,29.0,0.672687292098999,0.7139154672622681,0.025236738845705986,0.7265130877494812,0.0005287275416776538,5.148270065546967e-05,0.0028208745643496513,0.7127733826637268,0.003084832802414894,0.0016422740882262588,0.699971616268158,0.0,0.7155629396438599,0.049577709287405014,1.0,0.8081414103507996,15.299545288085938,15.249967575073242,29.0,0.6541834473609924,0.758563756942749,0.006840032059699297,0.7043435573577881,0.0,0.00011219566658837721,0.0,0.6928824186325073,0.0002915451768785715,0.0,0.6841884255409241,0.0,0.6985954642295837,"<reg_vae name=reg_vae, built=False>"
31,0.04191213101148605,1.0,0.7543262839317322,12.427558898925781,12.385648727416992,30.0,0.6734108924865723,0.7124141454696655,0.02443324774503708,0.7284796833992004,0.0005289139808155596,0.0,0.004232306499034166,0.711158275604248,0.0015446003526449203,0.0015461178263649344,0.7000484466552734,0.0,0.7186536192893982,0.046521518379449844,1.0,0.7994638085365295,14.9222412109375,14.87571907043457,30.0,0.6566410660743713,0.7529423236846924,0.0044470797292888165,0.7102954983711243,0.0,0.00011219566658837721,0.0,0.6940458416938782,0.0,0.0004385965003166348,0.686189591884613,0.0,0.7006295323371887,"<reg_vae name=reg_vae, built=False>"
32,0.04231147840619087,1.0,0.7524667382240295,12.359630584716797,12.317317008972168,31.0,0.674959659576416,0.7101553678512573,0.02426932007074356,0.7295382022857666,0.0005281690391711891,0.0003602305368985981,0.00446323724463582,0.7132946252822876,0.0014146090252324939,0.0016906579257920384,0.702013373374939,0.0,0.7199746966362,0.04333985596895218,1.0,0.7944427132606506,16.416278839111328,16.372940063476562,31.0,0.6565756797790527,0.751102864742279,0.006395324133336544,0.7157064080238342,0.0,0.00033658702159300447,0.0,0.696869969367981,0.0002915451768785715,0.0002192982501583174,0.683728814125061,0.0,0.6941171288490295,"<reg_vae name=reg_vae, built=False>"
33,0.04267209768295288,1.0,0.7522740960121155,11.929036140441895,11.886363983154297,32.0,0.6751024127006531,0.7096020579338074,0.026057906448841095,0.730930507183075,0.0010561520466580987,0.0004632489290088415,0.0030559473671019077,0.713971734046936,0.0033410433679819107,0.001980006694793701,0.7005374431610107,0.0,0.7197708487510681,0.039823465049266815,1.0,0.7903712391853333,15.204038619995117,15.164215087890625,32.0,0.6578842401504517,0.7505477666854858,0.0067976792342960835,0.6966021060943604,0.00038729666266590357,0.00033658702159300447,0.0005665722419507802,0.7054237127304077,0.0,0.0001096491250791587,0.7024728059768677,0.0,0.6888699531555176,"<reg_vae name=reg_vae, built=False>"
34,0.04400305822491646,1.0,0.750813364982605,11.882017135620117,11.83801555633545,33.0,0.6756962537765503,0.7068102359771729,0.02452922984957695,0.7297423481941223,0.0008813678869046271,0.00046332046622410417,0.004466384649276733,0.7159302830696106,0.002571685705333948,0.0020774954464286566,0.7026355862617493,0.0,0.7193243503570557,0.038429226726293564,1.0,0.7870607376098633,14.515667915344238,14.477238655090332,33.0,0.658307671546936,0.7486315369606018,0.005421202164143324,0.7036963701248169,0.00038729666266590357,0.0,0.0,0.6994379162788391,0.0002915451768785715,0.0002192982501583174,0.6925255656242371,0.0,0.7014328241348267,"<reg_vae name=reg_vae, built=False>"
35,0.04360620304942131,1.0,0.7491050958633423,11.525857925415039,11.482253074645996,34.0,0.677204430103302,0.7054988145828247,0.02550707943737507,0.73284912109375,0.0008824567776173353,0.0007213891949504614,0.003999059088528156,0.7161389589309692,0.002575328340753913,0.0019326471956446767,0.7031364440917969,0.0,0.722014844417572,0.03578462079167366,1.0,0.7821186780929565,14.3900146484375,14.354230880737305,34.0,0.6597311496734619,0.7463340759277344,0.005505908280611038,0.7181536555290222,0.0,0.00011219566658837721,0.0005665722419507802,0.7103998064994812,0.0,0.0003289473825134337,0.6751341819763184,0.0,0.699495255947113,"<reg_vae name=reg_vae, built=False>"
36,0.043957989662885666,1.0,0.7471139430999756,11.89801025390625,11.854052543640137,35.0,0.6780164837837219,0.7031559348106384,0.027706431224942207,0.7340483665466309,0.002643637591972947,0.000463058240711689,0.005175252910703421,0.7156177759170532,0.002828490687534213,0.0021729683503508568,0.7039626836776733,0.0,0.7239264845848083,0.03467872738838196,1.0,0.77949059009552,14.342584609985352,14.307906150817871,35.0,0.6617078185081482,0.7448118925094604,0.005251789465546608,0.7135314345359802,0.0015491866506636143,0.00011219566658837721,0.0,0.7059541344642639,0.0,0.0,0.6853030323982239,0.0,0.7071419358253479,"<reg_vae name=reg_vae, built=False>"
37,0.0452432855963707,1.0,0.7485741972923279,11.858453750610352,11.813209533691406,36.0,0.6779816150665283,0.7033309936523438,0.02777932398021221,0.7336611151695251,0.001759943668730557,0.0007718431879766285,0.004699247889220715,0.7175798416137695,0.003213367657735944,0.0025601391680538654,0.7037964463233948,0.0,0.7220060229301453,0.03340110927820206,1.0,0.7771152853965759,13.889723777770996,13.8563232421875,36.0,0.66226726770401,0.7437142133712769,0.006352970842272043,0.7083079814910889,0.0,0.00011219566658837721,0.0011331444839015603,0.7041307091712952,0.0,0.0001096491250791587,0.6945202350616455,0.0,0.7068764567375183,"<reg_vae name=reg_vae, built=False>"
38,0.04691419005393982,1.0,0.7477313280105591,12.272717475891113,12.225802421569824,37.0,0.6797661185264587,0.7008171081542969,0.028640856966376305,0.7339752912521362,0.002465222729369998,0.0002572281227912754,0.003995299804955721,0.7178010940551758,0.0026974952779710293,0.0027514963876456022,0.7077608108520508,0.0,0.7251049876213074,0.03156755119562149,1.0,0.7728386521339417,15.71441650390625,15.682848930358887,37.0,0.6623706817626953,0.7412711381912231,0.005823556799441576,0.7140513062477112,0.0,0.00033658702159300447,0.0,0.7008243203163147,0.0,0.0003289473825134337,0.6902245283126831,0.0,0.7101413011550903,"<reg_vae name=reg_vae, built=False>"
39,0.04581734165549278,1.0,0.7470588088035583,12.534921646118164,12.489104270935059,38.0,0.6792432069778442,0.7012413740158081,0.02604929730296135,0.7360630631446838,0.0022887324448674917,0.0009259735816158354,0.006575857289135456,0.7187795042991638,0.003083643736317754,0.0023171615321189165,0.704372763633728,0.0,0.7236347794532776,0.030572425574064255,1.0,0.7707827091217041,13.88156795501709,13.850995063781738,38.0,0.6631492376327515,0.7402103543281555,0.004764728248119354,0.7066140174865723,0.0007745933253318071,0.00033658702159300447,0.0005665722419507802,0.699474036693573,0.0002915451768785715,0.0,0.7000609636306763,0.0,0.7121546268463135,"<reg_vae name=reg_vae, built=False>"
40,0.045787882059812546,1.0,0.7436524033546448,11.379076957702637,11.33328914642334,39.0,0.681087851524353,0.6978644728660583,0.029367567971348763,0.7344685792922974,0.0014094432117417455,0.0009270227164961398,0.004229323472827673,0.7197027206420898,0.0021864951122552156,0.002754022367298603,0.7099943161010742,0.0,0.7257651686668396,0.03003712370991707,1.0,0.7697206735610962,14.952593803405762,14.922555923461914,39.0,0.6642866730690002,0.7396835684776306,0.006120028905570507,0.7162262797355652,0.00038729666266590357,0.00033658702159300447,0.0005665722419507802,0.6990189552307129,0.0,0.0001096491250791587,0.6930894255638123,0.0,0.7155091166496277,"<reg_vae name=reg_vae, built=False>"
41,0.04660985246300697,1.0,0.7443795800209045,12.218291282653809,12.171682357788086,40.0,0.6815265417098999,0.6977697014808655,0.028353791683912277,0.7373279929161072,0.0019383259350433946,0.0008236384019255638,0.004940014332532883,0.7212779521942139,0.004116814583539963,0.002269983058795333,0.7068498134613037,0.0,0.7265681624412537,0.031768716871738434,1.0,0.7722657322883606,13.913125991821289,13.881357192993164,40.0,0.6636644005775452,0.7404970526695251,0.005844733212143183,0.7183446288108826,0.0,0.00022439133317675442,0.0005665722419507802,0.7047967910766602,0.0,0.0,0.68700110912323,0.0,0.7105687856674194,"<reg_vae name=reg_vae, built=False>"
42,0.04757559299468994,1.0,0.7445269823074341,11.694380760192871,11.646805763244629,41.0,0.6808532476425171,0.6969513893127441,0.027965668588876724,0.7352207899093628,0.002116028917953372,0.0008235112181864679,0.00517281936481595,0.7194254994392395,0.003729903604835272,0.002510985592380166,0.7087482213973999,0.0,0.7258105874061584,0.03243853524327278,1.0,0.7718830108642578,14.26256275177002,14.230123519897461,41.0,0.6633154153823853,0.7394444942474365,0.005632967688143253,0.7166930437088013,0.0007745933253318071,0.0005609783693216741,0.0005665722419507802,0.7019274234771729,0.0002915451768785715,0.0,0.6935001015663147,0.0,0.7070522904396057,"<reg_vae name=reg_vae, built=False>"
43,0.04760104790329933,1.0,0.7424505352973938,11.539745330810547,11.492144584655762,42.0,0.6825457811355591,0.6948494911193848,0.029911277815699577,0.7364568710327148,0.0012332628248259425,0.0007207207381725311,0.005407947115600109,0.7226771712303162,0.0025733401998877525,0.0025124414823949337,0.7102397680282593,0.0,0.7264915704727173,0.03220734745264053,1.0,0.7677531242370605,13.5789794921875,13.546772956848145,42.0,0.6656752228736877,0.7355457544326782,0.005929439794272184,0.7143589854240417,0.0007745933253318071,0.00022439133317675442,0.0,0.7053965926170349,0.0002915451768785715,0.0001096491250791587,0.69357830286026,0.0,0.7157090306282043,"<reg_vae name=reg_vae, built=False>"
44,0.047359492629766464,1.0,0.7408483028411865,11.183622360229492,11.136262893676758,43.0,0.6834715008735657,0.6934887766838074,0.028799064457416534,0.739168643951416,0.006687785964459181,0.0008743057260289788,0.0030545112676918507,0.720568060874939,0.0024427874013781548,0.0027513636741787195,0.7098439335823059,0.0,0.7310271859169006,0.029452471062541008,1.0,0.765285313129425,13.165613174438477,13.136160850524902,43.0,0.6656169891357422,0.7358328700065613,0.005505908280611038,0.7176337838172913,0.00038729666266590357,0.0,0.0,0.7053664326667786,0.0,0.0,0.6932882070541382,0.0,0.7126855850219727,"<reg_vae name=reg_vae, built=False>"
45,0.046839334070682526,1.0,0.7384898662567139,10.703064918518066,10.656225204467773,44.0,0.6841970682144165,0.6916505694389343,0.02991262823343277,0.7400636672973633,0.005107432138174772,0.0008234264678321779,0.0035236082039773464,0.7236195206642151,0.0033440515398979187,0.0024149923119693995,0.710361897945404,0.0,0.7291463017463684,0.028350908309221268,1.0,0.761633574962616,15.05528450012207,15.026934623718262,44.0,0.6678173542022705,0.7332826256752014,0.005442378576844931,0.7271046042442322,0.00038729666266590357,0.0,0.0,0.7099055051803589,0.0,0.0001096491250791587,0.6856061816215515,0.0,0.7161572575569153,"<reg_vae name=reg_vae, built=False>"
46,0.048031099140644073,1.0,0.7406579852104187,11.870063781738281,11.822033882141113,45.0,0.6837812066078186,0.6926268339157104,0.03045487403869629,0.738446056842804,0.003519887337461114,0.0007720815483480692,0.007278704084455967,0.723357081413269,0.0023154104128479958,0.002560510067269206,0.7111265063285828,0.0,0.7282236814498901,0.030904727056622505,1.0,0.767619788646698,14.744208335876465,14.713303565979004,45.0,0.6650450229644775,0.7367150783538818,0.005167083349078894,0.7188397645950317,0.005422153510153294,0.0,0.0011331444839015603,0.7095860242843628,0.0002915451768785715,0.0,0.6858277916908264,0.0,0.7120374441146851,"<reg_vae name=reg_vae, built=False>"
47,0.04910246282815933,1.0,0.7412528991699219,12.192362785339355,12.143260955810547,46.0,0.683526873588562,0.6921504735946655,0.028131261467933655,0.7378578782081604,0.003701745066791773,0.0006175380549393594,0.004944666754454374,0.7223095297813416,0.003215434029698372,0.0019317138940095901,0.7119336128234863,0.0,0.7284612059593201,0.030529385432600975,1.0,0.765200138092041,13.371356964111328,13.340826988220215,46.0,0.6662773489952087,0.7346708178520203,0.004807081539183855,0.7247810959815979,0.0007745933253318071,0.00022439133317675442,0.0005665722419507802,0.7020389437675476,0.0,0.0001096491250791587,0.6877279281616211,0.0,0.718432605266571,"<reg_vae name=reg_vae, built=False>"
48,0.04795818030834198,1.0,0.7389615178108215,11.72742748260498,11.679469108581543,47.0,0.6853088140487671,0.6910033226013184,0.03065105713903904,0.7405374050140381,0.005634794943034649,0.0010291242506355047,0.001174260163679719,0.7249166369438171,0.0025706940796226263,0.0029924223199486732,0.7119929194450378,0.0,0.7302866578102112,0.029977522790431976,1.0,0.7628297805786133,14.47936725616455,14.449390411376953,47.0,0.6661080121994019,0.7328522801399231,0.00565414410084486,0.7194374203681946,0.0023237799759954214,0.00011219566658837721,0.0,0.7030305862426758,0.0,0.0,0.6913880705833435,0.0,0.7177430987358093,"<reg_vae name=reg_vae, built=False>"
49,0.050551168620586395,1.0,0.7383039593696594,11.41059684753418,11.360044479370117,48.0,0.6866573095321655,0.6877528429031372,0.030328910797834396,0.7412533760070801,0.003522987477481365,0.0007723598391748965,0.0070588234812021255,0.7271347641944885,0.002828490687534213,0.0019325538305565715,0.7145001292228699,0.0,0.730318009853363,0.03108576126396656,1.0,0.7622302174568176,13.481024742126465,13.449938774108887,48.0,0.6678617000579834,0.7311444878578186,0.005145906470716,0.7162191867828369,0.0023237799759954214,0.0,0.0005665722419507802,0.7067709565162659,0.0,0.0,0.6974796056747437,0.0,0.718022346496582,"<reg_vae name=reg_vae, built=False>"
50,0.0497981533408165,1.0,0.7372893691062927,11.338424682617188,11.288627624511719,49.0,0.6869577169418335,0.6874911785125732,0.03007442131638527,0.740949809551239,0.005284481216222048,0.001080747228115797,0.004466384649276733,0.7265552282333374,0.004371865652501583,0.0026562348939478397,0.7149967551231384,0.0,0.7321549654006958,0.029110711067914963,1.0,0.7588271498680115,13.1907320022583,13.161620140075684,49.0,0.6691102981567383,0.729716420173645,0.004785904660820961,0.7171528339385986,0.00038729666266590357,0.00011219566658837721,0.0,0.7090555429458618,0.0,0.0,0.702251136302948,0.0,0.7150678038597107,"<reg_vae name=reg_vae, built=False>"
51,0.05090264230966568,1.0,0.7374080419540405,11.732062339782715,11.681159973144531,50.0,0.6873876452445984,0.6865054368972778,0.03193137049674988,0.741969883441925,0.006165228318423033,0.0008234688430093229,0.003758515464141965,0.726245641708374,0.004371865652501583,0.002799362875521183,0.7152818441390991,0.0,0.7328896522521973,0.02976761944591999,1.0,0.7572208642959595,16.13713264465332,16.107364654541016,50.0,0.6710637807846069,0.7274532318115234,0.005992969498038292,0.7232710123062134,0.0030983733013272285,0.00011219566658837721,0.0,0.7146676182746887,0.0,0.0,0.7010484933853149,0.0,0.712402880191803,"<reg_vae name=reg_vae, built=False>"
52,0.04962162300944328,1.0,0.7363139986991882,11.882925033569336,11.833305358886719,51.0,0.6879572868347168,0.6866924166679382,0.03084799461066723,0.7417030930519104,0.005456785671412945,0.001028965343721211,0.00915707927197218,0.7275063395500183,0.0020573486108332872,0.002367378445342183,0.7175053358078003,0.0,0.7320601344108582,0.030362939462065697,1.0,0.758571207523346,13.280379295349121,13.250016212463379,51.0,0.6701258420944214,0.7282082438468933,0.005505908280611038,0.724823534488678,0.0011618899879977107,0.00022439133317675442,0.0005665722419507802,0.7040643692016602,0.0,0.0,0.6978511810302734,0.0,0.7223283052444458,"<reg_vae name=reg_vae, built=False>"
53,0.05081235244870186,1.0,0.7339542508125305,11.431917190551758,11.381102561950684,52.0,0.6896880865097046,0.6831418871879578,0.03144502267241478,0.746462881565094,0.005633802618831396,0.0005146680632606149,0.006346967536956072,0.7311044335365295,0.002956678159534931,0.00338017288595438,0.7135715484619141,0.0,0.7350453734397888,0.03271666169166565,1.0,0.7609440684318542,13.638550758361816,13.605834007263184,52.0,0.6699891090393066,0.728227436542511,0.006480030715465546,0.7246997356414795,0.0015491866506636143,0.0,0.0005665722419507802,0.7111894488334656,0.0002915451768785715,0.0001096491250791587,0.6937934160232544,0.0,0.7178223729133606,"<reg_vae name=reg_vae, built=False>"
54,0.051598526537418365,1.0,0.7341057062149048,11.210314750671387,11.158717155456543,53.0,0.6900602579116821,0.6825071573257446,0.03261474519968033,0.7425732016563416,0.006863780319690704,0.0007202387205325067,0.004466384649276733,0.7268243432044983,0.0028274001087993383,0.0025108642876148224,0.7218343019485474,0.0,0.7364590764045715,0.032082051038742065,1.0,0.7585985660552979,13.259173393249512,13.227090835571289,53.0,0.6713784337043762,0.7265165448188782,0.00590826291590929,0.7340573668479919,0.0015491866506636143,0.0,0.0,0.71162348985672,0.0,0.0001096491250791587,0.6927439570426941,0.0,0.715578019618988,"<reg_vae name=reg_vae, built=False>"
55,0.052356868982315063,1.0,0.7350962162017822,10.829948425292969,10.777591705322266,54.0,0.6901073455810547,0.6827393770217896,0.030671602115035057,0.7451318502426147,0.008632839657366276,0.001183431944809854,0.007524100597947836,0.7306116223335266,0.0038560412358492613,0.0025596446357667446,0.7189054489135742,0.0,0.7331691384315491,0.034492019563913345,1.0,0.7636138200759888,13.455806732177734,13.421314239501953,54.0,0.6704358458518982,0.7291218638420105,0.005717673804610968,0.7236529588699341,0.0030983733013272285,0.00033658702159300447,0.0005665722419507802,0.713627815246582,0.0,0.0001096491250791587,0.6963975429534912,0.0,0.7153849601745605,"<reg_vae name=reg_vae, built=False>"
56,0.0525631420314312,1.0,0.7346763014793396,11.051769256591797,10.999205589294434,55.0,0.6902487277984619,0.6821131706237793,0.0324772372841835,0.7456721663475037,0.009340853430330753,0.0008750257547944784,0.00564042292535305,0.7294474840164185,0.0050154319033026695,0.0030430371407419443,0.7169961929321289,0.0,0.7362276911735535,0.03171668201684952,1.0,0.7568744421005249,12.827031135559082,12.79531478881836,55.0,0.6719650626182556,0.7251577973365784,0.005717673804610968,0.7261072993278503,0.005422153510153294,0.0,0.0,0.7127236127853394,0.0002915451768785715,0.0,0.702192485332489,0.0,0.7146747708320618,"<reg_vae name=reg_vae, built=False>"
57,0.050946615636348724,1.0,0.7314025163650513,11.35821533203125,11.307269096374512,56.0,0.6918095350265503,0.6804558634757996,0.03248223289847374,0.7453541159629822,0.007922534830868244,0.0008749807020649314,0.00657894741743803,0.7318602204322815,0.003471329342573881,0.0022212564945220947,0.7212852835655212,0.0,0.7362998723983765,0.031844671815633774,1.0,0.7576695680618286,14.511510848999023,14.479666709899902,56.0,0.6714895367622375,0.7258248925209045,0.005929439794272184,0.7213541865348816,0.004260263405740261,0.00033658702159300447,0.0005665722419507802,0.7119731307029724,0.0,0.0001096491250791587,0.7036135196685791,0.0,0.7165157794952393,"<reg_vae name=reg_vae, built=False>"
58,0.05338621884584427,1.0,0.7322506904602051,10.960474014282227,10.907088279724121,57.0,0.6927013993263245,0.6788644790649414,0.03293093666434288,0.7459906339645386,0.007571755442768335,0.000926116481423378,0.006580493412911892,0.7332099080085754,0.0034731156192719936,0.002996037481352687,0.7242048978805542,0.0,0.7348828911781311,0.03204026445746422,1.0,0.7569973468780518,12.987089157104492,12.955049514770508,57.0,0.6723271012306213,0.7249570488929749,0.005971792619675398,0.7273097038269043,0.004260263405740261,0.0,0.0005665722419507802,0.7092183232307434,0.0,0.0,0.6988974213600159,0.0,0.7225731015205383,"<reg_vae name=reg_vae, built=False>"
59,0.05290502309799194,1.0,0.7322522401809692,10.69458293914795,10.641676902770996,58.0,0.69221031665802,0.6793471574783325,0.03208531439304352,0.7479958534240723,0.00880902074277401,0.0011333780130371451,0.009409550577402115,0.7315928339958191,0.003214607248082757,0.003864734200760722,0.7192339301109314,0.0,0.737858235836029,0.032304879277944565,1.0,0.7547634243965149,12.942449569702148,12.91014575958252,58.0,0.6749588251113892,0.72245854139328,0.006543560419231653,0.7341281175613403,0.006584043148905039,0.0,0.0,0.7173802256584167,0.0,0.0001096491250791587,0.6984150409698486,0.0,0.7186635732650757,"<reg_vae name=reg_vae, built=False>"
60,0.05356445163488388,1.0,0.7315610647201538,10.755166053771973,10.7016019821167,59.0,0.6924135088920593,0.6779966354370117,0.031965501606464386,0.7460368871688843,0.009684803895652294,0.0011326194508001208,0.002820211462676525,0.731975257396698,0.004241645336151123,0.002028299495577812,0.7217056751251221,0.0,0.7378582954406738,0.03226671367883682,1.0,0.7531750202178955,12.948965072631836,12.916698455810547,59.0,0.6740241050720215,0.7209082841873169,0.005569437984377146,0.7306199073791504,0.009682416915893555,0.0,0.0011331444839015603,0.7155567407608032,0.0,0.0001096491250791587,0.6998914480209351,0.0,0.7185842990875244,"<reg_vae name=reg_vae, built=False>"
61,0.054417431354522705,1.0,0.73199862241745,11.141519546508789,11.087101936340332,60.0,0.6930913329124451,0.6775811910629272,0.03453778102993965,0.747037947177887,0.011437620967626572,0.0007718828856013715,0.006580493412911892,0.7332226037979126,0.0051446943543851376,0.0027520277071744204,0.7225627899169922,0.00018288222781848162,0.7370428442955017,0.0339813157916069,1.0,0.7553941607475281,12.960379600524902,12.926397323608398,60.0,0.6759300827980042,0.7214128375053406,0.006712972652167082,0.7312776446342468,0.008907823823392391,0.00011219566658837721,0.0011331444839015603,0.7166599035263062,0.0,0.0001096491250791587,0.6998882293701172,0.0,0.7249587774276733,"<reg_vae name=reg_vae, built=False>"
62,0.05311455577611923,1.0,0.7291296720504761,11.430717468261719,11.377602577209473,61.0,0.6944543719291687,0.6760151386260986,0.03267955780029297,0.7489170432090759,0.010737545788288116,0.0005143503658473492,0.006574313156306744,0.7349618077278137,0.004237832501530647,0.0037165749818086624,0.7233734130859375,0.0,0.7387986183166504,0.032203610986471176,1.0,0.7532441020011902,15.245767593383789,15.2135648727417,61.0,0.675376832485199,0.7210404872894287,0.005717673804610968,0.7267544865608215,0.005422153510153294,0.00011219566658837721,0.0005665722419507802,0.7149147987365723,0.0,0.0001096491250791587,0.7036558985710144,0.0,0.7251208424568176,"<reg_vae name=reg_vae, built=False>"
63,0.05436632037162781,1.0,0.7290405035018921,11.697562217712402,11.643194198608398,62.0,0.6953544616699219,0.6746742725372314,0.03356918320059776,0.7495433688163757,0.009508715942502022,0.0010806916980072856,0.004934210330247879,0.7345000505447388,0.004884946625679731,0.0030891012866050005,0.7254761457443237,0.0,0.740324854850769,0.03418479859828949,1.0,0.7530759572982788,14.303396224975586,14.26921272277832,62.0,0.6757910251617432,0.7188910841941833,0.005505908280611038,0.7315818071365356,0.008907823823392391,0.0,0.0011331444839015603,0.7142486572265625,0.0,0.0,0.7021598815917969,0.0,0.7246037125587463,"<reg_vae name=reg_vae, built=False>"
64,0.05424971133470535,1.0,0.7297912836074829,11.094782829284668,11.040531158447266,63.0,0.6943639516830444,0.6755416393280029,0.03516516089439392,0.7472587823867798,0.011804087087512016,0.00061731570167467,0.00939628854393959,0.7350531816482544,0.004627249203622341,0.003620564704760909,0.7237728834152222,0.0,0.7390279769897461,0.033528704196214676,1.0,0.7509765028953552,13.36780071258545,13.334272384643555,63.0,0.6766992211341858,0.717447817325592,0.006712972652167082,0.7378450036048889,0.006971340160816908,0.0,0.0005665722419507802,0.7185737490653992,0.0,0.0,0.6989984512329102,0.0,0.7207493782043457,"<reg_vae name=reg_vae, built=False>"
65,0.05455677583813667,1.0,0.7285681962966919,10.541097640991211,10.486539840698242,64.0,0.6943557858467102,0.6740113496780396,0.03205282613635063,0.7482017278671265,0.012854375876486301,0.0006178560433909297,0.007750117219984531,0.7349461317062378,0.004115226212888956,0.0026071842294186354,0.723799467086792,0.0,0.7386752963066101,0.03359231725335121,1.0,0.751953661441803,12.726194381713867,12.692602157592773,64.0,0.6771196722984314,0.7183613181114197,0.006691796239465475,0.7400623559951782,0.008907823823392391,0.00011219566658837721,0.0,0.7152734398841858,0.0,0.0,0.6990082263946533,0.0,0.7242037653923035,"<reg_vae name=reg_vae, built=False>"
66,0.05432679504156113,1.0,0.7272820472717285,10.679988861083984,10.625661849975586,65.0,0.6956109404563904,0.6729552745819092,0.0335693322122097,0.7510479688644409,0.012147887609899044,0.0012366671580821276,0.006817113142460585,0.7341409921646118,0.004122117534279823,0.0029475719202309847,0.7254464626312256,0.0,0.7400990724563599,0.032881781458854675,1.0,0.7507741451263428,13.14235782623291,13.109476089477539,65.0,0.6776791214942932,0.7178922891616821,0.005823556799441576,0.7319990992546082,0.005422153510153294,0.00011219566658837721,0.0,0.7156562209129333,0.000583090353757143,0.0,0.7111032605171204,0.0,0.7214802503585815,"<reg_vae name=reg_vae, built=False>"
67,0.05573363974690437,1.0,0.727220892906189,11.085577011108398,11.029844284057617,66.0,0.6963792443275452,0.6714872717857361,0.0345073938369751,0.7492498159408569,0.007047216407954693,0.0008236808353103697,0.0047003524377942085,0.737629771232605,0.005400539841502905,0.004155191592872143,0.7261237502098083,0.0,0.7406343221664429,0.03494473174214363,1.0,0.751555323600769,13.90902042388916,13.874076843261719,66.0,0.678065299987793,0.7166106104850769,0.006374147720634937,0.7375302314758301,0.005422153510153294,0.0,0.0,0.7199782729148865,0.0,0.0,0.7063382863998413,0.0,0.7178189754486084,"<reg_vae name=reg_vae, built=False>"
68,0.055931173264980316,1.0,0.726351261138916,11.337889671325684,11.281959533691406,67.0,0.6980136632919312,0.6704200506210327,0.03405601531267166,0.7538151144981384,0.013392070308327675,0.0007207949529401958,0.009416195563971996,0.7367619276046753,0.0042432816699147224,0.003383604111149907,0.7261471748352051,0.0,0.7443960905075073,0.03590714558959007,1.0,0.7532941699028015,13.166345596313477,13.130437850952148,67.0,0.6775858998298645,0.7173870205879211,0.007708271499723196,0.728784441947937,0.004647559951990843,0.0,0.0005665722419507802,0.7227391004562378,0.0,0.0,0.7107545733451843,0.0,0.7161744832992554,"<reg_vae name=reg_vae, built=False>"
69,0.05537157505750656,1.0,0.7248573899269104,10.839522361755371,10.784151077270508,68.0,0.6984180212020874,0.6694859266281128,0.03370421752333641,0.748603343963623,0.014610104262828827,0.0005661931354552507,0.0077647059224545956,0.738283634185791,0.00463320454582572,0.003526740474626422,0.7320027351379395,0.0,0.7434114813804626,0.036612141877412796,1.0,0.7506865859031677,12.717206954956055,12.680594444274902,68.0,0.6781126856803894,0.714074432849884,0.006395324133336544,0.7323527932167053,0.0050348564982414246,0.00011219566658837721,0.0,0.7151257395744324,0.0,0.0,0.7074496746063232,0.0,0.7274479269981384,"<reg_vae name=reg_vae, built=False>"
70,0.05540565401315689,1.0,0.724686861038208,10.868840217590332,10.813434600830078,69.0,0.6982858777046204,0.6692811846733093,0.03639855608344078,0.7541424632072449,0.016018306836485863,0.0015442424919456244,0.005645730532705784,0.7387248873710632,0.004372990224510431,0.0026561066042631865,0.7258106470108032,0.0,0.7430451512336731,0.0367475263774395,1.0,0.753247082233429,12.558094024658203,12.521346092224121,69.0,0.6778461337089539,0.7164995074272156,0.006712972652167082,0.7368370890617371,0.00735863670706749,0.0,0.0005665722419507802,0.7168407440185547,0.0,0.0,0.7014037370681763,0.0,0.7262550592422485,"<reg_vae name=reg_vae, built=False>"
71,0.056256286799907684,1.0,0.7249211072921753,10.387285232543945,10.33102798461914,70.0,0.6988182067871094,0.668664813041687,0.035907525569200516,0.7560001611709595,0.01303735002875328,0.0005148800555616617,0.01035294122993946,0.7365831136703491,0.003730863332748413,0.003526740474626422,0.7270415425300598,0.0,0.7447489500045776,0.03667135909199715,1.0,0.7491645216941833,13.342845916748047,13.306174278259277,70.0,0.6806309223175049,0.7124931216239929,0.005929439794272184,0.7298701405525208,0.010457010008394718,0.0,0.0,0.7246861457824707,0.0,0.0001096491250791587,0.7153370380401611,0.0,0.7217904925346375,"<reg_vae name=reg_vae, built=False>"
72,0.05754183977842331,1.0,0.7242926359176636,10.55178451538086,10.494242668151855,71.0,0.700595498085022,0.6667507886886597,0.03661760315299034,0.750736653804779,0.01163200568407774,0.0009262594394385815,0.011045828461647034,0.7418386936187744,0.003989703953266144,0.0036244140937924385,0.7341882586479187,0.0,0.7441991567611694,0.038265008479356766,1.0,0.7507399916648865,12.931894302368164,12.89362907409668,71.0,0.6808228492736816,0.7124750018119812,0.005929439794272184,0.7315889000892639,0.009682416915893555,0.00011219566658837721,0.0005665722419507802,0.718709409236908,0.0,0.0002192982501583174,0.7130295038223267,0.0,0.7302404046058655,"<reg_vae name=reg_vae, built=False>"
73,0.057318031787872314,1.0,0.7239726781845093,10.503000259399414,10.44568157196045,72.0,0.6999949216842651,0.666654646396637,0.03763585537672043,0.7559766173362732,0.013039647601544857,0.0009783727582544088,0.006813909858465195,0.7406717538833618,0.0038580247201025486,0.004201477859169245,0.726897656917572,0.0,0.745209276676178,0.03703663498163223,1.0,0.7497429847717285,13.129666328430176,13.092630386352539,72.0,0.6807342767715454,0.7127063870429993,0.006204735022038221,0.7380678057670593,0.01200619712471962,0.0,0.0005665722419507802,0.720891535282135,0.0,0.0,0.7090891003608704,0.0,0.7251484394073486,"<reg_vae name=reg_vae, built=False>"
74,0.0571700856089592,1.0,0.7234822511672974,10.496384620666504,10.439214706420898,73.0,0.7006784677505493,0.6663122773170471,0.03447796031832695,0.7539137005805969,0.013901108875870705,0.0013889602851122618,0.007990599609911442,0.7411713600158691,0.003983551636338234,0.003718010615557432,0.7325543761253357,0.0,0.7443224191665649,0.03828258439898491,1.0,0.7499730587005615,12.947637557983398,12.909354209899902,73.0,0.6807840466499329,0.7116904258728027,0.00681885564699769,0.7403806447982788,0.006584043148905039,0.00011219566658837721,0.0,0.7255542278289795,0.0,0.0001096491250791587,0.7028443217277527,0.0,0.7243313789367676,"<reg_vae name=reg_vae, built=False>"
75,0.057184308767318726,1.0,0.7213436365127563,10.637137413024902,10.57995319366455,74.0,0.7019144892692566,0.66415935754776,0.03645876795053482,0.7553539276123047,0.011439633555710316,0.0007203869754448533,0.007755581755191088,0.7416283488273621,0.0048855748027563095,0.004057774785906076,0.7328557372093201,0.0,0.7472068071365356,0.039209622889757156,1.0,0.7480760812759399,13.517128944396973,13.47791862487793,74.0,0.681850790977478,0.7088664174079895,0.006183558609336615,0.7425698041915894,0.0038729666266590357,0.0,0.0005665722419507802,0.7330349683761597,0.0,0.0,0.706885814666748,0.0,0.7142300605773926,"<reg_vae name=reg_vae, built=False>"
76,0.05712118744850159,1.0,0.7199831008911133,11.334442138671875,11.277320861816406,75.0,0.7023385763168335,0.6628619432449341,0.03649160638451576,0.7574067115783691,0.011971831321716309,0.0010803025215864182,0.009159229695796967,0.74250727891922,0.004498714581131935,0.004536898341029882,0.7318772077560425,0.0,0.7470061182975769,0.038639992475509644,1.0,0.7468676567077637,13.55564022064209,13.517000198364258,75.0,0.6827373504638672,0.7082276940345764,0.006247088313102722,0.7270833849906921,0.008133229799568653,0.0,0.0,0.730488121509552,0.0,0.0,0.7237231135368347,0.0,0.7183188199996948,"<reg_vae name=reg_vae, built=False>"
77,0.05847933888435364,1.0,0.7191652059555054,10.842899322509766,10.784420013427734,76.0,0.7029156684875488,0.6606858968734741,0.03765585646033287,0.7555255889892578,0.01515151560306549,0.0007213148637674749,0.006818716414272785,0.7433506846427917,0.004245465155690908,0.0034791012294590473,0.7343152761459351,0.0,0.7477315664291382,0.03933155536651611,1.0,0.7487163543701172,12.673232078552246,12.633899688720703,76.0,0.6822789907455444,0.7093847990036011,0.006247088313102722,0.728253960609436,0.008133229799568653,0.0,0.0,0.7288243770599365,0.0002915451768785715,0.0,0.7204638719558716,0.0,0.7204908132553101,"<reg_vae name=reg_vae, built=False>"
78,0.05716080218553543,1.0,0.7199758291244507,10.209508895874023,10.152348518371582,77.0,0.7028713226318359,0.6628150939941406,0.03702535480260849,0.7563557624816895,0.012500000186264515,0.0009264024556614459,0.010813351720571518,0.7423855662345886,0.0057900152169167995,0.0036252900026738644,0.7347509860992432,0.0,0.7474449276924133,0.038466926664114,1.0,0.7475927472114563,13.007579803466797,12.96911334991455,77.0,0.6824662685394287,0.7091258764266968,0.006120028905570507,0.7319778800010681,0.008907823823392391,0.0,0.0,0.7317419648170471,0.0002915451768785715,0.0001096491250791587,0.7141376733779907,0.0,0.7210561633110046,"<reg_vae name=reg_vae, built=False>"
79,0.05891956761479378,1.0,0.7182317972183228,10.523447036743164,10.46452808380127,78.0,0.7043210864067078,0.6593121886253357,0.039094842970371246,0.7567263841629028,0.012682754546403885,0.0010287537006661296,0.010117647238075733,0.7446374893188477,0.004110997077077627,0.004490801133215427,0.734218955039978,0.0,0.7511447668075562,0.04279794916510582,1.0,0.7528815865516663,13.375396728515625,13.332598686218262,78.0,0.6819098591804504,0.7100836038589478,0.006945915054529905,0.7249084115028381,0.003485670080408454,0.0,0.0016997166676446795,0.7285441160202026,0.0,0.0,0.7240197062492371,0.0,0.7185946702957153,"<reg_vae name=reg_vae, built=False>"
80,0.05851302668452263,1.0,0.7183327078819275,10.49660587310791,10.438093185424805,79.0,0.7041374444961548,0.6598197221755981,0.037195105105638504,0.7584918141365051,0.013565891422331333,0.0008752960711717606,0.006580493412911892,0.7450214624404907,0.005272633861750364,0.002994879614561796,0.7342091202735901,0.0,0.7485620975494385,0.042049866169691086,1.0,0.7476984858512878,13.651817321777344,13.609768867492676,79.0,0.6835703253746033,0.7056486010551453,0.006035322323441505,0.7270373702049255,0.010844307020306587,0.0,0.0,0.725997269153595,0.0,0.0,0.7257145047187805,0.0,0.7251001596450806,"<reg_vae name=reg_vae, built=False>"
81,0.05765901133418083,1.0,0.7182062268257141,10.499337196350098,10.441679000854492,80.0,0.7037932276725769,0.660547137260437,0.0356576181948185,0.756653904914856,0.017432646825909615,0.0010810811072587967,0.007282123435288668,0.7434913516044617,0.0042432816699147224,0.004634099081158638,0.7353696227073669,0.0,0.7495286464691162,0.040265705436468124,1.0,0.7454172968864441,12.758675575256348,12.718408584594727,80.0,0.6847257018089294,0.7051516175270081,0.005971792619675398,0.7231436967849731,0.007745933253318071,0.0,0.0005665722419507802,0.7362900376319885,0.0,0.0,0.7270084023475647,0.0,0.7209148406982422,"<reg_vae name=reg_vae, built=False>"
82,0.05905221030116081,1.0,0.7170548439025879,10.405980110168457,10.346927642822266,81.0,0.7051409482955933,0.658002495765686,0.03879578784108162,0.758051872253418,0.01532499585300684,0.0009778692619875073,0.009626672603189945,0.7449585199356079,0.003860010299831629,0.004299932159483433,0.7364034652709961,0.0,0.7506647109985352,0.03985373303294182,1.0,0.7434707880020142,12.943414688110352,12.90356159210205,81.0,0.6855586767196655,0.7036170363426208,0.006141205318272114,0.7344039678573608,0.004647559951990843,0.00011219566658837721,0.0,0.7370224595069885,0.0,0.0,0.7223802804946899,0.0,0.7176913619041443,"<reg_vae name=reg_vae, built=False>"
83,0.05874596908688545,1.0,0.7164275646209717,12.099164962768555,12.040417671203613,82.0,0.7048803567886353,0.6576815843582153,0.038991186767816544,0.7591952681541443,0.016032416373491287,0.0009782216511666775,0.011064030230045319,0.7460883259773254,0.005529835354536772,0.00396403344348073,0.7345401048660278,0.0,0.7490871548652649,0.04128642380237579,1.0,0.7454734444618225,15.886526107788086,15.845239639282227,82.0,0.6851360201835632,0.7041870355606079,0.005823556799441576,0.7389943599700928,0.0038729666266590357,0.0,0.0,0.7435356974601746,0.0,0.0,0.7149720191955566,0.0,0.7117891907691956,"<reg_vae name=reg_vae, built=False>"
84,0.0592985637485981,1.0,0.7167068719863892,11.778036117553711,11.71873664855957,83.0,0.7051368355751038,0.6574083566665649,0.036773163825273514,0.7573382258415222,0.015498414635658264,0.0013385502388700843,0.009159229695796967,0.7454012036323547,0.006430868059396744,0.0033819691743701696,0.7380998730659485,0.0,0.7495902180671692,0.041364237666130066,1.0,0.7476683259010315,13.803492546081543,13.762127876281738,83.0,0.685272753238678,0.7063040733337402,0.005717673804610968,0.7284166216850281,0.007745933253318071,0.0,0.0,0.7350935339927673,0.0,0.0,0.7263402938842773,0.0,0.7203218340873718,"<reg_vae name=reg_vae, built=False>"
85,0.057818539440631866,1.0,0.7136935591697693,10.752058982849121,10.694241523742676,84.0,0.7053608894348145,0.655875027179718,0.039667289704084396,0.7585819363594055,0.014972697012126446,0.001185200409963727,0.00894117634743452,0.7447175979614258,0.004116285126656294,0.004689388442784548,0.736273467540741,0.0,0.7514524459838867,0.04195670410990715,1.0,0.7469830513000488,12.786735534667969,12.74477767944336,84.0,0.6856736540794373,0.7050263285636902,0.006458853837102652,0.7255414128303528,0.009295119903981686,0.0,0.0,0.7351085543632507,0.0,0.0,0.7308869361877441,0.0,0.7199426293373108,"<reg_vae name=reg_vae, built=False>"
86,0.05888793617486954,1.0,0.7152662873268127,10.497092247009277,10.43820571899414,85.0,0.7056804299354553,0.6563783884048462,0.04020114615559578,0.7591351866722107,0.014970059506595135,0.0010290712816640735,0.013392857275903225,0.7464092373847961,0.005012209061533213,0.0042978557758033276,0.7363099455833435,0.0,0.750407874584198,0.042025450617074966,1.0,0.7441343069076538,13.747605323791504,13.70557975769043,85.0,0.6869961023330688,0.7021088004112244,0.006183558609336615,0.7292866110801697,0.00735863670706749,0.00011219566658837721,0.0,0.7376946210861206,0.0,0.0001096491250791587,0.7289476990699768,0.0,0.7213078737258911,"<reg_vae name=reg_vae, built=False>"
87,0.05888459086418152,1.0,0.7144325375556946,10.891103744506836,10.832219123840332,86.0,0.7062920331954956,0.6555479168891907,0.03734859451651573,0.7608739137649536,0.015482055023312569,0.0012858097907155752,0.011518570594489574,0.7469761967658997,0.00577960442751646,0.004390832502394915,0.737521767616272,0.0,0.7500309944152832,0.04383755847811699,1.0,0.7498124837875366,12.72438907623291,12.680550575256348,86.0,0.6853635907173157,0.7059749364852905,0.006183558609336615,0.7303723096847534,0.009295119903981686,0.00011219566658837721,0.0,0.7362117171287537,0.0,0.0,0.7226801514625549,0.0,0.7213181853294373,"<reg_vae name=reg_vae, built=False>"
88,0.059781771153211594,1.0,0.7130460739135742,10.434305191040039,10.374523162841797,87.0,0.7072364687919617,0.6532642841339111,0.03951457887887955,0.7600136995315552,0.01495952159166336,0.0013380680466070771,0.007750117219984531,0.7475353479385376,0.005392912309616804,0.0036702563520520926,0.7381188869476318,0.0,0.7534196972846985,0.04329949617385864,1.0,0.744341254234314,13.263248443603516,13.219948768615723,87.0,0.6884716153144836,0.7010417580604553,0.006480030715465546,0.7236953973770142,0.006971340160816908,0.0,0.0005665722419507802,0.7312446236610413,0.0,0.0,0.7401464581489563,0.0,0.7287958860397339,"<reg_vae name=reg_vae, built=False>"
89,0.0581902340054512,1.0,0.7123082876205444,10.168106079101562,10.109916687011719,88.0,0.706119179725647,0.654118001461029,0.038241732865571976,0.7591931819915771,0.014268099330365658,0.0010305028408765793,0.011288804933428764,0.7461804747581482,0.003989190794527531,0.003769937204197049,0.7380421161651611,0.0,0.7510201334953308,0.04447612166404724,1.0,0.7488894462585449,13.065733909606934,13.021258354187012,88.0,0.6869736313819885,0.7044132947921753,0.00681885564699769,0.735691249370575,0.00735863670706749,0.0,0.0,0.7300360202789307,0.0,0.0002192982501583174,0.7245574593544006,0.0,0.7282649874687195,"<reg_vae name=reg_vae, built=False>"
90,0.060098618268966675,1.0,0.7129350900650024,10.45307731628418,10.392979621887207,89.0,0.7081369161605835,0.6528365015983582,0.03954776003956795,0.762476921081543,0.01618293672800064,0.0006692751194350421,0.010570824146270752,0.7488353252410889,0.004758230410516262,0.004686896223574877,0.7385700345039368,0.0,0.7530158758163452,0.04417749121785164,1.0,0.7491188049316406,12.9887056350708,12.944527626037598,89.0,0.6873574256896973,0.7049413323402405,0.007814154028892517,0.7300823330879211,0.00735863670706749,0.0,0.0,0.7302259206771851,0.0,0.0,0.728716254234314,0.0,0.7306644916534424,"<reg_vae name=reg_vae, built=False>"
91,0.059333182871341705,1.0,0.7125457525253296,10.877840042114258,10.818506240844727,90.0,0.7076284289360046,0.6532125473022461,0.03899044170975685,0.7606726288795471,0.013761468231678009,0.0005148005438968539,0.012223789468407631,0.7481914162635803,0.005401929374784231,0.003863987745717168,0.7385580539703369,0.0,0.7533246874809265,0.04412338510155678,1.0,0.7483857274055481,12.823033332824707,12.778909683227539,90.0,0.6871049404144287,0.704262375831604,0.006924738641828299,0.7277553081512451,0.009682416915893555,0.0,0.0005665722419507802,0.7398194670677185,0.0,0.0001096491250791587,0.7301666736602783,0.0,0.7194220423698425,"<reg_vae name=reg_vae, built=False>"
92,0.05929835885763168,1.0,0.7106395959854126,10.92324447631836,10.863946914672852,91.0,0.7084004282951355,0.6513411402702332,0.04125146195292473,0.7607201337814331,0.01692226342856884,0.001441293046809733,0.00939628854393959,0.7484739422798157,0.0057892706245183945,0.004834888502955437,0.741117537021637,0.0,0.7532273530960083,0.043269116431474686,1.0,0.7445051074028015,12.302289962768555,12.259020805358887,91.0,0.6894856691360474,0.7012360095977783,0.006225911434739828,0.7327099442481995,0.006196746602654457,0.0,0.0,0.7333695292472839,0.0,0.0001096491250791587,0.7316626310348511,0.0,0.7310988903045654,"<reg_vae name=reg_vae, built=False>"
93,0.05995173007249832,1.0,0.7113035917282104,10.313210487365723,10.253259658813477,92.0,0.708179235458374,0.6513519287109375,0.0390717089176178,0.7628905773162842,0.016928231343626976,0.0010303966701030731,0.008709981106221676,0.7477445006370544,0.005277384538203478,0.0038197466637939215,0.7385528087615967,0.0,0.7539788484573364,0.04347815364599228,1.0,0.7433344721794128,13.751916885375977,13.7084379196167,92.0,0.6894482970237732,0.6998563408851624,0.006141205318272114,0.7297499179840088,0.00735863670706749,0.0,0.0,0.7339602708816528,0.0,0.0001096491250791587,0.7258905172348022,0.0,0.7392522692680359,"<reg_vae name=reg_vae, built=False>"
94,0.05977974086999893,1.0,0.708877444267273,10.828363418579102,10.768583297729492,93.0,0.709425151348114,0.6490976810455322,0.04057680442929268,0.7620946764945984,0.01587301678955555,0.001493690419010818,0.015297717414796352,0.7512198090553284,0.006309554446488619,0.0035304927732795477,0.7406479120254517,0.00018278193601872772,0.7537778615951538,0.04417882114648819,1.0,0.7452867031097412,12.539764404296875,12.495585441589355,93.0,0.6881406307220459,0.701107919216156,0.005992969498038292,0.7293750047683716,0.00735863670706749,0.0,0.0,0.7387645840644836,0.0,0.0,0.7252745032310486,0.0,0.7289993166923523,"<reg_vae name=reg_vae, built=False>"
95,0.060003094375133514,1.0,0.709668755531311,10.714398384094238,10.65439510345459,94.0,0.7093896269798279,0.6496656537055969,0.0397019125521183,0.7629987597465515,0.011277533136308193,0.0010804692283272743,0.00799623690545559,0.7479143738746643,0.004498714581131935,0.0043942248448729515,0.7414706349372864,0.0,0.7560122013092041,0.04312620684504509,1.0,0.7436052560806274,12.643251419067383,12.600125312805176,94.0,0.6890241503715515,0.7004790306091309,0.005463554989546537,0.7192464470863342,0.004260263405740261,0.0,0.0,0.7458926439285278,0.0,0.0,0.738761305809021,0.0,0.7204873561859131,"<reg_vae name=reg_vae, built=False>"
96,0.05996958538889885,1.0,0.7091835141181946,10.267098426818848,10.20712947845459,95.0,0.7100199460983276,0.6492139101028442,0.03977404534816742,0.7618446350097656,0.01708047278225422,0.0012349491007626057,0.011767474934458733,0.7521998286247253,0.004758230410516262,0.004057774785906076,0.7423468232154846,0.0,0.7540874481201172,0.04615623876452446,1.0,0.7450898289680481,12.823046684265137,12.776890754699707,95.0,0.689846932888031,0.6989336013793945,0.006183558609336615,0.7311149835586548,0.008520526811480522,0.00011219566658837721,0.0,0.745021641254425,0.0,0.0,0.733132541179657,0.0,0.7193599939346313,"<reg_vae name=reg_vae, built=False>"
97,0.06016835570335388,1.0,0.7102052569389343,10.59501838684082,10.534850120544434,96.0,0.7093022465705872,0.6500368714332581,0.039931539446115494,0.7635120153427124,0.015330396592617035,0.001184529042802751,0.011526699177920818,0.7495635151863098,0.004759454634040594,0.0052178953774273396,0.7404970526695251,0.0,0.7538489699363708,0.044082723557949066,1.0,0.7446491718292236,12.566702842712402,12.52262020111084,96.0,0.690330982208252,0.7005664110183716,0.006585913244634867,0.7413001656532288,0.007745933253318071,0.0,0.0,0.7425139546394348,0.0,0.0001096491250791587,0.7191471457481384,0.0,0.7291820645332336,"<reg_vae name=reg_vae, built=False>"
98,0.06048154830932617,1.0,0.7092347145080566,10.33851432800293,10.278032302856445,97.0,0.7100183367729187,0.64875328540802,0.04046307131648064,0.7617843151092529,0.01390355546027422,0.0011830058647319674,0.010338345542550087,0.7501454949378967,0.005785549059510231,0.004633652046322823,0.7431132793426514,0.0,0.755606472492218,0.04669633135199547,1.0,0.7466247081756592,13.523255348205566,13.476557731628418,97.0,0.6892229914665222,0.6999284029006958,0.0066282665356993675,0.7408580780029297,0.010844307020306587,0.0,0.0,0.7412450909614563,0.0,0.0,0.7203139066696167,0.0,0.724882960319519,"<reg_vae name=reg_vae, built=False>"
99,0.06145389750599861,1.0,0.7080963253974915,10.649868965148926,10.588415145874023,98.0,0.7109073400497437,0.6466423869132996,0.0431845597922802,0.7658724784851074,0.01761804148554802,0.00123564840760082,0.008939073421061039,0.7511663436889648,0.0061688730493187904,0.004879462998360395,0.7408928275108337,0.0,0.7561646103858948,0.04662363976240158,1.0,0.7444447875022888,13.172653198242188,13.126029968261719,98.0,0.6901973485946655,0.6978210806846619,0.0058870865032076836,0.7344817519187927,0.008907823823392391,0.00011219566658837721,0.0005665722419507802,0.7414771318435669,0.0,0.0001096491250791587,0.7293062210083008,0.0,0.7257724404335022,"<reg_vae name=reg_vae, built=False>"
100,0.06009981781244278,1.0,0.7074280381202698,10.366965293884277,10.306865692138672,99.0,0.710963785648346,0.64732825756073,0.04154803603887558,0.7614503502845764,0.015859030187129974,0.0010290712816640735,0.011759172193706036,0.7511219382286072,0.005271277856081724,0.004297025967389345,0.7446936368942261,0.0,0.7571552395820618,0.04540737718343735,1.0,0.7442149519920349,12.495075225830078,12.449668884277344,99.0,0.690990686416626,0.6988075971603394,0.00590826291590929,0.7189104557037354,0.0050348564982414246,0.00011219566658837721,0.0,0.738222062587738,0.0,0.0,0.7438978552818298,0.0,0.7327985167503357,"<reg_vae name=reg_vae, built=False>"
