0,1,2,3,4,5,6,7
0.841471,0.5403023,0.09983342,0.9950042,0.009999833,0.99995,0.0009999999,0.9999995
0.90929747,-0.4161468,0.19866933,0.9800666,0.019998666,0.9998,0.0019999987,0.999998
0.14112,-0.9899925,0.29552022,0.9553365,0.0299955,0.99955004,0.0029999956,0.9999955
-0.7568025,-0.65364367,0.38941833,0.921061,0.039989334,0.9992001,0.0039999895,0.999992
-0.9589243,0.28366217,0.47942555,0.87758255,0.04997917,0.99875027,0.004999979,0.9999875
-0.2794155,0.96017027,0.5646425,0.8253356,0.059964005,0.99820054,0.005999964,0.999982
0.6569866,0.75390226,0.64421767,0.7648422,0.06994285,0.997551,0.006999943,0.9999755
0.98935825,-0.14550003,0.71735615,0.6967067,0.07991469,0.99680173,0.007999915,0.999968
0.4121185,-0.91113025,0.7833269,0.62161,0.08987855,0.9959527,0.008999879,0.9999595
-0.54402107,-0.8390716,0.841471,0.5403023,0.09983342,0.9950042,0.009999833,0.99995
-0.9999902,0.004425698,0.8912074,0.45359612,0.1097783,0.9939561,0.010999778,0.9999395
-0.53657293,0.84385395,0.9320391,0.36235774,0.119712204,0.99280864,0.011999712,0.999928
0.42016706,0.9074468,0.9635582,0.26749888,0.12963414,0.9915619,0.012999634,0.9999155
0.9906074,0.13673723,0.98544973,0.16996716,0.13954312,0.990216,0.013999543,0.999902
0.65028787,-0.7596879,0.997495,0.0707372,0.14943814,0.9887711,0.014999437,0.9998875
-0.28790334,-0.9576595,0.9995736,-0.029199544,0.15931821,0.98722726,0.015999319,0.999872
-0.96139747,-0.27516335,0.9916648,-0.12884454,0.16918235,0.9855848,0.016999181,0.9998555
-0.75098723,0.6603167,0.9738476,-0.22720204,0.17902958,0.9838437,0.017999027,0.999838
0.1498772,0.9887046,0.9463001,-0.32328954,0.1888589,0.9820042,0.018998856,0.9998195
0.9129453,0.40808207,0.90929747,-0.4161468,0.19866933,0.9800666,0.019998666,0.9998
0.8366556,-0.5477293,0.8632094,-0.50484604,0.2084599,0.9780309,0.020998456,0.9997795
-0.008851309,-0.99996084,0.8084964,-0.58850116,0.21822962,0.97589743,0.021998225,0.999758
-0.84622043,-0.53283304,0.74570525,-0.66627604,0.22797753,0.97366637,0.022997972,0.99973553
-0.9055784,0.42417902,0.67546314,-0.7373938,0.23770262,0.971338,0.023997696,0.999712
-0.13235176,0.99120283,0.5984722,-0.8011436,0.24740396,0.9689124,0.024997396,0.9996875
0.76255846,0.64691937,0.5155015,-0.8568887,0.25708055,0.96638995,0.02599707,0.99966204
0.95637596,-0.29213881,0.42737985,-0.90407217,0.26673144,0.96377087,0.02699672,0.9996355
0.2709058,-0.9626059,0.3349882,-0.94222236,0.27635565,0.96105546,0.027996343,0.99960804
-0.6636339,-0.74805754,0.23924923,-0.9709582,0.2859522,0.9582439,0.028995935,0.99957955
-0.9880316,0.15425146,0.14112,-0.9899925,0.29552022,0.9553365,0.0299955,0.99955004
-0.40403765,0.91474235,0.04158076,-0.99913514,0.30505863,0.95233357,0.030995034,0.9995195
0.5514267,0.8342234,-0.05837419,-0.9982948,0.31456655,0.94923544,0.03199454,0.99948806
0.99991184,-0.013276747,-0.15774564,-0.9874798,0.32404304,0.94604236,0.03299401,0.9994556
0.5290827,-0.8485703,-0.2555412,-0.9667982,0.3334871,0.9427547,0.033993453,0.9994221
-0.42818266,-0.9036922,-0.35078323,-0.9364567,0.3428978,0.9393727,0.034992855,0.99938756
-0.99177885,-0.12796369,-0.44252035,-0.8967585,0.35227424,0.9358968,0.035992224,0.9993521
-0.6435381,0.76541406,-0.5298362,-0.84810007,0.36161545,0.93232733,0.03699156,0.99931556
0.29636857,0.95507365,-0.61185783,-0.79096776,0.37092045,0.9286646,0.037990853,0.99927807
0.96379536,0.26664293,-0.68776625,-0.7259323,0.3801884,0.92490906,0.038990114,0.9992396
0.7451132,-0.66693807,-0.7568025,-0.65364367,0.38941833,0.921061,0.039989334,0.9992001
-0.15862267,-0.98733926,-0.81827706,-0.57482404,0.3986093,0.9171208,0.040988516,0.99915963
-0.91652155,-0.3999853,-0.8715757,-0.490261,0.40776044,0.913089,0.041987654,0.99911815
-0.8317748,0.5551133,-0.916166,-0.400799,0.4168708,0.90896577,0.04298675,0.99907565
0.017701926,0.9998433,-0.9516021,-0.30733278,0.42593947,0.90475166,0.043985803,0.99903214
0.8509035,0.525322,-0.9775301,-0.21079579,0.43496552,0.90044713,0.044984818,0.9989877
0.90178835,-0.43217796,-0.99369097,-0.11215262,0.44394812,0.8960525,0.04598378,0.9989422
0.123573124,-0.9923355,-0.9999232,-0.012388854,0.45288628,0.8915683,0.0469827,0.9988957
-0.7682547,-0.64014435,-0.9961646,0.08749918,0.46177918,0.88699496,0.04798157,0.9988482
-0.95375264,0.30059254,-0.9824526,0.18651247,0.4706259,0.88233286,0.048980393,0.99879974
-0.26237485,0.96496606,-0.9589243,0.28366217,0.47942555,0.87758255,0.04997917,0.99875027
0.6702292,0.74215424,-0.92581475,0.37797764,0.48817724,0.8727445,0.050977893,0.9986998
0.9866276,-0.16299078,-0.88345474,0.4685165,0.4968801,0.8678192,0.05197657,0.9986483
0.39592513,-0.9182828,-0.83226734,0.5543745,0.50553334,0.8628071,0.05297519,0.99859583
-0.5587891,-0.8293098,-0.77276444,0.63469297,0.514136,0.8577087,0.05397376,0.99854237
-0.99975514,0.022126755,-0.70554036,0.7086698,0.52268726,0.8525245,0.054972276,0.9984879
-0.521551,0.8532201,-0.6312667,0.77556586,0.5311862,0.8472551,0.055970736,0.9984324
0.43616477,0.8998668,-0.5506857,0.8347127,0.539632,0.841901,0.05696914,0.99837595
0.99287266,0.119180135,-0.464602,0.8855196,0.54802394,0.8364627,0.057967484,0.9983185
0.636738,-0.77108026,-0.37387657,0.9274785,0.556361,0.8309407,0.058965776,0.99826
-0.30481064,-0.95241296,-0.2794155,0.96017027,0.5646425,0.8253356,0.059964005,0.99820054
-0.9661178,-0.25810164,-0.1821626,0.98326844,0.57286745,0.819648,0.060962178,0.9981401
-0.7391807,0.6735072,-0.0830896,0.9965421,0.5810352,0.8138785,0.061960284,0.99807864
0.1673557,0.9858966,0.016814092,0.9998586,0.58914477,0.8080275,0.06295834,0.9980162
0.92002606,0.39185724,0.1165493,0.9931849,0.59719545,0.8020958,0.06395632,0.9979527
0.8268287,-0.56245387,0.21511999,0.97658765,0.6051864,0.79608387,0.064954236,0.99788827
-0.026551155,-0.99964744,0.3115413,0.9502326,0.61311686,0.7899922,0.06595209,0.99782276
-0.85552,-0.51776975,0.40484974,0.91438323,0.62098604,0.7838217,0.06694989,0.99775636
-0.8979277,0.44014302,0.49411353,0.8693974,0.62879306,0.77757275,0.06794761,0.9976889
-0.114784814,0.9933904,0.57843983,0.815725,0.6365372,0.771246,0.06894526,0.99762046
0.77389073,0.6333192,0.6569866,0.75390226,0.64421767,0.7648422,0.06994285,0.997551
0.95105463,-0.30902272,0.728969,0.6845467,0.6518338,0.7583619,0.07094037,0.9974806
0.25382337,-0.9672506,0.7936678,0.60835147,0.6593847,0.7518057,0.07193781,0.9974091
-0.676772,-0.7361927,0.85043675,0.52607733,0.66686964,0.7451744,0.07293518,0.9973367
-0.9851463,0.17171735,0.89870816,0.43854725,0.6742879,0.7384685,0.073932484,0.99726325
-0.38778165,0.92175126,0.93799996,0.34663534,0.6816388,0.7316889,0.07492971,0.9971888
0.56610763,0.82433134,0.96791965,0.25125995,0.68892145,0.72483605,0.075926855,0.9971134
0.9995202,-0.030975033,0.9881682,0.15337405,0.6961352,0.7179107,0.07692394,0.997037
0.5139784,-0.8578031,0.9985434,0.053955227,0.70327944,0.7109136,0.077920936,0.99695957
-0.44411266,-0.89597094,0.99894136,-0.04600222,0.7103533,0.7038453,0.07891785,0.9968811
-0.9938887,-0.11038724,0.98935825,-0.14550003,0.71735615,0.6967067,0.07991469,0.99680173
-0.629888,0.776686,0.9698897,-0.24354453,0.7242872,0.6894984,0.08091146,0.99672127
0.3132288,0.9496777,0.94073063,-0.33915466,0.73114586,0.68222123,0.08190814,0.9966399
0.9683645,0.2495401,0.9021718,-0.43137702,0.7379314,0.6748758,0.08290473,0.9965575
0.73319036,-0.6800235,0.8545991,-0.51928836,0.74464315,0.6674628,0.08390125,0.9964741
-0.17607561,-0.98437667,0.7984871,-0.6020119,0.7512804,0.65998316,0.08489768,0.9963897
-0.92345846,-0.38369843,0.7343969,-0.67872036,0.7578426,0.65243745,0.08589403,0.9963043
-0.8218179,0.5697503,0.6629694,-0.7486465,0.76432896,0.64482653,0.08689029,0.9962179
0.0353983,0.99937326,0.58491707,-0.81109315,0.7707389,0.6371512,0.08788647,0.9961305
0.8600694,0.510177,0.5010212,-0.865435,0.7770718,0.62941206,0.08888255,0.99604213
0.89399666,-0.44807363,0.4121185,-0.91113025,0.7833269,0.62161,0.08987855,0.9959527
0.10598751,-0.9943675,0.319098,-0.9477217,0.78950375,0.61374575,0.090874456,0.99586236
-0.7794661,-0.62644446,0.2228901,-0.97484356,0.79560167,0.6058201,0.09187027,0.995771
-0.9482821,0.3174287,0.12445424,-0.99222535,0.80161995,0.597834,0.092866,0.9956786
-0.24525198,0.96945935,0.024775807,-0.99969304,0.8075581,0.589788,0.093861625,0.99558526
0.68326175,0.7301736,-0.075151116,-0.9971722,0.8134155,0.5816831,0.09485717,0.9954909
0.98358774,-0.18043046,-0.17432716,-0.9846878,0.8191916,0.57352,0.09585261,0.99539554
0.37960774,-0.92514753,-0.27176043,-0.9623649,0.8248858,0.5652995,0.09684796,0.99529916
-0.57338184,-0.81928825,-0.3664793,-0.9304262,0.8304974,0.5570225,0.09784321,0.9952018
-0.99920684,0.03982088,-0.45753556,-0.8891913,0.836026,0.54868984,0.09883836,0.9951035
-0.50636566,0.8623189,-0.54402107,-0.8390716,0.841471,0.5403023,0.09983342,0.9950042
0.4520258,0.8920049,-0.6250709,-0.78056794,0.84683186,0.5318607,0.10082837,0.99490386
0.9948268,0.10158571,-0.6998745,-0.7142658,0.85210806,0.523366,0.101823226,0.99480253
0.62298864,-0.7822309,-0.76768595,-0.6408263,0.857299,0.51481885,0.102817975,0.9947002
-0.3216224,-0.946868,-0.82782626,-0.5609846,0.8624042,0.5062203,0.10381263,0.9945969
-0.9705353,-0.24095905,-0.8796958,-0.47553694,0.86742324,0.49757108,0.10480717,0.9944926
-0.7271425,0.68648654,-0.92277557,-0.38533786,0.87235546,0.4888721,0.105801605,0.99438727
0.18478175,0.98277956,-0.95663494,-0.29128948,0.87720054,0.48012418,0.106795944,0.99428093
0.9268185,0.3755096,-0.9809363,-0.19432971,0.8819578,0.47132835,0.10779017,0.99417365
0.8167426,-0.5770022,-0.9954362,-0.095429234,0.88662696,0.46248534,0.10878429,0.9940654
-0.044242676,-0.9990208,-0.9999902,0.004425698,0.8912074,0.45359612,0.1097783,0.9939561
-0.8645515,-0.50254434,-0.99455255,0.10423641,0.8956987,0.44466153,0.1107722,0.9938458
-0.88999563,0.4559691,-0.9791778,0.20300469,0.90010047,0.43568245,0.111765996,0.99373454
-0.09718191,0.9952666,-0.9540192,0.29974553,0.9044122,0.42665982,0.11275967,0.9936223
0.7849804,0.6195206,-0.9193287,0.39349052,0.9086335,0.41759452,0.11375324,0.99350905
0.94543535,-0.3258098,-0.8754522,0.48330477,0.91276395,0.40848747,0.11474669,0.9933948
0.23666139,-0.9715922,-0.8228284,0.56828994,0.9168031,0.3993396,0.11574002,0.9932795
-0.6896979,-0.72409725,-0.76198375,0.6475962,0.92075056,0.39015174,0.116733246,0.9931633
-0.9819522,0.18912943,-0.69352496,0.72043264,0.92460597,0.38092488,0.117726356,0.99304605
-0.3714041,0.9284713,-0.6181374,0.7860701,0.928369,0.37165985,0.11871934,0.99292785
0.5806112,0.81418097,-0.53657293,0.84385395,0.9320391,0.36235774,0.119712204,0.99280864
0.99881524,-0.04866361,-0.44964713,0.8932063,0.935616,0.3530194,0.12070496,0.9926884
0.49871317,-0.8667671,-0.35822946,0.93363357,0.9390994,0.34364572,0.12169758,0.99256724
-0.45990348,-0.8879689,-0.2632316,0.96473265,0.9424888,0.33423772,0.1226901,0.99244505
-0.995687,-0.09277621,-0.16560456,0.9861922,0.945784,0.3247963,0.12368247,0.99232185
-0.61604047,0.78771454,-0.066321895,0.99779826,0.9489846,0.31532237,0.12467473,0.9921977
0.3299908,0.94398415,0.033623427,0.9994346,0.9520903,0.30581692,0.12566687,0.9920725
0.9726301,0.2323591,0.13323185,0.9910849,0.95510083,0.2962809,0.12665889,0.99194634
0.72103775,-0.6928958,0.23151,0.9728325,0.95801586,0.28671524,0.12765077,0.9918192
-0.1934734,-0.9811055,0.3274741,0.94486016,0.96083504,0.27712092,0.12864251,0.99169105
-0.930106,-0.36729133,0.42016706,0.9074468,0.9635582,0.26749888,0.12963414,0.9915619
-0.81160337,0.58420885,0.5086618,0.86096644,0.9661849,0.2578501,0.13062564,0.9914318
0.053083587,0.99859005,0.5920734,0.80588406,0.96871513,0.24817541,0.13161701,0.99130064
0.86896574,0.49487224,0.6695699,0.74274904,0.9711484,0.23847601,0.13260823,0.99116856
0.8859248,-0.4638289,0.7403757,0.67219335,0.9734846,0.22875278,0.13359934,0.9910354
0.088368684,-0.99608785,0.80378443,0.59492064,0.9757234,0.21900666,0.13459031,0.99090135
-0.7904332,-0.61254823,0.85916203,0.51170367,0.9778646,0.20923865,0.13558115,0.9907662
-0.9425145,0.3341654,0.90595466,0.4233747,0.97990805,0.19944972,0.13657184,0.99063015
-0.22805226,0.9736489,0.9436957,0.3308147,0.98185354,0.18964083,0.1375624,0.9904931
0.69608015,0.7179641,0.9720074,0.2349502,0.9837008,0.179813,0.13855283,0.990355
0.9802397,-0.19781357,0.9906074,0.13673723,0.98544973,0.16996716,0.13954312,0.990216
0.36317137,-0.93172234,0.9993094,0.037158,0.9871001,0.16010435,0.14053327,0.99007595
-0.587795,-0.8090099,0.99802667,-0.062791534,0.98865175,0.1502255,0.14152327,0.9899349
-0.9983454,0.057502527,0.98677194,-0.16211462,0.99010456,0.14033166,0.14251314,0.9897929
-0.4910216,0.8711474,0.9656579,-0.25981697,0.99145836,0.13042365,0.14350285,0.9896499
0.46774516,0.8838634,0.93489504,-0.35492426,0.992713,0.12050272,0.14449243,0.9895059
0.9964692,0.08395943,0.894791,-0.44648522,0.99386835,0.11056974,0.14548185,0.9893609
0.609044,-0.7931364,0.84574693,-0.53358424,0.99492437,0.1006257,0.14647116,0.98921496
-0.3383334,-0.94102633,0.78825194,-0.6153527,0.99588084,0.09067161,0.1474603,0.989068
-0.97464865,-0.22374095,0.7228816,-0.6909719,0.9967378,0.08070844,0.14844929,0.98892003
-0.7148764,0.6992508,0.65028787,-0.7596879,0.997495,0.0707372,0.14943814,0.9887711
0.20214988,0.9793546,0.57119656,-0.8208133,0.9981525,0.06075889,0.15042682,0.9886212
0.9333205,0.35904428,0.48639888,-0.8737369,0.99871016,0.050774503,0.15141536,0.9884702
0.8064006,-0.5913697,0.39674038,-0.91793084,0.9991679,0.040785037,0.15240377,0.9883183
-0.061920337,-0.9980811,0.3031187,-0.9529528,0.99952585,0.030791499,0.15339202,0.98816544
-0.873312,-0.48716134,0.20646748,-0.97845346,0.99978375,0.020794876,0.1543801,0.98801154
-0.8817846,0.4716523,0.10775327,-0.99417764,0.9999417,0.010796174,0.15536803,0.9878567
-0.07954854,0.996831,0.007963375,-0.9999683,0.9999997,0.0007962743,0.15635581,0.9877008
0.7958241,0.6055279,-0.09190704,-0.9957676,0.9999576,-0.009203586,0.15734345,0.98754394
0.93951976,-0.3424948,-0.1908582,-0.9816176,0.99981564,-0.019202525,0.15833089,0.9873861
0.21942526,-0.9756293,-0.28790334,-0.9576595,0.9995736,-0.029199544,0.15931821,0.98722726
-0.7024078,-0.71177477,-0.3820718,-0.92413265,0.99923164,-0.03919365,0.16030535,0.98706746
-0.97845036,0.20648223,-0.47242266,-0.88137215,0.9987897,-0.049183827,0.16129234,0.98690665
-0.35491017,0.9349004,-0.55805165,-0.82980627,0.998248,-0.05916909,0.16227917,0.9867449
0.5949328,0.8037755,-0.6381064,-0.76994824,0.9976064,-0.069148436,0.16326584,0.9865821
0.99779725,-0.06633694,-0.7117853,-0.70239705,0.99686503,-0.07912087,0.16425234,0.98641837
0.48329154,-0.8754595,-0.7783523,-0.62782776,0.996024,-0.089085385,0.16523866,0.9862536
-0.47555017,-0.8796886,-0.83714217,-0.5469853,0.99508333,-0.09904099,0.16622484,0.98608786
-0.9971733,-0.07513609,-0.8875667,-0.46067926,0.99404323,-0.1089867,0.16721085,0.98592114
-0.6019999,0.7984962,-0.9291239,-0.36976862,0.99290365,-0.11892163,0.16819668,0.9857535
0.34664944,0.9379948,-0.96139747,-0.27516335,0.9916648,-0.12884454,0.16918235,0.9855848
0.9765909,0.21510527,-0.98406506,-0.1778087,0.9903268,-0.13875458,0.17016785,0.9854151
0.7086592,-0.705551,-0.99690014,-0.07867743,0.98888975,-0.14865074,0.17115319,0.98524445
-0.21081054,-0.97752696,-0.99977446,0.021238046,0.98735386,-0.15853202,0.17213833,0.9850728
-0.936462,-0.3507691,-0.99265945,0.120943226,0.9857192,-0.16839746,0.17312331,0.9849002
-0.80113465,0.5984842,-0.975626,0.21943995,0.98398596,-0.17824605,0.17410813,0.98472655
0.07075223,0.9974939,-0.9488444,0.3157441,0.9821543,-0.18807682,0.17509277,0.98455197
0.8775898,0.47941232,-0.91258216,0.40889344,0.9802245,-0.19788879,0.17607725,0.9843764
0.87757534,-0.47943878,-0.8672026,0.49795553,0.9781966,-0.20768097,0.17706153,0.98419976
0.07072216,-0.99749607,-0.8131574,0.58204395,0.97607094,-0.21745239,0.17804565,0.98402226
-0.80115265,-0.5984601,-0.75098723,0.6603167,0.9738476,-0.22720204,0.17902958,0.9838437
-0.9364514,0.35079736,-0.6813135,0.73199177,0.971527,-0.236929,0.18001333,0.98366416
-0.21078107,0.9775333,-0.60483223,0.796353,0.9691091,-0.24663237,0.1809969,0.9834837
0.70868045,0.70552963,-0.52230924,0.8527562,0.9665944,-0.25631094,0.1819803,0.9833022
0.9765844,-0.21513471,-0.43456596,0.90064,0.963983,-0.26596388,0.1829635,0.9831197
0.3466212,-0.9380052,-0.3424806,0.9395249,0.9612752,-0.27559027,0.18394653,0.98293626
-0.60202396,-0.79847807,-0.24697329,0.9690223,0.9584713,-0.28518906,0.18492939,0.9827518
-0.99717104,0.07516615,-0.14899828,0.9888375,0.95557153,-0.29475933,0.18591204,0.9825664
-0.47552368,0.8797029,-0.049536403,0.9987723,0.9525762,-0.30430016,0.1868945,0.98238
0.48331794,0.8754449,0.050422307,0.998728,0.9494856,-0.31381053,0.18787679,0.9821926
0.9977993,0.06630686,0.1498772,0.9887046,0.9463001,-0.32328954,0.1888589,0.9820042
0.5949086,-0.8037934,0.2478346,0.96880233,0.9430199,-0.3327362,0.18984081,0.98181486
-0.35493836,-0.93488973,0.34331566,0.9392201,0.93964547,-0.3421496,0.19082253,0.98162454
-0.97845656,-0.20645273,0.4353647,0.9002542,0.9361771,-0.3515288,0.19180405,0.9814332
-0.7023863,0.7117959,0.52306545,0.85229254,0.932615,-0.36087292,0.1927854,0.9812409
0.21945468,0.9756227,0.6055399,0.795815,0.9289597,-0.37018088,0.19376653,0.9810477
0.9395301,0.34246647,0.6819639,0.7313858,0.92521155,-0.37945178,0.19474748,0.98085344
0.7958059,-0.6055519,0.751574,0.6596489,0.9213708,-0.38868478,0.19572824,0.9806582
-0.07957859,-0.9968286,0.8136733,0.58132243,0.917438,-0.3978789,0.1967088,0.98046196
-0.88179886,-0.47162572,0.86764395,0.4971861,0.91341335,-0.4070332,0.19768916,0.9802648
-0.87329733,0.48718765,0.9129453,0.40808207,0.90929747,-0.4161468,0.19866933,0.9800666
-0.061890252,0.99808294,0.9491247,0.31490055,0.9050906,-0.42521882,0.1996493,0.9798674
0.8064184,0.59134537,0.97582066,0.21857263,0.9007932,-0.43424833,0.20062907,0.9796673
0.93330973,-0.35907242,0.9927663,0.12006267,0.89640576,-0.44323438,0.20160863,0.97946614
0.20212036,-0.9793607,0.9997929,0.020351226,0.8919287,-0.45217612,0.20258799,0.9792641
-0.7148975,-0.6992293,0.9968298,-0.079563566,0.8873624,-0.46107262,0.20356716,0.979061
-0.9746419,0.22377032,0.9839066,-0.17868339,0.8827074,-0.46992305,0.20454612,0.9788569
-0.33830503,0.9410365,0.9611525,-0.27601784,0.87796414,-0.47872648,0.20552488,0.9786519
0.609068,0.79311806,0.9287955,-0.37059262,0.873133,-0.48748204,0.20650342,0.9784459
0.99646664,-0.08398947,0.88715774,-0.46146637,0.8682146,-0.49618885,0.20748177,0.9782389
0.4677185,-0.8838775,0.8366556,-0.5477293,0.8632094,-0.50484604,0.2084599,0.9780309
-0.49104783,-0.8711326,0.7777939,-0.6285194,0.8581179,-0.5134527,0.20943782,0.97782195
-0.9983471,-0.05747243,0.71116066,-0.7030295,0.85294056,-0.5220081,0.21041554,0.977612
-0.58777064,0.8090276,0.6374232,-0.77051395,0.84767777,-0.53051144,0.21139304,0.97740114
0.36319944,0.93171144,0.5573154,-0.8303009,0.8423304,-0.5389615,0.21237035,0.97718924
0.98024565,0.19778402,0.47163898,-0.8817918,0.83689874,-0.54735774,0.21334743,0.9769764
0.6960585,-0.7179851,0.3812501,-0.9244719,0.8313834,-0.5556992,0.21432431,0.97676253
-0.22808161,-0.973642,0.28705192,-0.957915,0.825785,-0.56398517,0.21530095,0.9765478
-0.94252455,-0.33413696,0.18998742,-0.98178655,0.82010394,-0.57221466,0.21627739,0.97633195
-0.79041475,0.6125721,0.0910228,-0.99584883,0.8143409,-0.58038694,0.21725361,0.97611517
0.08839871,0.99608517,-0.008851309,-0.99996084,0.8084964,-0.58850116,0.21822962,0.97589743
0.8859388,0.46380216,-0.108636975,-0.9940815,0.80257106,-0.5965566,0.21920541,0.97567874
0.86895084,-0.4948984,-0.20733717,-0.9782695,0.7965655,-0.6045523,0.22018099,0.97545904
0.053053487,-0.99859166,-0.3039639,-0.95268357,0.7904802,-0.6124876,0.22115633,0.9752384
-0.811621,-0.58418435,-0.39755535,-0.9175782,0.78431594,-0.6203616,0.22213146,0.9750167
-0.9300949,0.36731938,-0.4871745,-0.87330467,0.7780732,-0.62817365,0.22310635,0.9747941
-0.19344382,0.98111135,-0.57192594,-0.8203053,0.77175266,-0.63592285,0.22408104,0.9745705
0.7210586,0.69287413,-0.6509629,-0.7591096,0.765355,-0.64360845,0.2250555,0.9743459
0.97262305,-0.23238842,-0.72349423,-0.69033045,0.75888073,-0.6512297,0.22602974,0.9741204
0.32996237,-0.9439941,-0.7887981,-0.61465245,0.7523306,-0.65878576,0.22700374,0.9738939
-0.6160642,-0.78769594,-0.84622043,-0.53283304,0.74570525,-0.66627604,0.22797753,0.97366637
-0.9956842,0.09280621,-0.89518756,-0.44568965,0.7390053,-0.6736996,0.22895108,0.9734379
-0.45987672,0.8879828,-0.93521017,-0.35409307,0.7322315,-0.68105584,0.2299244,0.9732085
0.4987393,0.866752,-0.96588796,-0.25896034,0.7253844,-0.688344,0.23089749,0.97297806
0.99881667,0.0486335,-0.98691547,-0.16123834,0.71846485,-0.69556326,0.23187035,0.97274673
0.5805867,-0.8141985,-0.99808204,-0.061905295,0.7114734,-0.702713,0.23284298,0.97251433
-0.3714321,-0.9284601,-0.999276,0.038046293,0.70441085,-0.7097925,0.23381539,0.97228104
-0.98195785,-0.18909982,-0.9904854,0.13761774,0.69727784,-0.716801,0.23478755,0.97204673
-0.68967617,0.724118,-0.97179866,0.23581228,0.6900749,-0.72373796,0.23575948,0.9718114
0.23669069,0.97158504,-0.94340163,0.33165255,0.68280315,-0.7306024,0.23673116,0.9715752
0.9454452,0.32578132,-0.9055784,0.42417902,0.67546314,-0.7373938,0.23770262,0.971338
0.78496176,-0.61954427,-0.85870683,0.5124672,0.6680556,-0.7441114,0.23867384,0.9710998
-0.097211905,-0.9952637,-0.8032553,0.59563494,0.6605812,-0.75075465,0.23964483,0.9708606
-0.89000934,-0.45594227,-0.7397791,0.67284983,0.65304077,-0.75732285,0.24061556,0.9706205
-0.8645363,0.5025704,-0.6689101,0.74334335,0.645435,-0.7638152,0.24158607,0.9703794
-0.044212565,0.9990221,-0.5913575,0.80640954,0.6377647,-0.7702313,0.24255633,0.9701373
0.81676,0.57697755,-0.50789624,0.86141825,0.63003063,-0.7765703,0.24352635,0.9698943
0.92680717,-0.3755375,-0.41936025,0.9078199,0.62223357,-0.78283167,0.2444961,0.96965027
0.18475212,-0.98278517,-0.32663587,0.94515026,0.6143743,-0.78901476,0.24546564,0.9694053
-0.7271632,-0.6864646,-0.23064607,0.9730377,0.60645354,-0.7951189,0.24643493,0.96915936
-0.970528,0.2409883,-0.13235176,0.99120283,0.5984722,-0.8011436,0.24740396,0.9689124
-0.32159385,0.9468777,-0.032734998,0.9994641,0.590431,-0.8070882,0.24837273,0.9686645
0.6230122,0.78221214,0.067208834,0.99773896,0.5823307,-0.81295204,0.2493413,0.9684157
0.99482375,-0.1016157,0.16647924,0.98604494,0.5741722,-0.8187346,0.25030956,0.9681659
0.4519989,-0.8920185,0.26408815,0.9644986,0.5659563,-0.8244353,0.25127763,0.96791506
-0.50639164,-0.8623036,0.35905835,0.9333151,0.55768377,-0.8300535,0.2522454,0.9676633
-0.99920803,-0.039790757,0.4504409,0.89280623,0.5493555,-0.83558875,0.25321296,0.96741056
-0.5733572,0.81930554,0.5373228,0.84337664,0.5409723,-0.84104043,0.25418022,0.9671569
0.37963563,0.9251361,0.61883444,0.78552145,0.532535,-0.846408,0.25514725,0.9669022
0.98359317,0.1804008,0.6941644,0.7198165,0.52404445,-0.85169095,0.25611404,0.96664655
0.6832397,-0.7301942,0.76255846,0.64691937,0.5155015,-0.8568887,0.25708055,0.96638995
-0.2452812,-0.96945196,0.8233332,0.56755835,0.506907,-0.86200076,0.2580468,0.9661324
-0.9482917,-0.31740013,0.87588143,0.4825264,0.49826178,-0.8670267,0.25901282,0.9658739
-0.7794472,0.62646794,0.9196774,0.3926749,0.48956653,-0.87196594,0.25997856,0.9656144
0.10601749,0.99436426,0.95428497,0.29889828,0.48082256,-0.87681794,0.26094404,0.9653539
0.8940102,0.44804665,0.97935766,0.20213512,0.47203046,-0.88158226,0.26190925,0.9650925
0.860054,-0.510203,0.9946448,0.103352286,0.46319118,-0.8862584,0.26287425,0.9648301
0.035368178,-0.99937433,0.99999374,0.003536785,0.4543056,-0.8908459,0.26383892,0.96456677
-0.82183504,-0.5697256,0.9953512,-0.09631216,0.44537458,-0.8953444,0.26480338,0.9643024
-0.9234469,0.3837263,0.9807633,-0.19520068,0.436399,-0.8997532,0.2657675,0.9640371
-0.17604594,0.984382,0.95637596,-0.29213881,0.42737985,-0.90407217,0.26673144,0.96377087
0.73321086,0.68000144,0.92243266,-0.38615796,0.4183179,-0.9083007,0.26769507,0.96350366
0.96835697,-0.24956931,0.8792727,-0.47631872,0.40921414,-0.9124384,0.26865846,0.9632355
0.31320018,-0.9496871,0.8273284,-0.56171864,0.40006945,-0.91648483,0.26962155,0.9629664
-0.6299114,-0.776667,0.7671166,-0.6415077,0.39088476,-0.9204396,0.27058437,0.96269625
-0.99388534,0.11041721,0.69924,-0.71488696,0.381661,-0.9243024,0.27154693,0.9624252
-0.44408566,0.89598435,0.62437683,-0.7811233,0.37239903,-0.9280727,0.27250922,0.9621532
0.5140043,0.8577876,0.54327506,-0.8395548,0.36309987,-0.93175024,0.27347127,0.9618802
0.9995211,0.0309449,0.45674667,-0.8895968,0.35376436,-0.93533456,0.274433,0.9616062
0.5660828,-0.82434845,0.36565298,-0.93075126,0.3443935,-0.93882537,0.27539447,0.9613313
-0.38780943,-0.9217396,0.2709058,-0.9626059,0.3349882,-0.94222236,0.27635565,0.96105546
-0.9851514,-0.17168765,0.17345178,-0.98484236,0.3255494,-0.94552505,0.27731654,0.9607786
-0.67674977,0.73621315,0.07426468,-0.9972386,0.31607804,-0.9487332,0.27827722,0.9605008
0.25385252,0.96724296,-0.025662536,-0.9996707,0.30657506,-0.9518465,0.27923757,0.96022207
0.951064,0.30899408,-0.12533525,-0.9921144,0.29704145,-0.9548646,0.28019765,0.95994234
0.7738716,-0.63334256,-0.22375564,-0.97464526,0.2874781,-0.9577872,0.28115743,0.95966166
-0.11481476,-0.9933869,-0.3199403,-0.9474377,0.27788603,-0.960614,0.28211698,0.95938003
-0.89794093,-0.44011596,-0.41292822,-0.91076356,0.26826617,-0.9633448,0.2830762,0.95909745
-0.8555044,0.51779556,-0.5017886,-0.8649903,0.25861925,-0.96597934,0.28403515,0.95881385
-0.02652102,0.9996483,-0.58563703,-0.81057346,0.24894668,-0.9685172,0.28499386,0.95852935
0.82684565,0.5624289,-0.6636339,-0.74805754,0.23924923,-0.9709582,0.2859522,0.9582439
0.92001426,-0.39188495,-0.7349999,-0.67806727,0.22952786,-0.97330207,0.28691033,0.95795745
0.16732597,-0.98590165,-0.79902196,-0.6013019,0.21978353,-0.9755487,0.28786814,0.95767003
-0.739201,-0.6734849,-0.8550594,-0.5185301,0.21001723,-0.9776977,0.2888257,0.9573817
-0.96611,0.25813076,-0.90255445,-0.43057576,0.20022993,-0.97974896,0.2897829,0.9570924
-0.3047819,0.9524222,-0.9410314,-0.3383192,0.1904226,-0.9817022,0.29073983,0.9568021
0.63676125,0.77106106,-0.9701058,-0.24268226,0.18059623,-0.98355734,0.29169652,0.9565109
0.9928691,-0.119210064,-0.9894872,-0.14462051,0.1707518,-0.9853141,0.29265288,0.9562188
0.43613762,-0.89988,-0.9989818,-0.045115653,0.1608903,-0.9869723,0.29360896,0.95592564
-0.5215767,-0.8532044,-0.99849504,0.054841883,0.1510127,-0.9885318,0.29456472,0.95563155
-0.99975586,-0.022096619,-0.9880316,0.15425146,0.14112,-0.9899925,0.29552022,0.9553365
-0.55876404,0.8293267,-0.967696,0.25211978,0.1312132,-0.99135417,0.29647538,0.9550405
0.39595285,0.9182708,-0.93769145,0.347469,0.12129327,-0.9926167,0.29743028,0.95474356
0.9866325,0.16296104,-0.8983186,0.43934467,0.11136121,-0.99378,0.29838488,0.95444566
0.67020684,-0.7421744,-0.84996927,0.52683234,0.101418026,-0.9948439,0.29933918,0.9541468
-0.26240396,-0.96495813,-0.79312724,0.609056,0.09146469,-0.9958083,0.30029318,0.95384693
-0.9537617,-0.30056378,-0.72836053,0.68519413,0.08150221,-0.99667317,0.30124685,0.95354617
-0.7682354,0.64016753,-0.65631616,0.75448596,0.07153158,-0.9974383,0.3022003,0.95324445
0.12360304,0.99233174,-0.57771564,0.8162381,0.061553795,-0.99810374,0.30315337,0.9529418
0.9018014,0.43215075,-0.4933413,0.86983585,0.051569857,-0.9986694,0.30410615,0.95263815
0.8508877,-0.5253476,-0.40403765,0.91474235,0.04158076,-0.99913514,0.30505863,0.95233357
0.017671784,-0.99984384,-0.31069693,0.950509,0.031587504,-0.999501,0.3060108,0.95202804
-0.8317915,-0.5550882,-0.21425179,0.97677845,0.02159109,-0.9997669,0.3069627,0.95172155
-0.9165095,0.40001294,-0.11566781,0.993288,0.011592279,-0.9999328,0.30791426,0.9514141
-0.1585929,0.9873441,-0.015926246,0.99987316,0.001592548,-0.99999875,0.30886552,0.9511057
0.7451333,0.66691566,0.08397445,0.9964679,-0.008407343,-0.99996465,0.30981648,0.95079637
0.9637874,-0.266672,0.1830361,0.9831062,-0.018406393,-0.9998306,0.3107671,0.95048606
0.2963398,-0.9550826,0.2802689,0.95992154,-0.028403603,-0.99959654,0.31171745,0.95017487
-0.64356124,-0.7653947,0.37469953,0.9271463,-0.038397968,-0.9992625,0.31266746,0.94986266
-0.991775,0.12799358,0.46538812,0.88510674,-0.0483885,-0.9988286,0.31361717,0.9495495
-0.42815542,0.9037051,0.5514267,0.8342234,-0.05837419,-0.9982948,0.31456655,0.94923544
0.5291083,0.8485543,0.6319541,0.7750059,-0.06835405,-0.9976611,0.31551564,0.94892037
0.99991226,0.013246605,0.70617,0.7080423,-0.07832707,-0.99692774,0.3164644,0.9486044
0.55140156,-0.83424,0.7733274,0.6340069,-0.08829225,-0.9960946,0.31741285,0.9482874
-0.40406522,-0.9147302,0.83276033,0.5536337,-0.09824861,-0.9951619,0.31836098,0.94796956
-0.9880363,-0.15422167,0.8838704,0.46773183,-0.10819513,-0.99412966,0.3193088,0.94765073
-0.66361135,0.7480776,0.9261494,0.37715673,-0.11813085,-0.99299806,0.3202563,0.94733095
0.2709348,0.9625977,0.95917606,0.28280967,-0.12805475,-0.9917671,0.32120344,0.9470102
0.9563847,0.29210997,0.98261774,0.18564047,-0.13796584,-0.990437,0.32215032,0.94668853
0.76253897,-0.6469423,0.99624205,0.08661268,-0.14786313,-0.98900783,0.3230968,0.9463659
-0.13238163,-0.99119884,0.99991184,-0.013276747,-0.15774564,-0.9874798,0.32404304,0.94604236
-0.90559113,-0.42415172,0.9935912,-0.11303352,-0.16761239,-0.98585296,0.3249889,0.9457178
-0.84620434,0.53285855,0.97734237,-0.21166466,-0.17746235,-0.9841276,0.32593444,0.9453924
-0.008821166,0.9999611,0.951329,-0.3081772,-0.18729459,-0.9823038,0.3268797,0.945066
0.8366722,0.54770404,0.915809,-0.40161413,-0.19710809,-0.9803818,0.3278246,0.9447386
0.91293293,-0.40810958,0.87114,-0.49103472,-0.20690188,-0.9783617,0.32876918,0.9444103
0.1498474,-0.98870915,0.81776714,-0.57554924,-0.21667498,-0.9762438,0.3297134,0.94408107
-0.7510072,-0.66029406,0.7562212,-0.65431607,-0.22642641,-0.9740283,0.33065733,0.94375086
-0.9613892,0.27519232,0.68712175,-0.72654235,-0.23615544,-0.9717153,0.3316009,0.94341975
-0.28787443,0.9576682,0.61115396,-0.7915118,-0.2458606,-0.9693052,0.33254415,0.9430877
0.65031075,0.75966835,0.5290827,-0.8485703,-0.2555412,-0.9667982,0.3334871,0.9427547
0.9906032,-0.13676709,0.4417252,-0.8971504,-0.26519623,-0.9641945,0.33442968,0.9424207
0.42013967,-0.90745944,0.34995067,-0.9367681,-0.27482474,-0.9614943,0.33537194,0.9420858
-0.5365984,-0.8438378,0.25468308,-0.96702456,-0.28442577,-0.9586981,0.33631384,0.94175
-0.99999034,-0.0043955543,0.15686709,-0.9876197,-0.29399836,-0.9558059,0.33725545,0.94141316
-0.54399586,0.8390879,0.05748748,-0.9983462,-0.30354157,-0.9528182,0.33819667,0.94107544
0.41214597,0.91111785,-0.04246651,-0.9990979,-0.31305438,-0.9497352,0.33913758,0.9407368
0.98936266,0.14547022,-0.14199999,-0.9898667,-0.32253593,-0.9465572,0.34007815,0.9403972
0.6569639,-0.7539221,-0.24011086,-0.9707455,-0.3319852,-0.9432846,0.34101838,0.9400566
-0.27944446,-0.96016186,-0.33582628,-0.9419239,-0.34140128,-0.9399176,0.34195828,0.93971515
-0.9589328,-0.2836333,-0.42818266,-0.9036922,-0.35078323,-0.9364567,0.3428978,0.9393727
-0.75678277,0.6536665,-0.5162609,-0.85643137,-0.3601301,-0.9329021,0.34383702,0.93902934
0.14114985,0.98998827,-0.5991841,-0.8006113,-0.36944094,-0.92925423,0.34477586,0.93868506
0.90931,0.41611943,-0.6761173,-0.73679405,-0.37871486,-0.9255134,0.34571436,0.9383398
0.84145474,-0.54032767,-0.7462977,-0.66561234,-0.3879509,-0.92168003,0.34665254,0.9379936
-3.0144352e-05,-1.0,-0.8090188,-0.5877828,-0.39714813,-0.91775453,0.34759036,0.9376465
-0.8414873,-0.54027694,-0.86365664,-0.50408053,-0.40630564,-0.91373724,0.34852785,0.9372984
-0.9092849,0.41617426,-0.909667,-0.41533837,-0.41542256,-0.90962857,0.34946495,0.93694943
-0.14109017,0.98999673,-0.9465866,-0.32244968,-0.4244979,-0.90542895,0.35040176,0.9365995
0.7568222,0.65362084,-0.9740494,-0.2263356,-0.4335308,-0.9011388,0.35133815,0.93624866
0.9589157,-0.2836911,-0.99177885,-0.12796369,-0.44252035,-0.8967585,0.35227424,0.9358968
0.27938655,-0.96017873,-0.9995991,-0.028313257,-0.45146567,-0.8922885,0.35320994,0.9355441
-0.65700936,-0.75388247,-0.9974317,0.07162387,-0.46036583,-0.88772935,0.35414532,0.93519044
-0.98935384,0.14552987,-0.9852985,0.17084154,-0.46922013,-0.88308126,0.35508034,0.9348358
-0.41209102,0.9111427,-0.96331984,0.268356,-0.47802734,-0.87834495,0.356015,0.93448025
0.5440464,0.8390551,-0.93171686,0.3631854,-0.48678672,-0.87352085,0.3569493,0.93412375
0.99999005,-0.004455842,-0.8908048,0.45438612,-0.49549744,-0.8686094,0.35788324,0.93376637
0.5365475,-0.84387016,-0.84099036,0.5410501,-0.5041586,-0.8636111,0.35881683,0.933408
-0.4201944,-0.9074341,-0.782775,0.62230486,-0.51276934,-0.8585264,0.35975006,0.9330487
-0.9906115,-0.13670737,-0.71673596,0.69734466,-0.5213288,-0.8533559,0.3606829,0.93268853
-0.650265,0.7597075,-0.6435381,0.76541406,-0.5298362,-0.84810007,0.36161545,0.93232733
0.2879322,0.9576508,-0.5639105,0.82583594,-0.5382905,-0.8427594,0.36254758,0.9319653
0.9614058,0.27513435,-0.47864527,0.87800837,-0.54669106,-0.8373344,0.36347938,0.93160224
0.7509673,-0.66033936,-0.38860086,0.9214062,-0.5550369,-0.83182573,0.3644108,0.9312383
-0.14990701,-0.9887001,-0.29467013,0.955599,-0.56332725,-0.82623386,0.36534184,0.93087345
-0.91295755,-0.40805453,-0.1977988,0.9802426,-0.5715613,-0.8205594,0.36627254,0.9305076
-0.83663917,0.54775447,-0.098951176,0.9950923,-0.5797382,-0.8148028,0.36720285,0.9301409
0.0088814525,0.99996054,0.00088891975,0.9999996,-0.58785707,-0.80896485,0.3681328,0.9297732
0.84623647,0.5328075,0.10071634,0.9949152,-0.59591717,-0.8030459,0.3690624,0.9294046
0.90556556,-0.4242063,0.1995412,0.97988945,-0.6039177,-0.7970467,0.36999163,0.92903507
0.13232186,-0.9912068,0.29636857,0.95507365,-0.61185783,-0.79096776,0.37092045,0.9286646
-0.76257795,-0.64689636,0.39023483,0.9207154,-0.6197368,-0.78480977,0.37184897,0.9282932
-0.95636714,0.29216763,0.48020548,0.877156,-0.62755376,-0.7785733,0.37277704,0.92792094
-0.27087677,0.96261406,0.5653747,0.8248342,-0.63530797,-0.77225894,0.3737048,0.9275477
0.6636565,0.7480376,0.64489794,0.76426876,-0.6429987,-0.7658673,0.37463215,0.92717355
0.988027,-0.15428124,0.7179746,0.69606936,-0.65062505,-0.7593992,0.37555912,0.92679846
0.40401006,-0.91475457,0.78387773,0.62091523,-0.6581864,-0.75285506,0.37648576,0.9264224
-0.5514518,-0.83420676,0.84195095,0.5395541,-0.6656819,-0.74623567,0.37741196,0.9260455
-0.9999115,0.013306889,0.89160955,0.45280507,-0.673111,-0.7395415,0.37833786,0.9256676
-0.5290571,0.84858626,0.9323611,0.3615284,-0.6804726,-0.73277354,0.3792633,0.9252888
0.42820993,0.9036793,0.96379536,0.26664293,-0.68776625,-0.7259323,0.3801884,0.92490906
0.9917827,0.1279338,0.98560005,0.16909336,-0.69499105,-0.71901846,0.38111314,0.9245284
0.6435151,-0.76543343,0.99755746,0.069850475,-0.70214635,-0.71203274,0.38203746,0.92414683
-0.2963974,-0.9550647,0.9995473,-0.030086527,-0.70923144,-0.7049757,0.38296142,0.92376435
-0.9638034,-0.26661387,0.9915498,-0.12972671,-0.7162456,-0.6978483,0.383885,0.9233809
-0.7450931,0.66696054,0.97364545,-0.22806694,-0.72318816,-0.69065106,0.3848082,0.9229966
0.15865242,0.9873345,0.9460131,-0.32412848,-0.7300584,-0.6833848,0.38573098,0.9226113
0.9165336,0.3999577,0.90892714,-0.41695496,-0.7368556,-0.6760502,0.38665342,0.9222251
0.831758,-0.5551384,0.862761,-0.5056119,-0.74357915,-0.66864794,0.38757545,0.921838
-0.017732065,-0.99984276,0.80797255,-0.58922017,-0.75022835,-0.6611789,0.38849708,0.92144996
-0.85091937,-0.52529633,0.7451132,-0.66693807,-0.7568025,-0.65364367,0.38941833,0.921061
-0.9017753,0.43220514,0.67480916,-0.7379923,-0.76330113,-0.6460429,0.3903392,0.9206711
-0.12354321,0.9923392,0.5977598,-0.8016753,-0.7697231,-0.6383779,0.3912597,0.92028034
0.76827395,0.6401212,0.51474077,-0.8573459,-0.77606845,-0.6306487,0.39217976,0.9198886
0.9537436,-0.3006213,0.42657536,-0.904452,-0.7823359,-0.6228568,0.3930995,0.91949594
0.2623458,-0.9649739,0.33415118,-0.9425195,-0.7885254,-0.6150023,0.39401877,0.91910243
-0.67025155,-0.74213403,0.23838836,-0.9711699,-0.7946357,-0.6070866,0.39493766,0.9187079
-0.9866227,0.16302052,0.14023994,-0.99011755,-0.80066687,-0.5991098,0.39585617,0.91831255
-0.39589748,0.9182947,0.04069402,-0.9991717,-0.80661774,-0.5910735,0.3967743,0.91791624
0.55881405,0.829293,-0.059262287,-0.99824244,-0.81248814,-0.5829777,0.39769202,0.917519
0.9997545,-0.022156892,-0.15862267,-0.98733926,-0.81827706,-0.57482404,0.3986093,0.9171208
0.52152526,-0.85323584,-0.2563982,-0.9665713,-0.82398444,-0.5666125,0.39952627,0.91672176
-0.4361919,-0.8998537,-0.35161552,-0.93614453,-0.8296091,-0.55834466,0.40044278,0.91632175
-0.99287623,-0.11915021,-0.44331604,-0.8963654,-0.83515114,-0.5500206,0.40135887,0.91592085
-0.63671476,0.77109945,-0.5305905,-0.8476283,-0.8406094,-0.54164195,0.4022746,0.91551906
0.3048393,0.9524038,-0.61256015,-0.790424,-0.84598374,-0.53320867,0.40318993,0.9151163
0.96612555,0.2580725,-0.68840957,-0.72532225,-0.85127336,-0.5247225,0.40410486,0.91471267
0.7391604,-0.67352945,-0.7573833,-0.6529706,-0.85647804,-0.5161835,0.40501934,0.91430813
-0.16738541,-0.9858915,-0.8187869,-0.5740976,-0.8615968,-0.5075933,0.40593347,0.91390264
-0.92003787,-0.3918295,-0.8720116,-0.4894852,-0.8666297,-0.49895188,0.40684715,0.91349626
-0.82681173,0.5624788,-0.91652155,-0.3999853,-0.8715757,-0.490261,0.40776044,0.913089
0.026581287,0.99964666,-0.9518742,-0.30648902,-0.87643474,-0.48152068,0.40867335,0.91268075
0.85553557,0.517744,-0.9777171,-0.20992677,-0.8812059,-0.4727326,0.4095858,0.9122716
0.8979144,-0.4401701,-0.99379015,-0.11127069,-0.88588923,-0.46389687,0.41049787,0.91186154
0.11475487,-0.99339384,-0.9999339,-0.0114990445,-0.89048374,-0.45501515,0.41140953,0.9114506
-0.7739098,-0.6332959,-0.9960865,0.0883837,-0.8949894,-0.4460875,0.4123208,0.91103876
-0.95104533,0.3090514,-0.9822869,0.18738337,-0.89940554,-0.43711525,0.4132316,0.91062593
-0.2537942,0.9672582,-0.95867175,0.2845145,-0.9037315,-0.42809972,0.414142,0.9102123
0.6767942,0.7361723,-0.9254789,0.37879917,-0.9079673,-0.41904092,0.41505203,0.90979767
0.9851411,-0.17174704,-0.8830375,0.4693025,-0.9121122,-0.4099407,0.41596162,0.90938216
0.38775384,-0.92176294,-0.8317748,0.5551133,-0.916166,-0.400799,0.4168708,0.90896577
-0.5661325,-0.8243143,-0.7722015,0.6353778,-0.92012805,-0.3916177,0.41777956,0.9085484
-0.9995192,0.031005163,-0.7049101,0.7092967,-0.92399824,-0.38239676,0.4186879,0.90813017
-0.5139526,0.8578186,-0.63057816,0.7761258,-0.92777586,-0.37313804,0.4195958,0.907711
0.4441397,0.8959576,-0.5499427,0.8352024,-0.93146086,-0.36384156,0.42050332,0.907291
0.99389195,0.110357285,-0.4638155,0.8859318,-0.9350525,-0.35450917,0.4214104,0.90687007
0.6298646,-0.77670497,-0.37305418,0.92780954,-0.9385509,-0.34514084,0.42231706,0.9064482
-0.31325743,-0.9496682,-0.2785619,0.9604183,-0.94195527,-0.33573848,0.42322332,0.9060254
-0.968372,-0.24951093,-0.18128988,0.98342973,-0.94526553,-0.32630208,0.4241291,0.90560174
-0.7331698,0.6800456,-0.08220276,0.99661565,-0.9484812,-0.3168335,0.42503452,0.9051772
0.17610529,0.98437136,0.017701926,0.9998433,-0.9516021,-0.30733278,0.42593947,0.90475166
0.92347,0.3836706,0.11742975,0.9930812,-0.95462775,-0.2978018,0.42684403,0.90432525
0.8218007,-0.5697751,0.21598801,0.976396,-0.95755804,-0.28824058,0.4277481,0.903898
-0.035428427,-0.99937224,0.31238446,0.94995576,-0.9603924,-0.27865097,0.42865178,0.9034698
-0.86008483,-0.5101511,0.40566328,0.9140226,-0.96313095,-0.26903307,0.42955506,0.9030407
-0.8939832,0.44810057,0.49488536,0.8689583,-0.965773,-0.2593887,0.43045786,0.90261066
-0.10595754,0.99437064,0.57916284,0.8152119,-0.96831864,-0.24971794,0.43136027,0.9021798
0.779485,0.626421,0.65765655,0.75331795,-0.97076726,-0.24002266,0.43226224,0.90174794
0.9482726,-0.3174573,0.72957623,0.6838995,-0.97311896,-0.23030291,0.4331638,0.9013152
0.24522276,-0.96946675,0.7942088,0.607645,-0.97537327,-0.22056063,0.43406487,0.90088165
-0.68328375,-0.73015296,0.8509035,0.525322,-0.9775301,-0.21079579,0.43496552,0.90044713
-0.9835823,0.1804601,0.8990966,0.4377503,-0.9795892,-0.2010099,0.43586576,0.9000117
-0.37957987,0.925159,0.93830776,0.34580135,-0.9815503,-0.19120435,0.43676555,0.89957535
0.5734066,0.81927097,0.9681423,0.2504008,-0.9834132,-0.18137923,0.43766493,0.89913815
0.99920565,-0.039851002,0.9883043,0.15249464,-0.98517776,-0.17153645,0.43856382,0.89870006
0.5063396,-0.86233413,0.9985909,0.053068537,-0.9868439,-0.16167602,0.43946233,0.898261
-0.45205265,-0.89199126,0.9989002,-0.0468878,-0.98841125,-0.15179992,0.44036037,0.8978211
-0.99482983,-0.10155572,0.98922855,-0.14637944,-0.98987985,-0.14190815,0.44125795,0.89738035
-0.6229651,0.7822497,0.96967334,-0.24440473,-0.9912494,-0.13200267,0.44215512,0.8969386
0.32165095,0.94685835,0.94042844,-0.3399917,-0.99251986,-0.12208351,0.44305182,0.896496
0.97054255,0.2409298,0.90178835,-0.43217796,-0.99369097,-0.11215262,0.44394812,0.8960525
0.72712183,-0.6865085,0.8541382,-0.5200462,-0.99476284,-0.10221004,0.44484392,0.8956081
-0.18481137,-0.982774,0.7979517,-0.60272145,-0.99573517,-0.092257716,0.44573933,0.8951628
-0.9268298,-0.37548164,0.73379457,-0.6793715,-0.99660796,-0.082295686,0.44663426,0.8947166
-0.81672525,0.5770268,0.6623029,-0.7492362,-0.99738103,-0.07232591,0.44752875,0.8942696
0.04427279,0.9990195,0.58419657,-0.8116122,-0.99805444,-0.06234842,0.44842282,0.8938216
0.8645666,0.50251824,0.5002533,-0.8658791,-0.998628,-0.052365173,0.44931638,0.8933727
0.88998187,-0.45599595,0.4113084,-0.9114963,-0.9991017,-0.042376213,0.45020956,0.89292294
0.097151905,-0.99526954,0.31825724,-0.9480044,-0.99947554,-0.03238349,0.45110223,0.89247227
-0.7849991,-0.619497,0.22202252,-0.97504157,-0.99974936,-0.022387054,0.4519945,0.8920207
-0.9454255,0.32583833,0.123573124,-0.9923355,-0.9999232,-0.012388854,0.45288628,0.8915683
-0.23663211,0.97159934,0.023889057,-0.9997146,-0.99999714,-0.00238894,0.4537776,0.89111495
0.6897198,0.7240764,-0.0760375,-0.99710494,-0.99997103,0.0076107364,0.45466852,0.89066076
0.98194647,-0.18915902,-0.17520052,-0.9845328,-0.9998449,0.017610127,0.45555893,0.8902056
0.3713761,-0.92848253,-0.2726167,-0.96212274,-0.9996188,0.027607283,0.45644894,0.88974965
-0.5806357,-0.8141635,-0.36730534,-0.93010044,-0.9992928,0.037602153,0.45733845,0.8892927
-0.99881375,0.048693717,-0.4583241,-0.8887851,-0.9988668,0.047593262,0.45822752,0.88883495
-0.49868703,0.8667821,-0.5447668,-0.83858764,-0.99834096,0.057579137,0.4591161,0.8883763
0.45993027,0.88795507,-0.6257631,-0.7800132,-0.99771523,0.067559734,0.46000424,0.88791674
0.9956898,0.09274619,-0.7005099,-0.7136427,-0.9969898,0.077533096,0.46089196,0.88745624
0.61601675,-0.7877331,-0.7682547,-0.64014435,-0.9961646,0.08749918,0.46177918,0.88699496
-0.3300193,-0.9439742,-0.82832354,-0.56025004,-0.99523985,0.09745604,0.46266595,0.8865327
-0.97263706,-0.23232977,-0.88011813,-0.47475478,-0.9942155,0.10740362,0.46355224,0.8860696
-0.7210168,0.6929176,-0.923117,-0.3845192,-0.9930918,0.11734,0.46443808,0.8856056
0.19350296,0.98109967,-0.9568938,-0.2904381,-0.99186873,0.12726511,0.46532345,0.8851407
0.930117,0.3672633,-0.9811084,-0.1934586,-0.9905465,0.13717702,0.46620837,0.88467497
0.8115858,-0.5842333,-0.9955205,-0.09454623,-0.98912525,0.14707568,0.4670928,0.8842083
-0.053113688,-0.99858844,-0.9999859,0.005314607,-0.9876051,0.15695918,0.46797678,0.8837408
-0.8689807,-0.49484605,-0.9944597,0.10511855,-0.9859861,0.16682744,0.4688603,0.88327235
-0.88591087,0.46385556,-0.97899675,0.20387594,-0.9842686,0.17667855,0.4697433,0.8828031
-0.088338666,0.9960905,-0.95375264,0.30059254,-0.9824526,0.18651247,0.4706259,0.88233286
0.7904517,0.6125244,-0.9189793,0.3943058,-0.9805384,0.19632725,0.471508,0.8818618
0.9425044,-0.3341938,-0.87502223,0.4840828,-0.9785261,0.20612289,0.47238964,0.88138986
0.22802292,-0.97365576,-0.822324,0.5690196,-0.97641605,0.21589744,0.47327077,0.880917
-0.6961018,-0.71794313,-0.76140714,0.648274,-0.97420824,0.22565086,0.47415143,0.88044333
-0.98023367,0.19784312,-0.692885,0.7210482,-0.9719031,0.23538126,0.47503164,0.8799687
-0.3631433,0.9317333,-0.6174399,0.78661805,-0.96950066,0.24508858,0.47591138,0.87949324
0.5878194,0.8089922,-0.53582263,0.8443306,-0.96700144,0.2547709,0.47679064,0.8790169
0.99834365,-0.05753262,-0.44885466,0.89360476,-0.96440536,0.26442826,0.47766942,0.8785397
0.49099535,-0.87116224,-0.3573985,0.933952,-0.96171296,0.2740587,0.47854772,0.87806153
-0.4677718,-0.88384926,-0.26237485,0.96496606,-0.9589243,0.28366217,0.47942555,0.87758255
-0.9964717,-0.0839294,-0.16472971,0.98633873,-0.95603967,0.2932373,0.48030287,0.87710273
-0.6090201,0.79315484,-0.0654349,0.99785686,-0.9530596,0.30278262,0.4811797,0.87662196
0.33836174,0.94101614,0.034509923,0.9994044,-0.94998413,0.31229815,0.48205614,0.87614036
0.9746554,0.22371157,0.13411374,0.99096596,-0.9468138,0.321782,0.48293203,0.87565786
0.7148554,-0.69927233,0.23237376,0.97262657,-0.9435486,0.3312341,0.48380744,0.87517446
-0.20217942,-0.9793485,0.32831204,0.94456935,-0.94018924,0.3406526,0.48468235,0.87469023
-0.9333314,-0.35901615,0.4209735,0.90707296,-0.9367357,0.35003754,0.48555684,0.8742051
-0.8063828,0.591394,0.5094253,0.86051494,-0.9331886,0.359387,0.4864308,0.87371916
0.061950427,0.99807924,0.59279025,0.8053569,-0.9295481,0.36870098,0.48730427,0.87323225
0.87332666,0.48713505,0.6702292,0.74215424,-0.92581475,0.37797764,0.48817724,0.8727445
0.88177043,-0.47167888,0.7409716,0.6715364,-0.92198867,0.38721696,0.48904973,0.8722559
0.07951849,-0.9968334,0.80431294,0.594206,-0.91807055,0.39641708,0.48992178,0.8717664
-0.79584235,-0.6055039,0.85961556,0.5109414,-0.9140604,0.40557805,0.4907933,0.8712761
-0.9395094,0.3425231,0.90633106,0.42256838,-0.90995914,0.41469797,0.49166432,0.8707848
-0.21939585,0.97563595,0.9439891,0.32997662,-0.9057666,0.4237769,0.49253485,0.8702927
0.7024293,0.7117536,0.9722154,0.23408791,-0.9014837,0.432813,0.49340487,0.8697998
0.9784441,-0.20651172,0.9907285,0.13585658,-0.8971105,0.44180626,0.49427447,0.8693059
0.354882,-0.93491113,0.99934196,0.03627159,-0.8926478,0.45075488,0.4951435,0.8688112
-0.594957,-0.80375755,0.9979704,-0.06367963,-0.88809556,0.4596589,0.49601206,0.86831564
-0.9977953,0.066367015,0.9866276,-0.16299078,-0.88345474,0.4685165,0.4968801,0.8678192
-0.4832652,0.87547404,0.96542704,-0.26067343,-0.8787254,0.47732767,0.49774772,0.86732185
0.4755767,0.87967426,0.9345792,-0.35575515,-0.8739084,0.4860907,0.4986148,0.8668237
0.9971756,0.07510603,0.89439464,-0.44727874,-0.8690038,0.4948055,0.49948135,0.86632466
0.6019758,-0.79851437,0.84527177,-0.5343366,-0.8640125,0.5034705,0.50034744,0.86582476
-0.34667772,-0.9379843,0.78770524,-0.6160523,-0.8589345,0.51208544,0.501213,0.86532396
-0.97659737,-0.21507582,0.72226846,-0.69161284,-0.8537707,0.52064925,0.5020781,0.86482227
-0.70863783,0.70557237,0.6496123,-0.76026565,-0.8485217,0.52916056,0.5029427,0.8643198
0.21084,0.9775206,0.57046825,-0.82131964,-0.84318763,0.5376194,0.5038067,0.86381644
0.93647254,0.35074088,0.48562115,-0.8741694,-0.8377695,0.546024,0.50467026,0.8633122
0.8011166,-0.59850836,0.39592513,-0.9182828,-0.83226734,0.5543745,0.50553334,0.8628071
-0.070782304,-0.9974918,0.3022733,-0.9532213,-0.8266822,0.5626691,0.50639594,0.8623011
-0.87760425,-0.47938585,0.20559762,-0.9786366,-0.82101417,0.57090783,0.50725794,0.8617943
-0.87756085,0.47946525,0.10687139,-0.9942728,-0.8152643,0.5790891,0.50811946,0.8612866
-0.0706921,0.99749815,0.007073526,-0.99997497,-0.80943257,0.58721286,0.5089805,0.86077803
0.8011707,0.59843594,-0.09279121,-0.9956856,-0.80352026,0.5952775,0.5098411,0.86026865
0.9364408,-0.35082558,-0.19172885,-0.98144794,-0.79752725,0.603283,0.51070106,0.8597584
0.21075161,-0.97753966,-0.2887545,-0.9574032,-0.7914548,0.61122775,0.51156056,0.85924727
-0.7087017,-0.7055083,-0.38289133,-0.9237934,-0.7853029,0.6191118,0.5124195,0.85873526
-0.9765779,0.21516414,-0.47320595,-0.8809518,-0.7790728,0.6269335,0.513278,0.8582224
-0.3465929,0.93801564,-0.5587891,-0.8293098,-0.77276444,0.63469297,0.514136,0.8577087
0.602048,0.79845995,-0.6387891,-0.7693819,-0.7663792,0.6423885,0.5149934,0.8571941
0.9971688,-0.07519621,-0.71240944,-0.70176405,-0.7599169,0.65002024,0.51585037,0.8566787
0.47549716,-0.8797173,-0.77890897,-0.62713706,-0.753379,0.65758663,0.51670676,0.8561624
-0.48334435,-0.87543035,-0.8376281,-0.5462409,-0.7467654,0.6650876,0.51756275,0.8556453
-0.9978013,-0.06627678,-0.8879759,-0.45989013,-0.7400775,0.67252165,0.51841813,0.8551273
-0.59488434,0.8038113,-0.9294515,-0.36894435,-0.73331517,0.67988884,0.519273,0.8546085
0.35496652,0.934879,-0.9616417,-0.27430862,-0.72647995,0.68718773,0.5201273,0.8540888
0.9784628,0.20642324,-0.9842224,-0.17693575,-0.7195717,0.6944182,0.52098113,0.8535682
0.70236486,-0.7118171,-0.9969697,-0.077791244,-0.7125918,0.7015789,0.5218345,0.8530468
-0.21948408,-0.9756161,-0.99975514,0.022126755,-0.70554036,0.7086698,0.52268726,0.8525245
-0.9395404,-0.34243813,-0.99255174,0.121823676,-0.6984183,0.7156898,0.5235395,0.8520014
-0.79578763,0.60557586,-0.97543055,0.22030714,-0.6912268,0.72263795,0.52439123,0.85147744
0.07960864,0.9968262,-0.94856393,0.31658563,-0.6839658,0.72951406,0.52524245,0.8509527
0.88181305,0.47159913,-0.91221833,0.40970448,-0.67663676,0.736317,0.5260931,0.850427
0.8732826,-0.487214,-0.8667596,0.49872625,-0.66923976,0.7430466,0.5269433,0.8499004
0.061860163,-0.99808484,-0.8126407,0.58276504,-0.6617761,0.74970156,0.52779293,0.8493731
-0.80643624,-0.5913211,-0.7504,0.66098404,-0.654246,0.75628185,0.52864206,0.8488449
-0.9332989,0.35910055,-0.68066394,0.7325958,-0.64665073,0.76278627,0.52949065,0.8483158
-0.20209084,0.9793668,-0.6041241,0.79689026,-0.6389905,0.7692147,0.5303387,0.8477859
0.7149186,0.6992077,-0.521551,0.8532201,-0.6312667,0.77556586,0.5311862,0.8472551
0.9746352,-0.2237997,-0.4337669,0.9010251,-0.6234794,0.7818398,0.5320332,0.8467235
0.33827665,-0.9410467,-0.34164533,0.939829,-0.6156302,0.7880352,0.53287965,0.84619105
-0.6090919,-0.7930997,-0.24611366,0.96924096,-0.607719,0.79415214,0.5337256,0.84565777
-0.99646413,0.08401951,-0.14811921,0.9889695,-0.5997474,0.8001894,0.534571,0.8451236
-0.46769187,0.8838916,-0.048648555,0.99881595,-0.5917155,0.80614686,0.5354158,0.84458864
0.49107412,0.87111783,0.05130817,0.99868286,-0.5836248,0.81202346,0.5362601,0.8440528
0.99834883,0.057442337,0.15075603,0.988571,-0.57547534,0.8178192,0.5371039,0.8435161
0.58774626,-0.8090454,0.24869382,0.96858215,-0.56726867,0.8235328,0.5379472,0.84297854
-0.36322755,-0.93170047,0.3441504,0.93891454,-0.55900496,0.8291643,0.53878987,0.8424402
-0.9802516,-0.19775447,0.43616477,0.8998668,-0.5506857,0.8347127,0.539632,0.841901
-0.6960369,0.7180061,0.52382123,0.8518282,-0.542311,0.84017783,0.54047364,0.8413609
0.22811097,0.97363514,0.60624707,0.7952764,-0.53388244,0.8455587,0.5413148,0.84082
0.9425346,0.33410856,0.68261236,0.73078066,-0.5254001,0.8508553,0.5421553,0.84027827
0.7903963,-0.6125959,0.75216,0.65898055,-0.5168656,0.8560665,0.54299533,0.83973575
-0.088428736,-0.9960825,0.81418973,0.58059895,-0.5082791,0.86119246,0.5438348,0.83919233
-0.8859528,-0.46377546,0.8680846,0.49641633,-0.4996417,0.8662322,0.5446737,0.8386481
-0.86893594,0.4949246,0.91330767,0.40727037,-0.49095473,0.87118506,0.5455121,0.83810294
-0.053023383,0.9985933,0.94940364,0.31405854,-0.4822183,0.8760511,0.54634994,0.837557
0.81163865,0.58415985,0.9760146,0.2177051,-0.47343403,0.8808293,0.5471872,0.83701026
0.9300838,-0.3673474,0.99287266,0.119180135,-0.464602,0.8855196,0.54802394,0.8364627
0.19341424,-0.9811172,0.9998106,0.019464388,-0.45572394,0.89012116,0.54886013,0.83591425
-0.7210795,-0.6928524,0.9967587,-0.08044963,-0.4467999,0.89463395,0.5496958,0.83536494
-0.9726161,0.23241773,0.9837477,-0.17955606,-0.43783158,0.89905703,0.55053085,0.83481485
-0.3299339,0.94400406,0.9609068,-0.2768721,-0.42881906,0.9033904,0.5513654,0.83426386
0.616088,0.7876774,0.9284657,-0.3714181,-0.4197641,0.90763324,0.55219936,0.8337121
0.9956814,-0.09283623,0.886748,-0.4622531,-0.41066673,0.91178554,0.5530328,0.83315945
0.45984995,-0.8879967,0.83616847,-0.54847276,-0.40152872,0.91584647,0.55386573,0.832606
-0.4987654,-0.86673707,0.77723616,-0.62920904,-0.3923501,0.91981596,0.55469805,0.83205175
-0.99881816,-0.048603393,0.71053547,-0.7036614,-0.38313273,0.9236933,0.5555298,0.83149666
-0.5805621,0.814216,0.636738,-0.77108026,-0.37387657,0.9274785,0.556361,0.8309407
0.37146005,0.9284489,0.55657864,-0.83079493,-0.3645835,0.9311707,0.5571917,0.8303839
0.9819636,0.18907022,0.47085497,-0.8822107,-0.3552535,0.93477,0.5580218,0.8298263
0.6896543,-0.7241388,0.38042995,-0.92480975,-0.3458884,0.93827564,0.55885136,0.82926786
-0.23671997,-0.97157794,0.28620028,-0.9581698,-0.3364883,0.94168764,0.55968034,0.82870865
-0.94545496,-0.3257528,0.18911463,-0.981955,-0.32705498,0.9450053,0.5605088,0.8281485
-0.78494304,0.61956793,0.09013943,-0.9959292,-0.31758854,0.94822866,0.56133664,0.8275876
0.09724191,0.9952608,-0.0097401915,-0.99995255,-0.30809075,0.95135695,0.56216395,0.82702583
0.8900231,0.45591545,-0.10951869,-0.99398476,-0.29856172,0.95439035,0.56299067,0.8264633
0.86452115,-0.50259644,-0.20820668,-0.97808486,-0.28900328,0.9573281,0.56381685,0.82589984
0.04418245,-0.9990235,-0.30481064,-0.95241296,-0.2794155,0.96017027,0.5646425,0.8253356
-0.8167774,-0.57695293,-0.39836907,-0.9172252,-0.26979977,0.96291643,0.56546754,0.82477057
-0.92679584,0.37556547,-0.48795062,-0.8728713,-0.2601575,0.9655662,0.56629205,0.8242047
-0.1847225,0.9827907,-0.57265335,-0.81979764,-0.2504888,0.9681195,0.5671159,0.823638
0.7271839,0.68644273,-0.65163743,-0.7585306,-0.24079546,0.97057587,0.5679393,0.82307047
0.97052073,-0.24101755,-0.7241076,-0.689687,-0.2310776,0.9729353,0.5687621,0.8225021
0.32156533,-0.9468874,-0.789343,-0.6139525,-0.2213371,0.9751974,0.5695843,0.8219329
-0.6230358,-0.78219336,-0.84669375,-0.5320806,-0.21157399,0.977362,0.57040596,0.8213629
-0.99482065,0.10164568,-0.8955825,-0.44489545,-0.2017902,0.97942877,0.571227,0.82079214
-0.451972,0.89203215,-0.9355246,-0.35326162,-0.19198576,0.9813977,0.57204753,0.8202205
0.50641763,0.86228836,-0.9661178,-0.25810164,-0.1821626,0.98326844,0.57286745,0.819648
0.9992092,0.03976064,-0.9870581,-0.16036288,-0.17232074,0.9850409,0.57368684,0.81907475
0.5733325,-0.8193228,-0.99813664,-0.061018053,-0.16246213,0.9867148,0.5745056,0.81850064
-0.37966353,-0.92512465,-0.9992418,0.03893265,-0.15258679,0.9882901,0.5753238,0.81792575
-0.98359865,-0.18037115,-0.9903627,0.13849814,-0.14269668,0.9897665,0.5761415,0.81735
-0.6832177,0.7302147,-0.9715886,0.23667604,-0.13279182,0.99114394,0.57695854,0.8167735
0.24531044,0.9694446,-0.94310707,0.33248922,-0.12287415,0.9924223,0.577775,0.8161961
0.94830126,0.31737155,-0.90520096,0.42498383,-0.112943724,0.9936014,0.5785909,0.8156179
0.77942836,-0.6264914,-0.8582519,0.5132287,-0.10300247,0.9946811,0.5794062,0.8150389
-0.10604747,-0.99436104,-0.8027255,0.59634876,-0.09305045,0.9956614,0.580221,0.8144591
-0.89402366,-0.4480197,-0.7391807,0.6735072,-0.0830896,0.9965421,0.5810352,0.8138785
-0.86003864,0.51022893,-0.6682505,0.74393636,-0.07311996,0.99732316,0.58184874,0.81329703
-0.03533805,0.9993754,-0.5906405,0.80693483,-0.063143484,0.99800444,0.58266175,0.8127148
0.8218522,0.5697008,-0.507132,0.8618684,-0.053160217,0.998586,0.5834742,0.8121317
0.92343533,-0.3837541,-0.41855308,0.90819234,-0.043172114,0.99906766,0.58428603,0.8115478
0.17601627,-0.9843873,-0.32579553,0.94544023,-0.033179216,0.99944943,0.58509725,0.81096315
-0.73323137,-0.67997926,-0.2297829,0.9732419,-0.023183001,0.99973124,0.58590794,0.81037766
-0.9683494,0.24959849,-0.1314706,0.9913201,-0.013184944,0.9999131,0.586718,0.8097913
-0.3131715,0.9496966,-0.03184845,0.9994927,-0.003185092,0.99999493,0.5875276,0.8092042
0.62993485,0.77664804,0.06809572,0.9976788,0.006814602,0.99997675,0.58833647,0.8086163
0.993882,-0.11044717,0.1673557,0.9858966,0.016814092,0.9998586,0.58914477,0.8080275
0.44405863,-0.8959977,0.26494357,0.9642639,0.026811423,0.9996405,0.58995247,0.807438
-0.51403016,-0.8577721,0.35988787,0.93299556,0.03680655,0.9993224,0.59075963,0.80684763
-0.99952203,-0.030914772,0.4512327,0.89240634,0.046797518,0.9989044,0.5915662,0.8062565
-0.566058,0.8243655,0.5380723,0.8428987,0.056784283,0.99838644,0.5923722,0.8056645
0.38783723,0.9217279,0.61953247,0.78497106,0.06676489,0.99776876,0.5931775,0.8050717
0.9851566,0.17165795,0.6948026,0.7192005,0.076739304,0.9970512,0.5939823,0.80447817
0.6767276,-0.73623353,0.7631332,0.64624125,0.086705565,0.996234,0.5947865,0.80388373
-0.25388166,-0.96723527,0.8238363,0.5668278,0.09666363,0.9953171,0.59559005,0.8032886
-0.9510733,-0.30896538,0.87631005,0.4817476,0.10661156,0.9943007,0.59639305,0.8026926
-0.7738525,0.63336587,0.92002606,0.39185724,0.1165493,0.9931849,0.59719545,0.8020958
0.11484471,0.99338347,0.95454973,0.29805169,0.12647492,0.9919698,0.59799725,0.8014982
0.8979542,0.4400889,0.9795362,0.20126821,0.13638835,0.9906554,0.59879845,0.80089974
0.8554888,-0.5178214,0.9947365,0.10246619,0.14628768,0.9892421,0.59959906,0.8003006
0.026490886,-0.99964905,0.9999965,0.0026478698,0.15617284,0.9877297,0.600399,0.79970056
-0.8268626,-0.56240404,0.9952652,-0.09719691,0.16604193,0.9861187,0.60119843,0.7990998
-0.9200024,0.3919127,0.9805898,-0.19607055,0.17589487,0.984409,0.60199726,0.79849815
-0.16729626,0.98590666,0.956117,-0.29298517,0.18572976,0.98260087,0.6027955,0.7978958
0.73922133,0.6734626,0.9220883,-0.38697952,0.19554654,0.9806944,0.60359305,0.7972926
0.9661022,-0.25815988,0.87884897,-0.47710013,0.2053433,0.97869,0.60439,0.7966886
0.3047532,-0.9524314,0.8268287,-0.56245387,0.21511999,0.97658765,0.6051864,0.79608387
-0.63678455,-0.77104187,0.76654726,-0.6421879,0.22487517,0.9743876,0.6059822,0.7954782
-0.99286544,0.11923999,0.698607,-0.7155056,0.2346074,0.9720902,0.60677737,0.79487187
-0.4361105,0.8998931,0.6236808,-0.7816792,0.24431664,0.9696955,0.60757196,0.7942647
0.52160245,0.8531887,0.5425285,-0.8400374,0.25400096,0.967204,0.6083659,0.7936567
0.9997565,0.022066481,0.45595568,-0.8900025,0.26366037,0.9646156,0.60915923,0.79304796
0.558739,-0.82934356,0.36482725,-0.9310752,0.27329293,0.9619309,0.60995203,0.7924384
-0.3959805,-0.9182589,0.27005365,-0.96284527,0.28289863,0.95914984,0.6107441,0.79182804
-0.9866374,-0.1629313,0.17257439,-0.9849965,0.2924756,0.95627296,0.61153567,0.7912169
-0.67018443,0.7421946,0.07337819,-0.9973042,0.30202377,0.9533004,0.61232656,0.790605
0.26243302,0.9649502,-0.026551155,-0.99964744,0.3115413,0.9502326,0.61311686,0.7899922
0.95377076,0.30053505,-0.12621522,-0.9920029,0.32102808,0.9470697,0.61390656,0.7893787
0.7682161,-0.64019066,-0.22461821,-0.97444683,0.33048233,0.9438122,0.6146956,0.7887644
-0.12363295,-0.992328,-0.3207842,-0.9471523,0.33990398,0.94046015,0.61548406,0.78814936
-0.9018144,-0.4321236,-0.41373768,-0.91039616,0.3492912,0.9370142,0.6162719,0.78753346
-0.85087186,0.5253733,-0.50255734,-0.86454386,0.35864395,0.9334744,0.6170592,0.7869168
-0.017641647,0.9998444,-0.5863558,-0.81005365,0.36796036,0.92984146,0.6178458,0.78629935
0.8318082,0.5550631,-0.66429573,-0.7474699,0.37724045,0.92611533,0.6186317,0.7856811
0.91649747,-0.40004057,-0.7356037,-0.6774122,0.38648236,0.9222968,0.61941713,0.7850621
0.15856314,-0.98734885,-0.79955614,-0.60059136,0.39568606,0.91838586,0.6202019,0.78444225
-0.74515337,-0.6668932,-0.85552,-0.51776975,0.40484974,0.91438323,0.62098604,0.7838217
-0.96377933,0.26670104,-0.90293604,-0.429775,0.4139734,0.910289,0.6217695,0.7832003
-0.296311,0.95509154,-0.9413305,-0.33748618,0.4230552,0.9061039,0.6225524,0.7825782
0.6435843,0.76537526,-0.97032166,-0.24181798,0.43209514,0.90182805,0.62333465,0.78195524
0.99177116,-0.12802348,-0.9896154,-0.14374089,0.44109145,0.8974622,0.6241163,0.7813315
0.42812818,-0.90371805,-0.9990215,-0.04422762,0.45004407,0.8930063,0.62489736,0.78070694
-0.52913386,-0.8485384,-0.998446,0.055727538,0.45895168,0.88846123,0.6256777,0.7800817
-0.9999127,-0.013216464,-0.9878947,0.1551259,0.467813,0.8838275,0.62645745,0.7794556
-0.5513764,0.83425665,-0.96747106,0.25298172,0.47662792,0.87910515,0.6272366,0.7788288
0.4040928,0.914718,-0.9373822,0.3483024,0.48539478,0.8742951,0.62801516,0.7782011
0.9880409,0.15419188,-0.8979277,0.44014302,0.49411353,0.8693974,0.62879306,0.77757275
0.6635888,-0.74809754,-0.8495016,0.52758604,0.5027824,0.864413,0.6295703,0.77694356
-0.27096385,-0.9625895,-0.7925879,0.6097578,0.5114015,0.8593419,0.6303469,0.7763136
-0.95639354,-0.29208115,-0.7277498,0.6858427,0.519969,0.85418516,0.63112295,0.77568287
-0.7625195,0.6469653,-0.65564525,0.7550691,0.5284849,0.84894276,0.6318983,0.77505136
0.13241151,0.99119484,-0.5769899,0.8167513,0.53694755,0.84361565,0.632673,0.77441907
0.90560395,0.42412442,-0.4925696,0.87027305,0.54535687,0.83820397,0.6334471,0.773786
0.8461883,-0.532884,-0.40322784,0.9150996,0.5537113,0.8327087,0.6342206,0.7731522
0.008791023,-0.9999614,-0.30985004,0.95078546,0.56201077,0.82712996,0.63499343,0.77251756
-0.8366887,-0.5476788,-0.21338344,0.9769685,0.5702536,0.8214687,0.6357657,0.7718822
-0.91292065,0.4081371,-0.114784814,0.9933904,0.57843983,0.815725,0.6365372,0.771246
-0.1498176,0.9887137,-0.015039338,0.99988693,0.5865678,0.8099001,0.6373081,0.77060914
0.75102705,0.66027147,0.0848564,0.9963932,0.5946376,0.80399394,0.6380784,0.76997143
0.9613809,-0.27522132,0.18391182,0.98294276,0.6026474,0.7980076,0.63884807,0.76933295
0.28784558,-0.9576768,0.2811221,0.95967203,0.61059743,0.79194117,0.6396171,0.7686937
-0.65033364,-0.75964874,0.37552357,0.9268128,0.618486,0.78579587,0.64038545,0.7680537
-0.9905991,0.13679695,0.46617308,0.88469356,0.6263131,0.77957165,0.64115316,0.76741296
-0.42011234,0.90747213,0.55216485,0.833735,0.63407713,0.77326983,0.6419203,0.76677144
0.53662384,0.8438216,0.63264567,0.7744414,0.6417782,0.76689035,0.6426867,0.7661291
0.99999046,0.0043654097,0.7067991,0.7074143,0.6494147,0.7604345,0.6434525,0.76548606
0.5439705,-0.83910435,0.77389073,0.6333192,0.6569866,0.75390226,0.64421767,0.7648422
-0.41217342,-0.91110545,0.83325005,0.5528964,0.66449285,0.74729466,0.6449822,0.76419765
-0.989367,-0.14544038,0.8842841,0.46694934,0.6719323,0.7406126,0.6457461,0.76355225
-0.6569411,0.7539419,0.9264858,0.37632978,0.67930484,0.73385626,0.64650935,0.76290613
0.2794734,0.96015346,0.95942706,0.2819569,0.68660915,0.72702676,0.64727193,0.76225924
0.9589414,0.28360435,0.98278236,0.18476693,0.6938451,0.7201243,0.64803386,0.7616116
0.7567631,-0.65368927,0.99631834,0.085730866,0.70101136,0.71315014,0.6487951,0.7609632
-0.1411797,-0.989984,0.99989974,-0.014161769,0.7081079,0.70610434,0.6495558,0.760314
-0.9093225,-0.41609204,0.99348986,-0.11392049,0.7151332,0.6989882,0.65031576,0.75966406
-0.8414384,0.54035306,0.97715384,-0.21253335,0.7220874,0.6918019,0.65107507,0.75901335
6.0288705e-05,1.0,0.95105463,-0.30902272,0.728969,0.6845467,0.6518338,0.7583619
0.84150356,0.5402516,0.91545314,-0.40242454,0.73577803,0.6772228,0.6525918,0.7577096
0.9092724,-0.41620165,0.87070507,-0.49180558,0.74251324,0.66983145,0.6533492,0.7570567
0.14106032,-0.990001,0.817253,-0.57627904,0.7491745,0.66237277,0.65410596,0.75640297
-0.75684196,-0.653598,0.75563926,-0.65498805,0.75576043,0.6548482,0.654862,0.7557485
-0.9589072,0.28372,0.6864756,-0.7271529,0.76227117,0.6472578,0.6556174,0.7550933
-0.2793576,0.96018714,0.6104531,-0.7920524,0.76870537,0.6396031,0.6563722,0.75443727
0.6570321,0.7538627,0.5283314,-0.84903824,0.77506304,0.631884,0.6571263,0.75378054
0.9893495,-0.14555968,0.4409241,-0.8975444,0.78134286,0.62410206,0.65787977,0.75312304
0.41206354,-0.9111551,0.34911782,-0.93707883,0.78754485,0.61625737,0.6586325,0.7524648
-0.54407173,-0.8390387,0.25382337,-0.9672506,0.7936678,0.60835147,0.6593847,0.7518057
-0.9999899,0.004485986,0.15599288,-0.98775816,0.79971164,0.6003843,0.66013616,0.75114596
-0.5365221,0.8438863,0.05660381,-0.9983967,0.80567527,0.5923575,0.660887,0.7504855
0.42022175,0.90742147,-0.043358423,-0.99905956,0.8115586,0.5842711,0.6616371,0.7498242
0.9906156,0.1366775,-0.14287983,-0.98974,0.81736046,0.57612664,0.6623866,0.74916226
0.65024203,-0.7597272,-0.24097368,-0.97053164,0.8230809,0.56792414,0.66313547,0.7484994
-0.28796107,-0.95764214,-0.33665985,-0.9416263,0.828719,0.5596649,0.6638836,0.74783593
-0.9614141,-0.2751054,-0.42898235,-0.90331286,0.834274,0.55135006,0.6646311,0.7471717
-0.7509474,0.660362,-0.5170253,-0.85597014,0.8397458,0.5429797,0.665378,0.7465067
0.14993681,0.98869556,-0.59989554,-0.8000784,0.8451334,0.53455544,0.6661241,0.74584097
0.9129698,0.40802702,-0.676772,-0.7361927,0.85043675,0.52607733,0.66686964,0.7451744
0.83662266,-0.5477797,-0.74688655,-0.66495156,0.8556548,0.517547,0.6676145,0.7445072
-0.008911596,-0.9999603,-0.8095387,-0.58706653,0.8607875,0.50896454,0.6683587,0.7438392
-0.8462525,-0.532782,-0.8641063,-0.50330937,0.8658339,0.5003316,0.66910213,0.7431705
-0.9055528,0.42423362,-0.91003585,-0.4145296,0.87079394,0.49164817,0.66984504,0.74250096
-0.13229199,0.9912108,-0.9468729,-0.32160813,0.8756667,0.482916,0.6705872,0.74183077
0.7625975,0.64687335,-0.97424936,-0.22547336,0.8804521,0.47413516,0.67132866,0.7411598
0.9563583,-0.29219648,-0.99189174,-0.1270858,0.88514924,0.4653073,0.6720695,0.7404881
0.27084777,-0.9626222,-0.99962395,-0.027420871,0.88975805,0.4564325,0.6728096,0.7398157
-0.663679,-0.7480175,-0.9973677,0.07251047,0.8942777,0.44751245,0.6735491,0.7391425
-0.9880223,0.15431102,-0.9851463,0.17171735,0.89870816,0.43854725,0.6742879,0.7384685
-0.4039825,0.9147667,-0.9630819,0.26920852,0.9030485,0.4295386,0.67502606,0.7377939
0.55147696,0.83419013,-0.93139505,0.36400995,0.90729874,0.4204866,0.6757635,0.73711854
0.99991107,-0.01333703,-0.89039886,0.45518118,0.9114581,0.41139296,0.67650026,0.7364424
0.5290315,-0.8486022,-0.8405091,0.54179746,0.91552645,0.40225774,0.67723644,0.7357655
-0.42823714,-0.9036664,-0.78222156,0.62300044,0.9195031,0.39308277,0.67797184,0.73508793
-0.99178654,-0.12790391,-0.7161185,0.69797873,0.923388,0.383868,0.6787066,0.7344096
-0.643492,0.76545286,-0.6428604,0.76598334,0.92718035,0.3746153,0.6794406,0.73373055
0.29642615,0.9550558,-0.563173,0.826339,0.9308801,0.36532474,0.68017405,0.7330507
0.96381146,0.2665848,-0.4778646,0.8784335,0.9344867,0.35599804,0.6809068,0.73237014
0.74507296,-0.666983,-0.38778165,0.92175126,0.93799996,0.34663534,0.6816388,0.7316889
-0.1586822,-0.9873297,-0.29382423,0.9558595,0.9414194,0.33723792,0.6823701,0.7310069
-0.9165457,-0.39993006,-0.19693111,0.9804173,0.94474465,0.32780728,0.68310076,0.73032415
-0.8317413,0.55516344,-0.09806278,0.99518025,0.94797546,0.31834337,0.6838308,0.72964066
0.017762205,0.9998422,0.0017778388,0.9999984,0.9511114,0.3088481,0.68456006,0.72895646
0.8509352,0.5252707,0.1016007,0.99482524,0.95415235,0.29932147,0.68528867,0.7282716
0.9017623,-0.4322323,0.20040843,0.9797124,0.9570977,0.2897654,0.6860166,0.7275859
0.123513296,-0.9923429,0.2972138,0.954811,0.9599475,0.28017986,0.68674386,0.7268995
-0.76829326,-0.64009804,0.39105663,0.92036664,0.9627012,0.2705668,0.68747044,0.7262124
-0.9537345,0.30065003,0.480985,0.87672883,0.96535873,0.2609262,0.6881963,0.7255246
-0.26231667,0.96498185,0.56610763,0.82433134,0.96791965,0.25125995,0.68892145,0.72483605
0.67027396,0.74211377,0.6455741,0.7636977,0.9703839,0.2415681,0.68964595,0.7241468
0.98661774,-0.16305026,0.71859044,0.69543356,0.97275096,0.23185259,0.6903698,0.72345674
0.3958698,-0.91830665,0.78443176,0.6202152,0.9750208,0.22211343,0.6910929,0.72276604
-0.558839,-0.82927614,0.84243023,0.5388054,0.9771931,0.21235253,0.69181526,0.72207457
-0.99975383,0.022187032,0.8920117,0.45201233,0.9792678,0.20256992,0.692537,0.7213824
-0.5214996,0.8532516,0.9326807,0.36070302,0.98124444,0.19276752,0.69325805,0.72068954
0.436219,0.89984053,0.96403104,0.26578978,0.98312306,0.18294537,0.6939784,0.71999586
0.9928798,0.11912028,0.9857506,0.1682134,0.9849033,0.1731054,0.69469804,0.7193015
0.6366916,-0.77111864,0.99761915,0.06896371,0.98658514,0.16324764,0.695417,0.7186065
-0.30486804,-0.9523946,0.9995202,-0.030975033,0.9881682,0.15337405,0.6961352,0.7179107
-0.96613336,-0.2580434,0.9914346,-0.13060428,0.9896526,0.14348464,0.69685286,0.71721417
-0.7391401,0.67355174,0.9734432,-0.22892863,0.99103785,0.13358134,0.69756967,0.716517
0.16741514,0.9858865,0.94572335,-0.32497287,0.9923241,0.12366423,0.6982859,0.71581906
0.92004967,0.39180177,0.90855616,-0.41776276,0.9935111,0.11373522,0.6990013,0.71512043
0.82679474,-0.56250376,0.86231124,-0.50637865,0.9945988,0.10379436,0.6997161,0.71442103
-0.026611421,-0.9996458,0.8074507,-0.5899351,0.995587,0.09384312,0.70043015,0.713721
-0.8555512,-0.5177182,0.7445226,-0.6675973,0.99647564,0.08388297,0.70114356,0.7130202
-0.8979012,0.44019717,0.67415005,-0.7385945,0.9972646,0.07391396,0.7018562,0.7123187
-0.11472493,0.9933973,0.5970469,-0.8022064,0.9979539,0.06393803,0.7025682,0.7116165
0.7739289,0.6332726,0.5139784,-0.8578031,0.9985434,0.053955227,0.70327944,0.7109136
0.95103604,-0.30908006,0.4257747,-0.9048292,0.999033,0.04396751,0.70399,0.7102099
0.25376505,-0.9672659,0.33331683,-0.9428149,0.99942267,0.033974923,0.7046999,0.7095056
-0.67681634,-0.73615193,0.23752126,-0.9713823,0.99971247,0.023979412,0.705409,0.70880055
-0.9851359,0.17177674,0.13935973,-0.9902418,0.99990225,0.013981026,0.70611745,0.7080948
-0.38772607,0.9217746,0.03980582,-0.99920744,0.9999921,0.003981719,0.7068252,0.7073882
0.56615734,0.8242972,-0.060145814,-0.9981896,0.9999819,-0.006018463,0.7075322,0.7066811
0.9995183,-0.031035291,-0.15949652,-0.9871985,0.99987173,-0.016017566,0.70823854,0.7059732
0.51392674,-0.8578341,-0.25726098,-0.966342,0.99966156,-0.026015544,0.7089442,0.7052646
-0.4441667,-0.8959442,-0.35244754,-0.9358316,0.99935144,-0.036010448,0.7096491,0.70455533
-0.9938953,-0.110327326,-0.44411266,-0.89597094,0.99894136,-0.04600222,0.7103533,0.7038453
-0.62984115,0.776724,-0.53134054,-0.8471584,0.9984314,-0.055988923,0.71105677,0.7031346
0.31328604,0.9496588,-0.61325955,-0.78988147,0.99782157,-0.065970495,0.71175957,0.7024232
0.9683795,0.24948172,-0.6890568,-0.72470737,0.99711204,-0.075945,0.71246165,0.7017111
0.73314935,-0.6800677,-0.75796336,-0.65229714,0.9963027,-0.085912384,0.713163,0.70099825
-0.17613496,-0.984366,-0.8192969,-0.57336956,0.9953938,-0.0958707,0.7138637,0.7002848
-0.9234816,-0.38364276,-0.8724445,-0.4887132,0.9943853,-0.10581991,0.71456355,0.69957054
-0.8217835,0.5697999,-0.91687524,-0.39917395,0.99327743,-0.115758054,0.7152628,0.69885564
0.035458554,0.9993712,-0.9521474,-0.30563912,0.9920702,-0.12568511,0.7159613,0.69814
0.86010015,0.5101252,-0.9779033,-0.20905757,0.9907638,-0.13559912,0.71665907,0.6974237
0.89396966,-0.44812754,-0.9938887,-0.11038724,0.98935825,-0.14550003,0.71735615,0.6967067
0.105927564,-0.99437386,-0.9999437,-0.010613993,0.98785377,-0.1553864,0.7180525,0.695989
-0.7795039,-0.62639743,-0.99600786,0.0892653,0.9862505,-0.16525723,0.7187481,0.6952706
-0.948263,0.31748587,-0.9821192,0.18826023,0.98454875,-0.17511061,0.71944296,0.6945515
-0.24519354,0.96947414,-0.9584184,0.28536656,0.98274845,-0.1849474,0.7201372,0.6938317
0.68330574,0.7301324,-0.9251418,0.37962168,0.9808498,-0.19476569,0.7208307,0.69311124
0.9835769,-0.18048975,-0.88262177,0.4700839,0.9788531,-0.20456451,0.7215234,0.6923901
0.37955195,-0.9251704,-0.8312831,0.55584925,0.97675866,-0.21434194,0.7222154,0.6916682
-0.57343125,-0.8192537,-0.7716339,0.6360669,0.9745664,-0.22409888,0.72290677,0.6909456
-0.99920446,0.03988112,-0.7042793,0.70992297,0.9722767,-0.23383339,0.72359735,0.6902224
-0.5063137,0.8623494,-0.629888,0.776686,0.9698897,-0.24354453,0.7242872,0.6894984
0.45207956,0.8919776,-0.5492033,0.8356888,0.96740603,-0.25323036,0.7249763,0.6887738
0.99483293,0.10152573,-0.4630312,0.886342,0.96482533,-0.26289183,0.72566473,0.6880485
0.6229415,-0.78226846,-0.37222576,0.92814225,0.96214813,-0.272527,0.72635245,0.68732244
-0.3216795,-0.94684863,-0.27770802,0.9606655,0.9593747,-0.28213492,0.7270394,0.6865958
-0.9705498,-0.24090055,-0.18041562,0.9835905,0.95650566,-0.29171368,0.7277256,0.6858684
-0.7271011,0.6865304,-0.08132062,0.996688,0.9535407,-0.30126423,0.72841114,0.6851404
0.18484099,0.9827684,0.018586883,0.99982727,0.95048034,-0.31078464,0.7290959,0.6844116
0.92684114,0.3754537,0.118316256,0.99297595,0.947325,-0.32027397,0.72977996,0.68368214
0.81670785,-0.5770514,0.21685587,0.9762036,0.94407517,-0.32973036,0.73046327,0.682952
-0.044302907,-0.99901813,0.3132288,0.9496777,0.94073063,-0.33915466,0.73114586,0.68222123
-0.86458176,-0.5024922,0.40647212,0.9136632,0.93729204,-0.34854507,0.7318277,0.68148977
-0.8899681,0.45602277,0.49565423,0.86851996,0.9337597,-0.35790062,0.73250884,0.6807575
-0.0971219,0.9952725,0.5798903,0.8146946,0.9301343,-0.3672195,0.7331892,0.6800247
0.7850178,0.6194733,0.6583259,0.75273305,0.9264156,-0.37650254,0.7338689,0.6792912
0.9454157,-0.3258668,0.7301839,0.6832507,0.9226042,-0.38574794,0.7345478,0.678557
0.23660281,-0.97160643,0.79474634,0.60694176,0.9187006,-0.39495474,0.735226,0.6778221
-0.6897416,-0.72405565,0.8513682,0.5245686,0.9147051,-0.40412205,0.7359035,0.67708653
-0.98194075,0.18918863,0.899487,0.4369475,0.9106185,-0.4132481,0.7365802,0.6763503
-0.37134814,0.92849374,0.9386148,0.34496716,0.90644044,-0.42233366,0.73725617,0.67561334
0.5806603,0.814146,0.9683645,0.2495401,0.9021718,-0.43137702,0.7379314,0.6748758
0.9988123,-0.048723824,0.9884389,0.15161984,0.89781284,-0.4403772,0.7386059,0.67413753
0.4986609,-0.8667972,0.99863744,0.052184656,0.8933646,-0.44933254,0.7392797,0.67339855
-0.459957,-0.8879412,0.9988579,-0.047779534,0.88882655,-0.45824376,0.7399527,0.6726589
-0.99569255,-0.09271618,0.989098,-0.14725871,0.8841997,-0.46710917,0.740625,0.67191863
-0.61599296,0.7877517,0.96945566,-0.24526659,0.87948436,-0.47592786,0.7412965,0.6711777
0.33004773,0.94396424,0.94012713,-0.34082392,0.8746815,-0.48469815,0.7419674,0.670436
0.9726441,0.23230046,0.90140545,-0.43297595,0.86979073,-0.49342078,0.7426374,0.66969377
0.72099596,-0.69293934,0.8536736,-0.52080846,0.864813,-0.5020941,0.7433067,0.6689508
-0.19353254,-0.9810939,0.79741555,-0.60343057,0.8597488,-0.51071715,0.7439753,0.66820717
-0.9301281,-0.36723524,0.73319036,-0.6800235,0.8545991,-0.51928836,0.74464315,0.6674628
-0.8115682,0.5842577,0.6616395,-0.74982214,0.84936345,-0.5278084,0.74531025,0.6667178
0.053143788,0.9985869,0.583478,-0.81212896,0.8440429,-0.53627574,0.7459766,0.66597223
0.8689956,0.49481982,0.49948013,-0.8663254,0.8386379,-0.5446894,0.7466422,0.6652259
0.88589686,-0.4638823,0.410498,-0.9118615,0.83314955,-0.5530478,0.747307,0.66447896
0.08830863,-0.99609315,0.3174144,-0.94828695,0.82757735,-0.5613517,0.7479712,0.6637313
-0.7904701,-0.6125006,0.22115943,-0.97523767,0.8219224,-0.56959945,0.7486345,0.662983
-0.94249433,0.33422223,0.12269475,-0.99244446,0.8161853,-0.57779026,0.74929714,0.662234
-0.22799356,0.9736626,0.022996569,-0.99973553,0.8103671,-0.5859225,0.74995893,0.6614844
0.6961234,0.71792215,-0.07692382,-0.997037,0.8044673,-0.5939969,0.75062007,0.6607341
0.9802277,-0.19787267,-0.17607561,-0.98437667,0.7984871,-0.6020119,0.7512804,0.65998316
0.3631152,-0.9317443,-0.2734682,-0.96188104,0.79242706,-0.60996675,0.7519401,0.65923154
-0.5878438,-0.8089745,-0.36812845,-0.92977494,0.7862877,-0.61786056,0.7525989,0.6584793
-0.9983419,0.057562713,-0.45911735,-0.88837564,0.78007036,-0.62569183,0.753257,0.65772635
-0.49096906,0.871177,-0.545512,-0.838103,0.7737744,-0.63346136,0.75391436,0.65697277
0.46779844,0.8838352,-0.6264562,-0.7794566,0.76740104,-0.64116746,0.75457096,0.6562185
0.9964742,0.083899364,-0.7011413,-0.7130224,0.760951,-0.64880943,0.7552268,0.65546364
0.6089962,-0.79317313,-0.76882094,-0.63946414,0.7544254,-0.65638584,0.75588185,0.6547081
-0.33839014,-0.9410059,-0.8288233,-0.5595104,0.7478238,-0.66389734,0.7565362,0.6539519
-0.9746621,-0.22368218,-0.88053983,-0.4739722,0.74114734,-0.67134243,0.75718975,0.65319496
-0.7148343,0.6992939,-0.92345846,-0.38369843,0.7343969,-0.67872036,0.7578426,0.65243745
0.20220894,0.9793424,-0.9571505,-0.28959098,0.7275735,-0.68602973,0.7584947,0.6516793
0.93334216,0.35898802,-0.9812793,-0.19259015,0.7206768,-0.6932712,0.7591459,0.6509205
0.8063649,-0.5914183,-0.99560446,-0.09365746,0.713708,-0.7004434,0.7597965,0.650161
-0.061980512,-0.99807733,-0.99998075,0.0062035127,0.7066679,-0.7075454,0.7604463,0.6494009
-0.8733414,-0.4871087,-0.9943659,0.1060025,0.6995577,-0.7145761,0.7610953,0.6486401
-0.8817562,0.47170544,-0.9788159,0.20474237,0.692377,-0.721536,0.76174355,0.6478787
-0.07948845,0.99683577,-0.9534862,0.3014366,0.6851269,-0.7284237,0.76239103,0.64711666
0.79586065,0.6054799,-0.9186269,0.39512607,0.6778084,-0.7352386,0.7630378,0.64635396
0.9394991,-0.3425514,-0.8745916,0.4848604,0.6704228,-0.74197936,0.7636838,0.64559054
0.21936645,-0.97564256,-0.8218179,0.5697503,0.6629694,-0.7486465,0.76432896,0.64482653
-0.7024507,-0.71173245,-0.7608331,0.64894766,0.65544975,-0.75523883,0.7649734,0.6440619
-0.9784379,0.20654123,-0.6922465,0.72166115,0.6478645,-0.7617556,0.7656171,0.6432966
-0.35485384,0.9349218,-0.6167374,0.787169,0.6402153,-0.76819557,0.76626,0.6425306
0.59498125,0.8037396,-0.53507185,0.84480655,0.63250124,-0.7745594,0.76690215,0.6417641
0.99779326,-0.06639709,-0.44806015,0.89400345,0.624724,-0.7808457,0.76754355,0.6409969
0.4832388,-0.8754886,-0.35657173,0.93426794,0.61688423,-0.78705394,0.7681841,0.640229
-0.47560322,-0.87965995,-0.26152065,0.96519786,0.6089828,-0.79318345,0.768824,0.6394605
-0.99717784,-0.07507597,-0.16384912,0.9864854,0.60102123,-0.7992331,0.76946306,0.6386913
-0.6019517,0.7985325,-0.06454787,0.9979146,0.5929988,-0.8052034,0.77010137,0.6379216
0.346706,0.93797386,0.0353983,0.99937326,0.58491707,-0.81109315,0.7707389,0.6371512
0.97660387,0.21504639,0.1349908,0.9908469,0.57677686,-0.8169018,0.77137566,0.63638014
0.7086166,-0.7055937,0.23323454,0.9724205,0.56857973,-0.8226282,0.7720117,0.6356084
-0.21086948,-0.9775142,0.32915518,0.94427586,0.56032497,-0.8282729,0.7726469,0.6348361
-0.93648314,-0.35071266,0.42177966,0.90669835,0.5520142,-0.83383477,0.77328134,0.6340631
-0.8010985,0.59853256,0.51019,0.8600617,0.5436481,-0.83931327,0.773915,0.6332895
0.070812374,0.99748963,0.5935029,0.8048319,0.5352286,-0.8447073,0.77454793,0.6325153
0.87761873,0.4793594,0.6708858,0.7415607,0.5267547,-0.85001737,0.77518004,0.6317404
0.8775464,-0.47949165,0.74157083,0.67087466,0.5182281,-0.85524243,0.77581143,0.6309649
0.07066203,-0.9975003,0.80484086,0.5934907,0.50964975,-0.86038196,0.776442,0.63018876
-0.80118877,-0.5984118,0.8600694,0.510177,0.5010212,-0.865435,0.7770718,0.62941206
-0.9364303,0.3508538,0.9067047,0.42176598,0.49234176,-0.870402,0.7777008,0.6286347
-0.21072213,0.977546,0.9442808,0.32914093,0.48361307,-0.87528193,0.7783291,0.6278566
0.70872295,0.70548695,0.97242403,0.23321989,0.474836,-0.8800743,0.77895653,0.627078
0.97657144,-0.21519358,0.9908489,0.13497587,0.46601227,-0.88477826,0.7795832,0.6262987
0.34656462,-0.93802613,0.9993738,0.03538324,0.45714113,-0.88939416,0.7802091,0.62551886
-0.60207206,-0.79844177,0.99791366,-0.06456291,0.44822428,-0.89392114,0.78083426,0.6247383
-0.9971665,0.07522627,0.9864829,-0.16386399,0.4392626,-0.8983587,0.7814586,0.62395716
-0.47547063,0.8797316,0.9651939,-0.26153523,0.43025786,-0.902706,0.78208214,0.6231754
0.48337072,0.8754158,0.9342626,-0.3565858,0.42120925,-0.9069635,0.78270495,0.622393
0.9978033,0.0662467,0.89399666,-0.44807363,0.4121185,-0.91113025,0.7833269,0.62161
0.5948601,-0.8038293,0.8447985,-0.5350846,0.40298653,-0.9152059,0.7839482,0.6208263
-0.3549947,-0.93486834,0.7871597,-0.6167493,0.39381424,-0.91919005,0.7845686,0.6200421
-0.978469,-0.20639373,0.7216507,-0.6922574,0.38460347,-0.9230819,0.78518826,0.6192572
-0.70234346,0.7118383,0.6489362,-0.76084286,0.37535337,-0.9268818,0.7858071,0.6184717
0.21951349,0.9756095,0.5697379,-0.82182646,0.36606574,-0.930589,0.7864252,0.6176856
0.9395507,0.34240982,0.4848472,-0.87459886,0.3567415,-0.93420315,0.7870425,0.61689883
0.79576933,-0.6055998,0.39511222,-0.91863286,0.34738246,-0.9377235,0.787659,0.6161115
-0.07963869,-0.9968238,0.30142224,-0.9534908,0.33798778,-0.9411505,0.7882747,0.61532354
-0.8818273,-0.47157255,0.20472762,-0.978819,0.3285593,-0.94448334,0.7888896,0.614535
-0.87326795,0.48724034,0.10598751,-0.9943675,0.319098,-0.9477217,0.78950375,0.61374575
-0.061830077,0.9980867,0.0061884406,-0.99998087,0.30960566,-0.95086503,0.79011714,0.6129559
0.80645406,0.5912968,-0.09367246,-0.9956031,0.3000815,-0.95391357,0.79072964,0.6121655
0.93328804,-0.35912868,-0.19260493,-0.9812764,0.29052728,-0.9568667,0.7913414,0.6113745
0.20206133,-0.97937286,-0.28960544,-0.9571461,0.28094402,-0.9597242,0.79195243,0.6105828
-0.7149397,-0.69918615,-0.38371235,-0.9234527,0.2713336,-0.9624854,0.7925626,0.60979056
-0.9746284,0.22382909,-0.4739855,-0.8805327,0.26169512,-0.9651506,0.793172,0.6089977
-0.33824828,0.9410569,-0.55952287,-0.8288149,0.25203046,-0.9677193,0.7937806,0.60820425
0.6091157,0.79308134,-0.6394757,-0.76881135,0.24234061,-0.97019124,0.7943884,0.60741013
0.9964616,-0.08404955,-0.71303296,-0.7011305,0.23262745,-0.97256595,0.7949954,0.6066154
0.46766526,-0.88390565,-0.7794661,-0.62644446,0.2228901,-0.97484356,0.79560167,0.6058201
-0.4911004,-0.871103,-0.8381112,-0.5454994,0.21313046,-0.9770238,0.7962071,0.6050242
-0.99835056,-0.05741224,-0.88838255,-0.45910397,0.2033495,-0.9791062,0.7968117,0.6042277
-0.5877219,0.8090631,-0.9297805,-0.3681144,0.19354914,-0.9810906,0.7974155,0.6034306
0.36325562,0.9316895,-0.96188515,-0.27345368,0.1837285,-0.98297703,0.7980186,0.6026329
0.9802576,0.19772492,-0.9843793,-0.17606078,0.17388947,-0.9847652,0.7986208,0.6018346
0.6960152,-0.71802706,-0.9970381,-0.07690879,0.16403307,-0.98645484,0.79922223,0.60103565
-0.22814031,-0.9736283,-0.9997352,0.023011636,0.15416026,-0.9880459,0.79982287,0.6002362
-0.9425447,-0.33408013,-0.9924426,0.122709714,0.14427297,-0.98953795,0.80042267,0.59943604
-0.79037786,0.6126197,-0.9752343,0.22117412,0.13437033,-0.9909312,0.80102175,0.59863526
0.08845876,0.99607986,-0.9482821,0.3174287,0.12445424,-0.99222535,0.80161995,0.597834
0.8859668,0.46374875,-0.91185534,0.41051176,0.1145257,-0.9934203,0.80221736,0.59703207
0.86892104,-0.4949508,-0.86631787,0.49949318,0.10458665,-0.9945158,0.802814,0.59622955
0.05299328,-0.9985949,-0.8121202,0.58349025,0.09463621,-0.99551195,0.8034099,0.59542644
-0.81165624,-0.5841355,-0.7498121,0.6616508,0.084676296,-0.9964085,0.8040049,0.59462273
-0.9300727,0.36737546,-0.68001246,0.73320055,0.07470791,-0.99720544,0.8045991,0.5938184
-0.19338468,0.98112303,-0.6034185,0.7974247,0.06473301,-0.99790263,0.80519253,0.5930135
0.7211004,0.6928306,-0.5207956,0.8536814,0.054750685,-0.99850005,0.8057851,0.592208
0.97260904,-0.23244706,-0.43296236,0.901412,0.044762887,-0.9989976,0.80637693,0.59140193
0.32990545,-0.94401395,-0.34080976,0.94013226,0.034770608,-0.9993953,0.806968,0.5905953
-0.6161117,-0.7876588,-0.24525198,0.96945935,0.024775807,-0.99969304,0.8075581,0.589788
-0.9956786,0.09286624,-0.14724381,0.9891002,0.014777575,-0.9998908,0.8081475,0.5889802
-0.4598232,0.8880105,-0.04776448,0.99885863,0.0047778664,-0.9999886,0.8087361,0.5881717
0.49879155,0.866722,0.05219971,0.99863666,-0.0052223206,-0.99998635,0.80932385,0.5873627
0.99881965,0.04857328,0.15163472,0.9884366,-0.015221032,-0.9998841,0.80991083,0.5865531
0.58053756,-0.8142335,0.24955471,0.9683607,-0.025219174,-0.99968195,0.810497,0.5857429
-0.37148806,-0.9284377,0.3449813,0.93860954,-0.035214793,-0.99937975,0.8110823,0.5849321
-0.9819693,-0.18904062,0.43696105,0.8994804,-0.045206893,-0.99897766,0.81166685,0.5841207
-0.6896325,0.72415954,0.5245815,0.85136026,-0.055193517,-0.9984757,0.81225055,0.58330876
0.23674926,0.9715708,0.60695374,0.79473716,-0.06517558,-0.9978738,0.8128334,0.5824962
0.9454648,0.3257243,0.68326175,0.7301736,-0.075151116,-0.9971722,0.8134155,0.5816831
0.7849244,-0.61959165,0.752743,0.6583145,-0.08511914,-0.9963708,0.8139968,0.5808694
-0.09727191,-0.99525785,0.81470335,0.57987803,-0.09507866,-0.99546975,0.8145773,0.58005506
-0.8900368,-0.45588863,0.8685274,0.49564114,-0.10502771,-0.9944693,0.81515694,0.5792402
-0.864506,0.5026225,0.9136693,0.40645835,-0.11496722,-0.9933693,0.81573576,0.57842475
-0.044152334,0.9990248,0.9496824,0.31321448,-0.12489523,-0.9921699,0.81631374,0.57760876
0.8167948,0.5769283,0.9762069,0.21684115,-0.13481075,-0.99087137,0.81689095,0.5767922
0.9267846,-0.3755934,0.99297774,0.118301295,-0.14471184,-0.9894738,0.8174674,0.57597494
0.18469287,-0.9827963,0.9998275,0.018571815,-0.1545994,-0.98797727,0.81804293,0.5751572
-0.72720456,-0.6864208,0.99668676,-0.08133564,-0.1644715,-0.9863818,0.81861764,0.5743389
-0.97051346,0.24104682,0.98358774,-0.18043046,-0.17432716,-0.9846878,0.8191916,0.57352
-0.32153675,0.9468971,0.96066135,-0.2777225,-0.18416445,-0.98289543,0.81976473,0.5727005
0.6230594,0.7821746,0.92813665,-0.37223974,-0.19398426,-0.98100466,0.820337,0.57188046
0.9948176,-0.10167567,0.886335,-0.46304452,-0.20378466,-0.9790157,0.8209085,0.5710598
0.4519451,-0.89204574,0.83568054,-0.54921585,-0.2135647,-0.97692895,0.8214791,0.57023865
-0.5064436,-0.8622731,0.7766765,-0.62989974,-0.22332244,-0.9747446,0.8220489,0.5694169
-0.9992104,-0.03973052,0.70991236,-0.70429003,-0.23305878,-0.97246265,0.82261795,0.5685945
-0.57330775,0.8193401,0.6360553,-0.7716435,-0.2427718,-0.9700834,0.82318616,0.5677716
0.3796914,0.9251132,0.5558368,-0.83129144,-0.25246057,-0.9676072,0.8237535,0.5669482
0.9836041,0.1803415,0.47007057,-0.88262886,-0.26212314,-0.9650344,0.82432,0.56612414
0.6831957,-0.73023534,0.37960774,-0.92514753,-0.27176043,-0.9623649,0.8248858,0.5652995
-0.24533966,-0.9694372,0.2853521,-0.9584228,-0.28137058,-0.9595992,0.8254506,0.56447434
-0.94831085,-0.31734294,0.18824542,-0.982122,-0.29095256,-0.95673746,0.8260147,0.56364864
-0.7794094,0.626515,0.08925029,-0.99600923,-0.30050454,-0.9537804,0.8265779,0.56282234
0.10607743,0.9943579,-0.010629064,-0.9999435,-0.31002736,-0.95072764,0.82714033,0.5619955
0.8940372,0.44799277,-0.11040223,-0.993887,-0.3195192,-0.9475798,0.8277019,0.561168
0.86002326,-0.5102548,-0.20907232,-0.9779002,-0.32897907,-0.9443372,0.8282627,0.56034005
0.03530793,-0.9993765,-0.30565348,-0.95214283,-0.33840606,-0.94100016,0.8288226,0.55951154
-0.8218694,-0.569676,-0.39918777,-0.9168692,-0.34779832,-0.9375694,0.8293817,0.55868244
-0.92342377,0.38378197,-0.48872632,-0.8724372,-0.35715666,-0.9340445,0.82993996,0.5578528
-0.1759866,0.9843926,-0.57338184,-0.81928825,-0.3664793,-0.9304262,0.8304974,0.5570225
0.7332518,0.6799572,-0.6523085,-0.7579536,-0.3757653,-0.9267149,0.83105403,0.55619174
0.9683419,-0.2496277,-0.72471774,-0.68904585,-0.38501284,-0.9229112,0.8316098,0.55536044
0.3131429,-0.949706,-0.78989077,-0.61324763,-0.39422277,-0.91901493,0.8321647,0.55452853
-0.6299582,-0.77662903,-0.84716636,-0.5313277,-0.40339327,-0.9150267,0.83271885,0.5536961
-0.99387866,0.11047713,-0.8959776,-0.4440992,-0.41252342,-0.910947,0.8332721,0.5528631
-0.44403166,0.8960111,-0.9358369,-0.35243344,-0.42161146,-0.9067766,0.8338246,0.55202955
0.514056,0.8577566,-0.96634585,-0.25724643,-0.4306582,-0.9025151,0.83437616,0.55119544
0.999523,0.030884642,-0.9872009,-0.15948163,-0.43966186,-0.8981634,0.83492696,0.5503608
0.5660331,-0.82438254,-0.9981905,-0.060130768,-0.44862157,-0.8937218,0.83547693,0.54952556
-0.38786498,-0.9217162,-0.99920684,0.03982088,-0.45753556,-0.8891913,0.836026,0.54868984
-0.9851618,-0.17162825,-0.99023974,0.13937467,-0.46640465,-0.8845715,0.83657426,0.5478535
-0.6767054,0.7362539,-0.97137874,0.23753591,-0.4752271,-0.8798632,0.8371217,0.54701674
0.25391084,0.96722764,-0.9428099,0.33333102,-0.484002,-0.87506694,0.8376683,0.54617935
0.9510826,0.30893674,-0.9048228,0.42578828,-0.4927277,-0.8701836,0.8382141,0.5453414
0.77383345,-0.6333892,-0.85779536,0.51399136,-0.50140494,-0.86521274,0.838759,0.54450285
-0.11487465,-0.99338,-0.8021974,0.597059,-0.51003206,-0.8601554,0.8393031,0.54366386
-0.89796746,-0.44006184,-0.7385843,0.67416114,-0.51860815,-0.85501206,0.8398463,0.54282427
-0.85547316,0.5178472,-0.6675861,0.74453264,-0.5271316,-0.84978366,0.8403887,0.54198414
-0.026460754,0.9996499,-0.58992296,0.8074596,-0.5356031,-0.84446985,0.8409303,0.5411435
0.82687956,0.56237906,-0.50636566,0.8623189,-0.54402107,-0.8390716,0.841471,0.5403023
0.9199906,-0.39194041,-0.41774908,0.9085625,-0.5523847,-0.8335894,0.8420109,0.53946054
0.16726653,-0.9859117,-0.32495862,0.94572824,-0.56069297,-0.8280238,0.8425499,0.5386183
-0.73924166,-0.67344034,-0.22891395,0.97344667,-0.56894445,-0.82237595,0.84308815,0.53777546
-0.96609443,0.258189,-0.13058934,0.99143654,-0.5771398,-0.8166454,0.8436254,0.5369321
-0.30472448,0.95244056,-0.030959968,0.9995206,-0.58527744,-0.8108331,0.844162,0.5360882
0.63680774,0.7710227,0.068978734,0.99761814,-0.5933566,-0.80493975,0.84469765,0.53524375
0.99286187,-0.11926993,0.16822825,0.98574805,-0.6013756,-0.79896647,0.8452325,0.53439885
0.43608338,-0.8999063,0.2658043,0.964027,-0.60933524,-0.7929127,0.8457665,0.5335533
-0.5216282,-0.85317296,0.3607171,0.9326753,-0.61723393,-0.7867797,0.8462995,0.53270733
-0.9997572,-0.022036344,0.4520258,0.8920049,-0.6250709,-0.78056794,0.84683186,0.5318607
-0.5587141,0.82936037,0.5388182,0.8424221,-0.6328447,-0.7742788,0.84736335,0.5310136
0.3960082,0.918247,0.620227,0.7844224,-0.64055586,-0.7679116,0.8478939,0.53016603
0.9866423,0.16290155,0.6954444,0.71857995,-0.648203,-0.7614676,0.84842366,0.5293178
0.6701621,-0.74221486,0.7637074,0.6455626,-0.6557853,-0.7549474,0.8489526,0.5284691
-0.2624621,-0.9649423,0.82433987,0.5660952,-0.66330135,-0.74835247,0.84948057,0.52761996
-0.9537798,-0.3005063,0.8767361,0.48097175,-0.67075175,-0.741682,0.8500078,0.5267702
-0.7681968,0.6402138,0.92037255,0.39104277,-0.6781351,-0.7349373,0.8505341,0.5259199
0.12366287,0.9923243,0.95481545,0.29719943,-0.68545055,-0.7281192,0.8510596,0.5250691
0.90182745,0.4320964,0.97971547,0.20039366,-0.69269687,-0.7212289,0.85158426,0.5242177
0.850856,-0.5253989,0.9948268,0.10158571,-0.6998745,-0.7142658,0.85210806,0.523366
0.017611505,-0.9998449,0.99999845,0.0017627666,-0.70698225,-0.7072313,0.852631,0.52251357
-0.83182496,-0.5550381,0.99517876,-0.09807778,-0.7140193,-0.70012605,0.85315305,0.52166075
-0.91648537,0.4000682,0.9804144,-0.19694589,-0.7209842,-0.6929515,0.8536743,0.52080727
-0.15853338,0.9873536,0.9558551,-0.29383862,-0.72787774,-0.685707,0.8541947,0.5199533
0.7451735,0.6668707,0.9217454,-0.3877955,-0.7346985,-0.6783939,0.8547142,0.5190989
0.9637713,-0.2667301,0.8784263,-0.47787783,-0.74144566,-0.67101294,0.8552329,0.5182439
0.2962822,-0.9551004,0.82633054,-0.5631855,-0.7481188,-0.66356486,0.8557507,0.51738846
-0.6436074,-0.7653559,0.7659737,-0.642872,-0.75471646,-0.65605116,0.85626763,0.5165324
-0.9917673,0.12805337,0.697968,-0.71612895,-0.76123923,-0.6484712,0.8567838,0.51567584
-0.42810094,0.9037309,0.62298864,-0.7822309,-0.76768595,-0.6408263,0.857299,0.51481885
0.5291594,0.8485224,0.5417848,-0.8405172,-0.77405584,-0.6331173,0.8578134,0.51396126
0.99991304,0.0131863225,0.45516777,-0.8904057,-0.78034776,-0.6253458,0.8583269,0.51310325
0.55135125,-0.8342733,0.36399588,-0.93140054,-0.78656226,-0.61751103,0.8588396,0.51224464
-0.40412036,-0.9147058,0.269194,-0.96308595,-0.7926981,-0.6096145,0.85935146,0.5113855
-0.9880456,-0.1541621,0.17170249,-0.98514885,-0.79875463,-0.601657,0.8598624,0.51052594
-0.66356623,0.74811757,0.072495446,-0.99736875,-0.8047307,-0.59364,0.8603725,0.5096658
0.27099285,0.96258134,-0.027435936,-0.99962354,-0.8106269,-0.585563,0.8608817,0.5088052
0.95640236,0.29205233,-0.12710077,-0.99188983,-0.8164421,-0.5774274,0.86139005,0.50794405
0.7625,-0.64698833,-0.22548805,-0.9742459,-0.8221755,-0.5692341,0.8618976,0.50708234
-0.13244139,-0.99119085,-0.3216224,-0.946868,-0.82782626,-0.5609846,0.8624042,0.5062203
-0.9056167,-0.42409712,-0.4145433,-0.9100296,-0.83339477,-0.5526782,0.86291003,0.50535756
-0.8461722,0.5329095,-0.50332236,-0.8640987,-0.8388799,-0.5443166,0.863415,0.50449437
-0.00876088,0.9999616,-0.5870787,-0.8095299,-0.84428114,-0.53590053,0.863919,0.50363076
0.8367052,0.54765356,-0.66496277,-0.74687654,-0.84959745,-0.52743167,0.86442226,0.50276655
0.9129084,-0.40816462,-0.7362029,-0.67676085,-0.8548293,-0.5189093,0.86492455,0.5019019
0.1497878,-0.98871815,-0.8000874,-0.59988344,-0.8599757,-0.51033497,0.86542606,0.50103676
-0.75104696,-0.6602488,-0.85597795,-0.51701236,-0.8650361,-0.50170964,0.8659266,0.500171
-0.9613726,0.27525026,-0.90331936,-0.42896876,-0.87000954,-0.49303496,0.86642635,0.49930492
-0.2878167,0.95768553,-0.9416314,-0.3366457,-0.8748964,-0.48431018,0.86692524,0.49843818
0.6503566,0.75962913,-0.9705353,-0.24095905,-0.8796958,-0.47553694,0.86742324,0.49757108
0.990595,-0.1368268,-0.9897422,-0.14286491,-0.88440716,-0.46671614,0.8679204,0.49670336
0.42008495,-0.90748477,-0.9990602,-0.043343365,-0.88903016,-0.45784867,0.86841667,0.49583516
-0.5366492,-0.8438055,-0.99839586,0.05661886,-0.8935638,-0.44893628,0.86891204,0.49496657
-0.9999906,-0.004335266,-0.98775584,0.15600777,-0.89800847,-0.43997815,0.8694066,0.49409735
-0.5439452,0.83912075,-0.9672468,0.25383794,-0.9023634,-0.430976,0.8699002,0.49322775
0.4122009,0.911093,-0.9370736,0.3491319,-0.9066281,-0.42193076,0.87039304,0.49235758
0.9893714,0.14541057,-0.89753777,0.4409376,-0.91080165,-0.4128442,0.87088495,0.4914869
0.65691847,-0.7539617,-0.8490303,0.5283442,-0.9148846,-0.4037155,0.871376,0.49061581
-0.27950233,-0.960145,-0.7920432,0.61046505,-0.91887605,-0.3945464,0.8718662,0.48974416
-0.9589499,-0.28357548,-0.7271425,0.68648654,-0.92277557,-0.38533786,0.87235546,0.4888721
-0.75674343,0.6537121,-0.65497667,0.75564915,-0.92658246,-0.37609166,0.8728439,0.48799947
0.14120954,0.98997974,-0.5762667,0.8172617,-0.9302971,-0.36680695,0.87333155,0.48712635
0.9093351,0.4160646,-0.49179244,0.87071246,-0.93391865,-0.3574856,0.87381816,0.48625284
0.84142214,-0.5403784,-0.40241075,0.9154592,-0.93744683,-0.34812847,0.874304,0.48537874
-9.043306e-05,-1.0,-0.3090084,0.95105934,-0.94088095,-0.33873743,0.874789,0.48450416
-0.8415199,-0.5402262,-0.21251863,0.977157,-0.9442213,-0.32931164,0.875273,0.4836292
-0.9092598,0.41622907,-0.11390551,0.9934916,-0.9474672,-0.3198529,0.8757562,0.48275363
-0.14103048,0.99000525,-0.014146698,0.9998999,-0.9506184,-0.31036216,0.8762385,0.48187768
0.75686157,0.65357524,0.085745886,0.996317,-0.9536742,-0.3008413,0.87671995,0.48100117
0.9588986,-0.2837489,0.18478175,0.98277956,-0.95663494,-0.29128948,0.87720054,0.48012418
0.27932867,-0.96019554,0.2819714,0.9594228,-0.9595,-0.2817085,0.8776802,0.47924682
-0.6570548,-0.75384283,0.37634376,0.9264801,-0.9622692,-0.27209935,0.87815905,0.47836885
-0.9893451,0.14558952,0.46696267,0.88427705,-0.9649418,-0.26246393,0.8786369,0.4774905
-0.4120361,0.91116756,0.55290896,0.8332417,-0.9675182,-0.2528013,0.879114,0.4766116
0.544097,0.83902234,0.6333309,0.77388114,-0.9699979,-0.24311341,0.87959015,0.4757322
0.9999898,-0.0045161303,0.707425,0.7067884,-0.9723805,-0.23340122,0.88006544,0.47485244
0.53649664,-0.84390247,0.77445096,0.632634,-0.97466594,-0.22366568,0.8805399,0.4739721
-0.4202491,-0.9074088,0.83374333,0.5521523,-0.97685367,-0.21390872,0.8810134,0.4730914
-0.9906197,-0.13664764,0.8847006,0.46615973,-0.9789439,-0.20412941,0.88148606,0.4722101
-0.65021914,0.75974673,0.9268185,0.3755096,-0.9809363,-0.19432971,0.8819578,0.47132835
0.2879899,0.95763344,0.95967627,0.28110763,-0.9828305,-0.18451057,0.8824287,0.4704462
0.9614224,0.2750764,0.9829455,0.183897,-0.98462635,-0.17467391,0.8828987,0.4695635
0.75092757,-0.66038465,0.99639446,0.084841385,-0.98632383,-0.16481885,0.8833678,0.46868044
-0.14996661,-0.98869103,0.9998867,-0.0150544075,-0.9879227,-0.15494733,0.88383603,0.4677968
-0.91298217,-0.40799952,0.99338865,-0.11479979,-0.9894228,-0.14506029,0.88430345,0.4669127
-0.8366061,0.54780495,0.9769653,-0.21339816,-0.9908238,-0.13515969,0.88476986,0.4660282
0.008941739,0.99996,0.95078075,-0.30986437,-0.99212587,-0.12524463,0.8852355,0.46514317
0.8462686,0.5327565,0.91509354,-0.40324163,-0.99332875,-0.115317054,0.8857002,0.46425766
0.90554,-0.42426088,0.87026566,-0.4925827,-0.9944323,-0.105377935,0.886164,0.46337178
0.13226211,-0.99121475,0.8167426,-0.5770022,-0.9954362,-0.095429234,0.88662696,0.46248534
-0.762617,-0.64685035,0.7550592,-0.65565664,-0.99634075,-0.085470036,0.88708895,0.46159855
-0.9563495,0.29222527,0.6858317,-0.7277602,-0.99714565,-0.07550229,0.8875501,0.46071118
-0.27081874,0.9626304,0.6097458,-0.79259706,-0.9978508,-0.065527,0.8880104,0.45982337
0.66370153,0.7479975,0.5275732,-0.84950954,-0.9984561,-0.055546105,0.88846976,0.4589352
0.9880177,-0.1543408,0.4401295,-0.8979343,-0.9989617,-0.045558702,0.88892823,0.45804647
0.40395492,-0.9147789,0.34828824,-0.93738747,-0.9993673,-0.035566747,0.8893858,0.45715737
-0.5515021,-0.8341735,0.25296715,-0.9674749,-0.999673,-0.025571233,0.88984257,0.4562677
-0.99991065,0.013367172,0.15511101,-0.98789704,-0.9998787,-0.015574115,0.8902984,0.4553776
-0.52900594,0.8486181,0.05571249,-0.9984469,-0.99998444,-0.0055744876,0.8907533,0.45448714
0.4282644,0.9036535,-0.044242676,-0.9990208,-0.9999902,0.004425698,0.8912074,0.45359612
0.9917904,0.127874,-0.1437558,-0.9896132,-0.99989593,0.014425442,0.8916605,0.45270476
0.6434689,-0.7654723,-0.2418326,-0.97031796,-0.9997017,0.02442374,0.8921128,0.4518128
-0.29645497,-0.95504683,-0.33750036,-0.9413254,-0.99940753,0.034418646,0.8925642,0.45092043
-0.9638195,-0.2665558,-0.42978862,-0.90292954,-0.99901336,0.044411063,0.8930146,0.4500277
-0.7450529,0.6670055,-0.5177827,-0.8555122,-0.9985193,0.054399036,0.8934642,0.44913444
0.15871195,0.98732495,-0.6006034,-0.7995471,-0.99792534,0.06438157,0.89391285,0.44824082
0.9165577,0.39990243,-0.6774233,-0.73559344,-0.9972317,0.07435672,0.89436066,0.44734663
0.8317246,-0.55518854,-0.74747986,-0.66428447,-0.99643826,0.08432538,0.8948076,0.446452
-0.017792344,-0.9998417,-0.81006247,-0.5863436,-0.9955452,0.09428561,0.89525354,0.44555703
-0.850951,-0.5252451,-0.8645515,-0.50254434,-0.99455255,0.10423641,0.8956987,0.44466153
-0.90174925,0.4322595,-0.91040236,-0.41372395,-0.99346054,0.114175834,0.8961429,0.44376567
-0.12348338,0.99234664,-0.94715714,-0.32076994,-0.9922691,0.12410479,0.89658624,0.44286925
0.7683126,0.64007485,-0.97445023,-0.22460353,-0.9909784,0.13402134,0.8970287,0.4419724
0.95372546,-0.3006788,-0.9920048,-0.12620027,-0.9895887,0.14392449,0.8974702,0.4410752
0.2622876,-0.9649898,-0.99964786,-0.026536087,-0.9881001,0.1538123,0.8979108,0.4401775
-0.6702963,-0.7420936,-0.99730307,0.073393226,-0.98651254,0.16368568,0.89835054,0.43927932
-0.98661286,0.16308,-0.9849939,0.17258923,-0.9848263,0.17354268,0.89878935,0.4383808
-0.3958421,0.91831857,-0.9628412,0.27006817,-0.98304164,0.18338232,0.8992273,0.43748176
0.55886406,0.82925934,-0.93106973,0.36484128,-0.98115885,0.19320269,0.8996643,0.4365824
0.9997532,-0.022217168,-0.88999563,0.4559691,-0.9791778,0.20300469,0.90010047,0.43568245
0.5214738,-0.8532673,-0.84002924,0.5425412,-0.97709876,0.21278638,0.9005357,0.4347821
-0.43624613,-0.8998274,-0.7816698,0.6236925,-0.974922,0.22254679,0.90097,0.4338814
-0.99288344,-0.11909035,-0.71549505,0.6986178,-0.972648,0.23228401,0.9014034,0.43298018
-0.63666826,0.77113783,-0.64217633,0.766557,-0.97027653,0.24199893,0.901836,0.43207863
0.30489674,0.9523854,-0.5624414,0.8268372,-0.967808,0.25168964,0.9022676,0.43117654
0.9661411,0.25801426,-0.47708687,0.8788561,-0.9652427,0.2613552,0.90269834,0.430274
0.73911977,-0.67357403,-0.38696563,0.92209417,-0.96258086,0.2709946,0.90312815,0.42937115
-0.16744485,-0.98588145,-0.29297078,0.9561214,-0.959823,0.28060603,0.90355706,0.42846778
-0.92006147,-0.39177403,-0.19605577,0.9805927,-0.95696896,0.29019028,0.9039851,0.42756405
-0.8267778,0.5625286,-0.09718191,0.9952666,-0.9540192,0.29974553,0.9044122,0.42665982
0.026641555,0.99964505,0.0026629416,0.9999965,-0.95097405,0.30927077,0.90483844,0.42575514
0.8555668,0.51769245,0.10248118,0.99473494,-0.9478341,0.3187642,0.90526366,0.42485017
0.8978879,-0.4402242,0.20128296,0.97953314,-0.944599,0.3282267,0.9056881,0.42394465
0.114694975,-0.99340075,0.29806608,0.95454526,-0.94126946,0.33765632,0.9061116,0.4230388
-0.77394795,-0.6332492,0.3918711,0.92002016,-0.9378458,0.3470522,0.9065342,0.42213246
-0.95102674,0.30910873,0.4817608,0.8763028,-0.93432873,0.35641244,0.90695584,0.42122567
-0.2537359,0.96727353,0.5668371,0.82382995,-0.9307179,0.36573797,0.9073766,0.42031857
0.6768386,0.73613155,0.6462557,0.763121,-0.92701393,0.3750269,0.9077965,0.41941094
0.9851307,-0.17180644,0.719211,0.69479173,-0.9232173,0.38427836,0.90821546,0.4185029
0.38769826,-0.92178637,0.7849804,0.6195206,-0.9193287,0.39349052,0.9086335,0.41759452
-0.56618214,-0.82428014,0.84290683,0.5380596,-0.9153478,0.40266418,0.90905064,0.41668564
-0.9995174,0.031065421,0.8924114,0.45122266,-0.9112753,0.41179758,0.90946686,0.41577646
-0.5139009,0.8578496,0.93300235,0.35987023,-0.90711176,0.4208898,0.9098822,0.41486675
