0,1,dtype,pop,true_mean,true_sd,sample_id
68.76445,1.5819248,offspring,23,69.045,1.84299574967858,0
68.994415,1.6999266,offspring,14,69.315,1.61142793819643,1
69.48382,1.5997982,offspring,2,69.2033333333333,3.42504111897458,2
69.004364,1.6987207,offspring,14,70.3766666666667,1.38867802843808,3
69.15503,1.4514412,offspring,22,68.39,2.12875550498408,4
68.49696,1.3908747,offspring,21,67.585,2.0896171898221,5
69.20098,1.5468498,offspring,22,68.4675,3.83172176268928,6
68.24657,1.6147858,offspring,23,68.8714285714286,1.76551624717748,7
69.10279,1.5291337,offspring,22,66.76,1.70380456625753,8
68.32524,1.5484512,offspring,25,67.1116666666667,2.58173907796018,9
68.70262,1.5643041,offspring,25,69.6525,0.387244539449343,10
69.1521,1.4422256,offspring,22,66.9375,1.53604199161351,11
69.44089,1.6375479,offspring,2,69.7583333333333,3.20754371235478,12
68.461945,1.4069738,offspring,21,66.8925,1.44044842554903,13
68.81735,1.6708426,offspring,14,67.112,1.65440926012882,14
69.438705,1.5650061,offspring,2,68.6225,4.63938483709496,15
68.41283,1.5593817,offspring,25,71.2975,0.355187743782542,16
69.01704,1.6955131,offspring,14,68.704,1.13440733424991,17
69.45983,1.5882008,offspring,2,68.7816666666667,2.90256036400049,18
69.49399,1.5736048,offspring,2,70.3033333333333,1.20886172355099,19
69.05674,1.4386698,offspring,22,69.445,1.39644906817256,20
68.842224,1.6786157,offspring,14,71.3475,1.82487214163989,21
68.32323,1.5425007,offspring,25,67.885,1.95493392897731,22
68.853065,1.6653225,offspring,14,68.85,3.12291530464725,23
68.23983,1.6679623,offspring,23,68.35,0.915641851380767,24
68.44049,1.5503297,offspring,25,64.48,3.96798017468165,25
69.116104,1.4381528,offspring,22,66.696,1.94485989212591,26
68.63943,1.5759428,offspring,25,68.4116666666667,2.52241484824893,27
69.194786,1.4546248,offspring,22,67.0775,3.2505114982107,28
68.48327,1.4146062,offspring,21,69.7166666666667,2.58504674361348,29
69.49869,1.6158824,offspring,2,66.685,3.56064132800071,30
68.764305,1.5824586,offspring,25,69.7475,1.05069421495188,31
69.464935,1.5929804,offspring,2,67.32,0.791833315793165,32
69.362755,1.6048157,offspring,2,70.504,3.42771498231694,33
69.53475,1.550223,offspring,2,65.76,3.89476571824288,34
69.092285,1.4449012,offspring,22,67.724,2.76682670219875,35
68.92305,1.637027,offspring,14,67.1583333333333,1.06087542466902,36
68.80753,1.5959085,offspring,23,68.3166666666667,1.57229344165352,37
68.45744,1.5392097,offspring,25,67.4883333333333,2.75885060607976,38
68.73561,1.6252557,offspring,23,68.0483333333333,2.7543668358929,39
68.37214,1.555812,offspring,25,71.63,1.78177439649356,40
69.10773,1.5213712,offspring,22,69.62,1.429248054048,41
69.419266,1.5817204,offspring,2,71.14,3.02794980143331,42
68.2945,1.4488993,offspring,21,69.1325,1.03151587481725,43
69.2003,1.415268,offspring,22,67.496,4.49487263445807,44
68.51908,1.3897449,offspring,21,68.9825,3.52942275733582,45
69.43601,1.5900753,offspring,2,69.744,1.53991233516717,46
69.338524,1.5838907,offspring,2,64.705,4.25983176506616,47
69.11087,1.4350613,offspring,22,66.165,2.84411087453824,48
69.40978,1.5967307,offspring,2,67.22,3.36880789993532,49
68.98432,1.6641669,offspring,14,70.2985714285714,1.58064784789264,50
68.7297,1.5401545,offspring,23,69.838,1.84348040401844,51
68.42039,1.6337711,offspring,23,69.8625,3.33768757275652,52
68.392876,1.5139201,offspring,25,69.468,2.27603163422655,53
68.45783,1.4043353,offspring,21,65.6425,1.70507819957522,54
68.35198,1.4675148,offspring,21,68.762,2.23776004075504,55
68.39069,1.6403074,offspring,23,69.2325,0.627714106898992,56
69.14657,1.4213536,offspring,22,68.528,1.50045659717301,57
68.33931,1.4822688,offspring,21,67.522,4.04515389076856,58
69.00606,1.6867642,offspring,14,65.842,2.3506956417197,59
68.98411,1.659996,offspring,14,67.25,1.85411704053439,60
68.721954,1.5647569,offspring,25,66.105,2.36500176180343,61
69.56594,1.5712835,offspring,2,66.1475,2.04046359111518,62
68.33252,1.4067926,offspring,21,70.605,2.03655755299639,63
68.208466,1.5009508,offspring,21,70.748,2.97097122167146,64
68.45866,1.4240956,offspring,21,68.554,4.62828585979734,65
69.458084,1.6004168,offspring,2,66.685,0.879602182807657,66
68.3931,1.5585805,offspring,25,67.454,1.60630943469806,67
69.58411,1.5569663,offspring,2,65.345,2.43844896057583,68
69.57417,1.5702374,offspring,2,67.855,1.97177584932973,69
68.64436,1.5721316,offspring,23,70.9083333333333,2.55443470589222,70
68.264984,1.4865544,offspring,21,67.595,3.90911328393879,71
68.42622,1.4930612,offspring,21,69.666,1.67863932993362,72
68.94954,1.623041,offspring,14,72.0471428571429,1.10447143143548,73
69.191696,1.5175626,offspring,22,67.2516666666667,3.53703501066453,74
68.34447,1.5782986,offspring,23,65.14,3.62144538363713,75
68.46227,1.5907134,offspring,25,68.772,1.61874025093589,76
69.14027,1.437758,offspring,22,70.706,2.38189630336839,77
68.99156,1.7131829,offspring,14,71.06,2.22662300356392,78
69.00942,1.6715609,offspring,14,66.88,2.77759788306371,79
69.18494,1.5253075,offspring,22,66.565,1.75849367357406,80
68.70591,1.5179127,offspring,25,71.8,2.61577267106044,81
69.37756,1.5935829,offspring,2,68.84,3.42908150967573,82
68.948044,1.6359606,offspring,14,70.272,1.2291338413696,83
68.725075,1.5694401,offspring,23,66.32,1.20523856559604,84
68.7284,1.5941362,offspring,25,67.1575,1.67764467831144,85
69.158844,1.4413788,offspring,22,69.425,0.928326451201298,86
68.47446,1.4163936,offspring,21,66.72,2.80582429955976,87
68.42799,1.541986,offspring,25,69.93,1.8362734001232,88
68.993034,1.6933815,offspring,14,68.526,1.12580193639912,89
68.269005,1.630913,offspring,23,69.825,1.99453419791857,90
68.94576,1.6998394,offspring,14,67.1475,3.98946424974583,91
68.80108,1.5958474,offspring,23,66.6516666666667,2.24465067809374,92
68.33842,1.6009841,offspring,23,65.7225,1.89577380858934,93
69.367615,1.6119168,offspring,2,65.855,3.08251682882673,94
68.402565,1.5850316,offspring,23,67.338,2.12344531363537,95
68.31886,1.6170917,offspring,23,68.435,1.48194691762784,96
68.984055,1.6487927,offspring,14,68.966,2.22573134048115,97
69.22823,1.4819791,offspring,22,69.5375,0.394915602798033,98
68.3537,1.4714049,offspring,21,69.285,3.78200564075025,99
68.7729,1.5825218,offspring,23,70.086,1.03772828813712,100
69.184814,1.4633931,offspring,22,68.8025,1.21858866453506,101
68.53894,1.4120015,offspring,21,71.0983333333333,1.4103533836123,102
68.73219,1.587885,offspring,23,63.722,2.72249334250793,103
69.446976,1.5678399,offspring,2,70.965,1.1233298714091,104
68.30149,1.4118353,offspring,21,69.6,1.57280640893913,105
69.04485,1.6589447,offspring,14,68.8266666666667,2.90438059948531,106
69.1164,1.5069338,offspring,22,68.995,3.1452450884894,107
68.92483,1.6373849,offspring,14,68.2366666666667,1.88732261859669,108
68.43084,1.4042389,offspring,21,67.495,2.02870155518253,109
69.47778,1.5613627,offspring,2,69.66,2.0708130448369,110
68.364105,1.6482701,offspring,23,67.8175,1.58316928974762,111
68.42057,1.5572177,offspring,25,68.5716666666667,1.0833728197932,112
68.976494,1.6072352,offspring,14,69.164,1.64418064700933,113
69.134155,1.4492023,offspring,22,68.04,1.69730669002393,114
69.506065,1.5782706,offspring,2,70.6783333333333,2.38174235942233,115
69.353935,1.5852327,offspring,2,68.2066666666667,3.62730018976465,116
69.573586,1.556843,offspring,2,68.9166666666667,2.02628395509284,117
69.1281,1.5474614,offspring,22,68.2516666666667,2.15021316772702,118
68.35245,1.4983976,offspring,21,67.432,1.67930640444203,119
69.55481,1.5953331,offspring,2,69.654,2.40520893063368,120
68.90881,1.692035,offspring,14,69.56,1.58254541798964,121
68.746124,1.5476774,offspring,25,68.342,1.73439326566958,122
68.95105,1.666143,offspring,14,67.876,2.99723706102804,123
68.758286,1.5682055,offspring,25,68.588,1.87854198781927,124
68.96071,1.6340234,offspring,14,66.896,3.94957972447702,125
69.48072,1.5678988,offspring,2,64.55,3.63240049186944,126
68.3721,1.6071253,offspring,23,68.9266666666667,1.79387476337303,127
68.34034,1.6343734,offspring,23,67.365,6.05255042661081,128
69.00525,1.7119756,offspring,14,70.4216666666667,2.25459013274401,129
68.994446,1.6744674,offspring,14,70.546,2.63460243680143,130
68.35769,1.6396047,offspring,23,65.736,2.54522690540549,131
69.164734,1.4201056,offspring,22,67.2825,1.70049747623061,132
68.55066,1.4277264,offspring,21,70.378,1.39103199100524,133
68.99728,1.7065198,offspring,14,69.5425,2.01919744783251,134
68.5232,1.3977599,offspring,21,72.56,2.21564136688831,135
69.11426,1.5088278,offspring,22,68.8466666666667,2.0451177635204,136
69.3061,1.6481104,offspring,2,70.3,6.7406119900199,137
69.26155,1.4525245,offspring,22,67.766,1.07393202764421,138
69.05056,1.6282765,offspring,14,67.8625,1.00562998496797,139
68.53917,1.3953123,offspring,21,73.74,2.8186787685013,140
68.81351,1.5919143,offspring,23,69.552,1.91247745084746,141
69.01162,1.6992817,offspring,14,70.732,1.29578933472999,142
68.52465,1.4135802,offspring,21,67.348,3.96866098325367,143
69.18847,1.530871,offspring,22,67.88,3.54705511657206,144
69.435974,1.5624785,offspring,2,69.442,3.45617852548158,145
68.45186,1.3805505,offspring,21,73.38,1.77758262817794,146
69.14346,1.4713893,offspring,22,68.0725,3.27307577058644,147
69.13071,1.4773312,offspring,22,66.2566666666667,2.37114037261961,148
69.39376,1.5773346,offspring,2,69.898,2.13615776570927,149
69.04565,1.4367056,offspring,22,67.485,1.80422651940751,150
68.98496,1.6860533,offspring,14,68.322,2.68980854337256,151
68.4845,1.400451,offspring,21,67.3975,3.62362962603336,152
68.531105,1.4057059,offspring,21,69.724,3.04445068936911,153
68.6724,1.610312,offspring,25,71.614,1.59068538686945,154
69.025894,1.6365031,offspring,14,68.99,3.75186176006881,155
69.312546,1.5799576,offspring,2,68.6975,3.01284334143016,156
68.95396,1.6761484,offspring,14,71.265,2.95807933181876,157
69.07942,1.509403,offspring,22,69.99,2.56376676006223,158
68.51773,1.3997412,offspring,21,65.724,2.10277911345914,159
68.97105,1.6200235,offspring,14,70.096,1.97630463238844,160
68.42443,1.5827076,offspring,25,68.5225,1.29149461219679,161
69.44059,1.5957751,offspring,2,68.03,2.64288667937163,162
69.55697,1.5904185,offspring,2,68.452,4.32143147579596,163
69.014015,1.6549059,offspring,14,70.8566666666667,1.5092072974468,164
69.42648,1.5640858,offspring,2,66.256,2.20306150617725,165
69.16144,1.4329792,offspring,22,66.388,2.22525728849497,166
68.70159,1.6018026,offspring,23,69.3416666666667,1.67230878328934,167
68.64741,1.5581851,offspring,25,69.3716666666667,1.63370029891246,168
68.64888,1.5626377,offspring,25,72.85,1.94400360081971,169
69.16276,1.4604274,offspring,22,70.0075,0.756323343550893,170
68.38657,1.5709693,offspring,25,69.264,0.841029131481189,171
68.31723,1.6320971,offspring,23,62.0925,2.62947871893525,172
68.913284,1.717293,offspring,14,70.6833333333333,2.46114336572794,173
69.09656,1.4837377,offspring,22,69.112,2.39754457727067,174
69.642654,1.5988102,offspring,2,69.525,2.13,175
69.55748,1.5394952,offspring,2,70.106,1.6086889071539,176
69.568306,1.5767809,offspring,2,68.948,1.46062315468433,177
69.074,1.7191653,offspring,14,69.408,1.47818131499488,178
69.10862,1.4303282,offspring,22,68.7883333333333,1.5477004447459,179
69.15185,1.5012094,offspring,22,70.514,1.7370463436535,180
68.89438,1.6903129,offspring,14,68.5233333333333,2.76128713948163,181
68.956276,1.640951,offspring,14,70.5942857142857,2.0991018487507,182
69.15121,1.470552,offspring,22,68.3283333333333,2.4252044587347,183
68.4135,1.388168,offspring,21,69.36,2.21482279200842,184
69.351135,1.6243114,offspring,2,67.348,1.18630518838956,185
68.36039,1.5760014,offspring,25,69.618,1.15748434114678,186
68.44007,1.419401,offspring,21,66.9833333333333,2.40520823769308,187
68.93294,1.6570467,offspring,14,70.7583333333333,2.30262820851884,188
69.54083,1.6466999,offspring,2,69.5625,3.38308907164246,189
68.32068,1.463279,offspring,21,71.544,1.02882457202382,190
68.92979,1.6950645,offspring,14,70.464,2.28426793524753,191
68.71722,1.594778,offspring,25,67.7966666666667,2.24614929750154,192
69.45669,1.6104507,offspring,2,69.006,2.49676390553853,193
68.98799,1.6747757,offspring,14,69.0733333333333,2.73445911775376,194
69.22921,1.4767927,offspring,22,69.9675,2.64575603561628,195
69.43139,1.588577,offspring,2,70.3625,2.09811621857958,196
69.15626,1.4681175,offspring,22,65.086,3.1528288884746,197
68.99409,1.653198,offspring,14,66.71,2.25859469582305,198
69.36077,1.6114835,offspring,2,66.8625,2.16966011163039,199
68.40929,1.5575904,offspring,25,67.9833333333333,2.98075605621571,200
69.58893,1.6254172,offspring,2,65.475,1.35952197481321,201
68.43048,1.5491902,offspring,25,67.6516666666667,2.1269359808576,202
69.13232,1.4653916,offspring,22,68.188,1.45042062864536,203
69.1498,1.434793,offspring,22,69.0625,1.58180013486745,204
68.396454,1.4565516,offspring,21,67.2,1.67050890449588,205
68.97026,1.6945822,offspring,14,68.78,3.51055551159642,206
69.53057,1.5583764,offspring,2,68.87,1.99275353886693,207
69.45468,1.5760858,offspring,2,70.92,1.86323643158886,208
68.32133,1.4784561,offspring,21,64.9625,2.92050651999501,209
68.44515,1.3923031,offspring,21,67.528,1.31048464317595,210
69.12145,1.5270224,offspring,22,67.85,1.45897224099707,211
68.47582,1.5646194,offspring,25,68.87,1.39620915338641,212
68.60862,1.5774935,offspring,25,67.785,2.898342629849,213
69.53028,1.5968754,offspring,2,63.57,4.95742540707035,214
68.69603,1.541517,offspring,25,65.7275,2.91387914414216,215
69.169975,1.4363415,offspring,22,68.4133333333333,0.744195314864764,216
68.148674,1.5978185,offspring,23,63.2375,2.24196900067775,217
68.916794,1.673624,offspring,14,71.01,2.05826383148517,218
68.51199,1.4106497,offspring,21,67.8375,1.28927305098649,219
69.14654,1.4926922,offspring,22,70.6775,1.63451063012756,220
68.37885,1.5648749,offspring,25,71.5125,2.0874126728241,221
69.15793,1.5474696,offspring,22,68.8383333333333,4.86855796583204,222
68.33141,1.5641602,offspring,25,73.8316666666667,2.64539159042034,223
68.5045,1.4274001,offspring,21,68.9025,1.69492133544107,224
69.118355,1.5210443,offspring,22,68.24,2.37109679262573,225
68.66423,1.5746506,offspring,23,68.1333333333333,2.69649896470714,226
68.72092,1.5839746,offspring,23,68.755,2.51804818593026,227
68.53958,1.3805544,offspring,21,66.286,3.7313174617017,228
68.672005,1.6295443,offspring,23,67.02,3.09920419893021,229
68.96451,1.707298,offspring,14,68.5533333333333,2.23553722104255,230
69.04931,1.4286039,offspring,22,67.656,0.381942404034955,231
68.65597,1.529988,offspring,25,66.3925,2.11755165226258,232
68.69919,1.5580674,offspring,25,70.64,2.01005804227971,233
68.3689,1.6440212,offspring,23,69.09,2.32575149145389,234
68.374054,1.5423965,offspring,25,65.762,2.88629000621906,235
68.52368,1.3739495,offspring,21,68.662,2.08274338313677,236
68.2746,1.4836168,offspring,21,72.0325,1.28637410318046,237
68.492584,1.3780768,offspring,21,68.685,3.4754040532481,238
68.54623,1.4040633,offspring,21,70.196,1.67207356297503,239
68.32391,1.4300656,offspring,21,65.68,1.28965111561228,240
68.64261,1.6041867,offspring,25,70.4925,2.0506482714823,241
68.362045,1.6506145,offspring,23,69.4375,2.34454508736059,242
68.50499,1.3998854,offspring,21,64.4625,1.64979544186544,243
68.8338,1.6839708,offspring,14,71.04,1.49298358999689,244
68.97046,1.6663322,offspring,14,72.546,2.07443486279999,245
68.49238,1.3966216,offspring,21,69.398,2.83754647539032,246
68.69161,1.5565505,offspring,23,66.048,3.94544927733205,247
69.53967,1.5788059,offspring,2,72.11,1.27444105395267,248
69.08544,1.5122926,offspring,22,68.01,2.12840315729892,249
68.32621,1.474865,offspring,21,68.985,2.29424642675251,250
69.03474,1.6893135,offspring,14,68.168,2.42737924519429,251
68.37247,1.6408627,offspring,23,68.0471428571429,2.46111569744099,252
68.9131,1.6357533,offspring,14,66.0716666666667,2.11472378022915,253
68.46152,1.5974793,offspring,25,66.5275,0.840133917896428,254
68.555336,1.4170309,offspring,21,67.9066666666667,2.10623518788066,255
69.51978,1.575484,offspring,2,71.05,2.24772774152031,256
68.948265,1.7211792,offspring,14,68.8414285714286,3.45137377755307,257
68.359344,1.6677239,offspring,23,68.58,1.96741793560324,258
68.75339,1.6291931,offspring,23,69.136,2.52722773014226,259
68.73364,1.5512753,offspring,23,63.84,2.6581948762271,260
68.46015,1.5527743,offspring,25,66.166,3.09705182391254,261
68.27579,1.6070409,offspring,23,69.64,1.65340860043729,262
68.92113,1.6766603,offspring,14,67.802,1.84056241404632,263
69.00821,1.6869726,offspring,14,70.4728571428571,0.685023461537737,264
69.52101,1.6123766,offspring,2,68.72,2.28279068977717,265
69.489975,1.5820885,offspring,2,62.1875,3.28290902503659,266
68.27287,1.6308521,offspring,23,67.0433333333333,1.66582912288946,267
69.00785,1.6835726,offspring,14,69.734,1.71830730662475,268
69.13758,1.5183858,offspring,22,69.92,1.10304125036192,269
69.0423,1.4201254,offspring,22,68.644,3.15671189689525,270
68.97335,1.6953597,offspring,14,69.75,2.74694375624985,271
68.75554,1.5694652,offspring,23,68.9583333333333,2.47049320312092,272
68.53422,1.3889685,offspring,21,67.532,1.58356243956467,273
68.54236,1.3819978,offspring,21,69.11,0.659787844689488,274
68.37918,1.543642,offspring,25,72.45,2.11450939936431,275
69.360405,1.5860753,offspring,2,71.66,1.21078486941322,276
68.53282,1.415513,offspring,21,67.056,3.6762113649789,277
69.06756,1.5327463,offspring,22,68.88,3.43725908246673,278
68.97544,1.7079272,offspring,14,71.21,1.22855606302684,279
68.999344,1.7264631,offspring,14,71.9666666666667,1.37747111282475,280
68.37808,1.47369,offspring,21,67.75,0.744804224835849,281
68.44007,1.6445009,offspring,23,68.196,1.36291232293203,282
69.49747,1.5870779,offspring,2,66.802,2.72613646026754,283
68.35794,1.4564756,offspring,21,64.408,4.42151218476213,284
69.118286,1.5198401,offspring,22,68.1783333333333,2.09305916463598,285
69.08238,1.7189915,offspring,14,69.135,1.58725129285399,286
69.46121,1.6080317,offspring,2,67.8125,4.01117085981969,287
69.38799,1.5796129,offspring,2,71.7675,0.498088010964598,288
69.14797,1.4782895,offspring,22,69.926,0.998213404037433,289
68.373146,1.5425174,offspring,25,70.056,1.31302322904052,290
68.3547,1.5512673,offspring,25,69.0425,2.39243773865347,291
69.14101,1.5055662,offspring,22,70.7975,2.20646587706827,292
68.43394,1.3893564,offspring,21,68.4966666666667,1.06723318289241,293
68.317474,1.5878879,offspring,23,66.95,2.19030591470689,294
68.97492,1.6613402,offspring,14,69.02,2.49397273441391,295
68.32317,1.5517445,offspring,25,69.058,0.997406637234783,296
69.008,1.660116,offspring,14,68.744,3.20672418520833,297
68.41582,1.4881344,offspring,21,68.9925,2.52688708361362,298
68.54472,1.3772237,offspring,21,68.6833333333333,0.975329004319398,299
68.7848,1.5820589,offspring,23,67.264,2.91330225002487,300
68.4763,1.3840841,offspring,21,67.0175,0.998611536083971,301
68.375854,1.4665028,offspring,21,68.4375,0.856519118292172,302
69.36789,1.5977696,offspring,2,68.988,2.97237615385402,303
69.505226,1.5767102,offspring,2,66.858,1.73520027662515,304
68.36086,1.524458,offspring,25,70.6075,1.40043743166198,305
69.48894,1.6105278,offspring,2,68.0266666666667,1.65901979092073,306
68.9691,1.6485308,offspring,14,71.36,2.02203857529969,307
68.67187,1.5453045,offspring,25,68.192,2.71560674619872,308
69.57577,1.5542622,offspring,2,69.0125,2.24595005880956,309
68.43181,1.5471289,offspring,25,67.138,2.39215802153621,310
68.48931,1.3796321,offspring,21,67.6525,2.72435160481658,311
68.410866,1.59355,offspring,25,67.4075,2.68800266616931,312
68.93769,1.6899617,offspring,14,67.0275,0.8880080705339,313
68.46261,1.4071174,offspring,21,66.03,4.15509326008455,314
69.16277,1.4532474,offspring,22,68.355,3.85913202676457,315
68.95903,1.6511874,offspring,14,70.458,1.72816955186695,316
69.10652,1.4523568,offspring,22,68.82,3.09163387224296,317
69.11724,1.4147823,offspring,22,69.0525,3.24833675388908,318
68.90042,1.6600494,offspring,14,70.845,3.60260322544684,319
68.68291,1.5150893,offspring,25,68.43,2.51948407417074,320
69.54428,1.5603024,offspring,2,70.1275,2.39779586287074,321
69.026146,1.4428586,offspring,22,68.686,2.61792475063742,322
68.69957,1.5582029,offspring,23,68.012,1.97958834104467,323
69.04276,1.4979842,offspring,22,69.6083333333333,1.57991666446894,324
68.99931,1.6936731,offspring,14,69.226,2.97524452776574,325
68.98132,1.6523913,offspring,14,69.3983333333333,1.66336305918662,326
68.25502,1.4651973,offspring,21,69.56,2.16918417844129,327
68.32987,1.4593217,offspring,21,68.54,2.40377827596473,328
68.859665,1.7054533,offspring,14,71.505,1.57320267819079,329
68.28184,1.4544021,offspring,21,67.2025,1.60121568399347,330
68.42253,1.5809286,offspring,25,67.61,2.35506900111228,331
69.18427,1.446073,offspring,22,69.458,3.04766632031789,332
68.97821,1.7190938,offspring,14,70.1466666666667,3.22627132564307,333
68.34599,1.6325755,offspring,23,63.2425,6.43576659510479,334
69.10205,1.5245895,offspring,22,66.9666666666667,2.57517895818265,335
68.714355,1.5913005,offspring,23,70.8525,1.55364893074336,336
68.954185,1.7403506,offspring,14,67.626,0.95798225453293,337
68.48681,1.3903314,offspring,21,69.2983333333333,1.87401618634063,338
68.95532,1.6522942,offspring,14,67.87,1.51193033349203,339
69.05581,1.6655246,offspring,14,70.002,1.94202729126034,340
68.46677,1.4073313,offspring,21,66.98,2.05003414605708,341
68.529564,1.4121113,offspring,21,69.706,1.49140202494163,342
68.36635,1.554058,offspring,25,67.7466666666667,1.02013071057912,343
69.20379,1.4388622,offspring,22,68.8425,2.38930080428006,344
68.64834,1.5836442,offspring,23,68.242,3.41294154652552,345
69.09882,1.7223518,offspring,14,66.1625,3.62408954083643,346
68.9816,1.6387105,offspring,14,66.258,1.59867757850043,347
68.67759,1.5978577,offspring,25,67.9857142857143,1.42074929928844,348
69.24843,1.5656378,offspring,2,69.3266666666667,2.30943860422109,349
68.69882,1.6021105,offspring,25,68.385,2.24454152705328,350
69.246666,1.4605815,offspring,22,69.184,1.38828311233696,351
68.708084,1.5654706,offspring,25,64.3975,3.92620575959369,352
68.6556,1.5848298,offspring,25,69.3825,2.40058846952159,353
68.37364,1.5627743,offspring,25,69.775,2.16247543338647,354
69.399,1.602737,offspring,2,69.304,3.54291969990853,355
68.80811,1.6189426,offspring,23,70.41,1.69479595625353,356
69.153435,1.512029,offspring,22,69.8425,1.85823168630825,357
69.12805,1.4441619,offspring,22,67.704,1.5482344783656,358
68.98829,1.728626,offspring,14,69.855,3.0461762916811,359
69.262085,1.4807954,offspring,22,67.1683333333333,2.58088679849905,360
68.73045,1.5784638,offspring,25,67.14,1.58374556037262,361
68.63526,1.5486982,offspring,25,73.338,1.15618770102436,362
69.36006,1.6068535,offspring,2,71.765,1.23689126442061,363
69.01514,1.6459825,offspring,14,69.78,1.48426749610709,364
69.097,1.4413959,offspring,22,68.748,3.75048930141122,365
68.29617,1.4734949,offspring,21,70.16,3.29924233726473,366
69.491234,1.554846,offspring,2,70.6325,2.20642055525837,367
69.42266,1.6106519,offspring,2,70.222,3.02725453174985,368
69.44557,1.5940903,offspring,2,66.63,2.08331466658304,369
69.04499,1.5190178,offspring,22,69.324,2.28144252612245,370
68.446396,1.3999796,offspring,21,68.3416666666667,1.28821452664789,371
68.7519,1.5985816,offspring,23,67.64,2.19655411952449,372
68.298485,1.4715554,offspring,21,69.5875,1.40107994061724,373
68.72719,1.5449121,offspring,25,68.19,2.60843823005261,374
69.1526,1.456165,offspring,22,68.3525,1.69021448343102,375
68.84286,1.6556745,offspring,14,69.665,2.58916009547498,376
69.21497,1.4458692,offspring,22,69.3075,2.88036311368318,377
68.66288,1.5666846,offspring,25,66.9725,2.16117830515362,378
68.259254,1.474802,offspring,21,67.8216666666667,3.70240147291817,379
68.51372,1.4270383,offspring,21,64.6075,1.75281440356169,380
68.380974,1.5749042,offspring,25,67.3275,3.51633687237159,381
68.803024,1.5724322,offspring,25,69.5725,1.57512697900836,382
68.337265,1.6088152,offspring,23,68.36,2.35451693559422,383
69.01655,1.6481751,offspring,14,69.918,2.21249180789444,384
68.4008,1.5913935,offspring,23,69.686,1.99933238857374,385
69.418045,1.597951,offspring,2,67.364,2.31100194720818,386
68.827576,1.579402,offspring,23,67.838,1.83904051070117,387
69.09881,1.5182179,offspring,22,69.645,1.39035966569805,388
69.05947,1.7170382,offspring,14,71.1983333333333,2.08351065912,389
68.30577,1.6499274,offspring,23,69.238,2.27725053518492,390
68.94945,1.6627257,offspring,14,67.248,5.18310910554659,391
68.91393,1.7370274,offspring,14,72.916,1.68247734011487,392
68.99104,1.6469636,offspring,14,69.9675,1.40062783541286,393
69.5011,1.5958873,offspring,2,68.448,1.37512544882276,394
68.89643,1.6379483,offspring,14,69.824,2.30734262735295,395
69.201256,1.4315505,offspring,22,68.2175,3.89192647241269,396
69.454414,1.6092576,offspring,2,69.782,0.941684660595044,397
69.39359,1.5888996,offspring,2,71.0483333333333,0.850844678344214,398
68.69417,1.5567632,offspring,25,65.694,3.02371956371619,399
69.07796,1.5196037,offspring,22,70.9225,0.429447319237177,400
69.04113,1.699368,offspring,14,70.7414285714286,3.09472362024693,401
68.37442,1.490571,offspring,21,66.636,0.347462228163006,402
68.72841,1.5533307,offspring,25,69.1125,0.570343463771322,403
68.26019,1.6249688,offspring,23,64.98,3.6347581304217,404
68.66807,1.570503,offspring,25,68.5375,4.15414150778072,405
68.38738,1.4916,offspring,21,68.012,2.41144562451655,406
69.11348,1.4966419,offspring,22,68.1866666666667,0.419507647923929,407
68.41038,1.4852407,offspring,21,68.25,2.85623528442599,408
68.98248,1.685966,offspring,14,69.235,1.71048726001297,409
68.96541,1.677621,offspring,14,70.28,2.97189333590558,410
68.95333,1.721715,offspring,14,67.604,1.62292328839043,411
68.71122,1.5710055,offspring,23,69.805,2.30915352456263,412
69.43551,1.6075244,offspring,2,68.8525,3.88389302118377,413
68.96956,1.6965153,offspring,14,68.1475,2.63584742856386,414
68.982635,1.6624234,offspring,14,67.6933333333333,3.28943561521831,415
68.97276,1.6292667,offspring,14,68.558,1.00703525261035,416
68.44195,1.4226437,offspring,21,65.582,3.0718593717812,417
69.16354,1.5365624,offspring,22,69.38,1.31049608927306,418
68.87591,1.6343403,offspring,14,70.58,2.20195367798689,419
69.01,1.6816444,offspring,14,71.09,2.88124278740962,420
69.01818,1.650691,offspring,14,70.0425,1.78569080936949,421
68.868614,1.7113429,offspring,14,71.416,1.39727592121241,422
69.112236,1.509856,offspring,22,65.775,1.83645491822333,423
68.34046,1.638891,offspring,23,70.158,2.7681347510553,424
69.59875,1.602253,offspring,2,69.885,3.12359248302335,425
68.71526,1.598341,offspring,25,67.6775,2.02305668070208,426
69.22986,1.439218,offspring,22,70.57,1.54770798279262,427
68.8646,1.7016684,offspring,14,64.804,2.31822777138055,428
69.45177,1.6077152,offspring,2,68.76,1.44672042910854,429
69.39699,1.6030226,offspring,2,70.654,1.07094817801797,430
69.13966,1.4504576,offspring,22,67.4633333333333,2.23818378750867,431
68.723274,1.5793116,offspring,25,69.9966666666667,0.989861943235855,432
69.57639,1.6022747,offspring,2,67.794,2.29774454628882,433
69.38792,1.6021472,offspring,2,71.59,2.02001650158276,434
69.132774,1.4355536,offspring,22,71.785,1.29144621774712,435
69.37167,1.6356207,offspring,2,67.415,2.4661508469678,436
68.34618,1.522701,offspring,25,68.11,2.58567850540885,437
68.89426,1.6765014,offspring,14,66.83,2.06541763331293,438
68.28878,1.6339911,offspring,23,67.8,1.98857738094347,439
69.53615,1.5768896,offspring,2,69.582,2.16138150265056,440
69.076996,1.6903626,offspring,14,65.8816666666667,5.43545919556634,441
69.00419,1.671151,offspring,14,68.925,2.08233042526876,442
69.4119,1.6016755,offspring,2,68.625,1.82489177761313,443
69.15695,1.4551303,offspring,22,70.545,1.89695369825764,444
68.60065,1.5617033,offspring,25,66.525,2.23948654829628,445
68.44916,1.5488214,offspring,25,69.745,2.08079552094866,446
69.50319,1.5695826,offspring,2,69.5175,1.76618940094204,447
68.54969,1.3998514,offspring,21,68.1175,2.10811724847868,448
68.674355,1.5638777,offspring,25,66.8971428571429,3.69155213194357,449
69.059296,1.5347624,offspring,22,65.744,3.90965855286622,450
69.09231,1.4604503,offspring,22,68.0075,2.06005461092661,451
68.99986,1.6774037,offspring,14,71.5516666666667,0.970348734562303,452
69.49992,1.5705464,offspring,2,69.42,1.32818171447535,453
68.49954,1.3700494,offspring,21,65.992,2.66248380276763,454
69.47081,1.5906178,offspring,2,67.0,3.48082605138493,455
68.94724,1.6714101,offspring,14,70.235,1.86027686111503,456
68.30363,1.4527428,offspring,21,67.7833333333333,2.2021504641297,457
69.3623,1.5827354,offspring,2,64.525,1.60641422636463,458
68.68956,1.5486526,offspring,25,68.4625,1.32164985277241,459
68.97503,1.6617601,offspring,14,69.3575,1.21280322668876,460
68.573654,1.4125874,offspring,21,71.974,1.33483332292837,461
68.55187,1.4139043,offspring,21,68.1783333333333,1.50220393644361,462
69.640205,1.5924764,offspring,2,68.5675,2.86863934063986,463
68.316864,1.4947404,offspring,25,70.16,2.59197800916598,464
69.42747,1.6104647,offspring,2,70.6125,1.34621382650256,465
69.13475,1.4952141,offspring,22,68.0125,1.42418105122441,466
69.38823,1.6402705,offspring,2,72.45,2.54943130913543,467
69.44526,1.5902553,offspring,2,69.2925,4.56247283096934,468
68.44274,1.434199,offspring,21,69.514,2.80184403563082,469
68.64331,1.5642352,offspring,25,69.262,1.16289294434183,470
68.96766,1.6439658,offspring,14,71.706,1.16188639720069,471
68.74165,1.5712864,offspring,25,66.5214285714286,2.35954394302112,472
69.08147,1.444222,offspring,22,66.9525,4.14690547275917,473
68.95338,1.667782,offspring,14,65.265,2.88614448702763,474
69.17305,1.545876,offspring,22,67.154,3.48101709274746,475
69.34587,1.6182032,offspring,2,71.878,2.13111942415248,476
68.93832,1.7032006,offspring,14,69.3128571428571,2.38650172348366,477
68.32618,1.6395916,offspring,23,69.385,0.696203993093976,478
68.31413,1.4635756,offspring,21,69.0416666666667,1.21690454295588,479
68.97206,1.615525,offspring,14,68.5128571428571,2.83585210172483,480
68.7933,1.6286222,offspring,23,68.56,0.963154539348002,481
68.970474,1.7398651,offspring,14,67.734,2.88536479496094,482
69.162544,1.4885834,offspring,22,67.88,0.819308651648862,483
68.44459,1.4103669,offspring,21,67.616,3.11881868661838,484
68.30092,1.6137102,offspring,23,68.1425,4.57297405051315,485
69.05495,1.4952524,offspring,22,69.22,1.03977561681996,486
68.282974,1.6127684,offspring,23,69.8033333333333,2.60928087155574,487
68.475266,1.3684657,offspring,21,66.724,1.20728207143153,488
68.54009,1.4207983,offspring,21,68.0,2.28382354835044,489
69.37526,1.5964366,offspring,2,64.628,1.97920943813433,490
68.38974,1.4839457,offspring,21,68.222,1.02538773154354,491
68.85189,1.7314682,offspring,14,68.9525,1.81538563396321,492
68.94012,1.7183924,offspring,14,70.074,2.0696690556705,493
68.74376,1.5910307,offspring,25,67.7375,2.20404741328312,494
68.24711,1.4987867,offspring,21,62.9075,4.12018102353121,495
69.53623,1.5802103,offspring,2,69.076,4.68558214099379,496
69.427986,1.6022098,offspring,2,67.17,3.05087692311571,497
69.185356,1.5191122,offspring,22,69.56,2.58832764541122,498
69.37805,1.6270252,offspring,2,70.48,0.901748301911347,499
68.700485,1.6002175,offspring,23,70.966,2.78602404871171,500
69.050415,1.6736916,offspring,14,68.504,1.26284599219382,501
68.68609,1.5966454,offspring,25,69.3666666666667,2.42289633840713,502
68.32305,1.4577619,offspring,21,69.182,1.43745260791443,503
68.740715,1.563777,offspring,23,69.85,1.48526091983866,504
69.48879,1.5883962,offspring,2,67.6625,1.89406749263764,505
68.47414,1.4376119,offspring,21,68.4066666666667,3.20205975376268,506
68.425316,1.5917538,offspring,25,70.4525,0.28998563182797,507
68.65765,1.586453,offspring,25,71.328,1.37450718441193,508
69.09951,1.512916,offspring,22,66.134,1.16804537583092,509
68.2795,1.6497393,offspring,23,70.4883333333333,1.4289914858622,510
68.58729,1.385063,offspring,21,68.74,1.54932243254915,511
68.96285,1.7491109,offspring,14,69.73,0.93925502394185,512
69.49124,1.5803083,offspring,2,67.525,2.52197343364279,513
68.33581,1.615104,offspring,23,71.07,0.891590339412293,514
69.56497,1.6175942,offspring,2,72.09,1.93821567427364,515
68.247314,1.6163836,offspring,23,68.114,1.8508457526223,516
68.738884,1.5716743,offspring,25,65.415,2.58882856391329,517
68.36635,1.6134118,offspring,23,65.5666666666667,3.41417437555065,518
69.05003,1.7063079,offspring,14,70.3525,1.35095953554008,519
69.14077,1.5188806,offspring,22,66.84,2.06106768447812,520
69.54051,1.5594276,offspring,2,67.495,4.03543058421279,521
69.01107,1.6582055,offspring,14,69.02,1.83391657389315,522
68.72105,1.5421267,offspring,25,71.1416666666667,1.22662816968577,523
69.52961,1.5767591,offspring,2,65.52,1.36555239128103,524
68.28497,1.460921,offspring,21,71.34,2.90527107169021,525
68.39179,1.5343902,offspring,25,70.625,2.09380833252076,526
69.215004,1.4474978,offspring,22,71.045,1.78098287470711,527
69.48856,1.59349,offspring,2,70.762,1.16033184908456,528
68.45541,1.4045329,offspring,21,69.7,2.17203130732501,529
68.74683,1.5674654,offspring,23,67.825,1.96466282094409,530
69.01321,1.6771305,offspring,14,69.0525,2.33061329553689,531
68.465004,1.4045691,offspring,21,69.9916666666667,1.36584650186859,532
68.37136,1.4725968,offspring,21,71.4383333333333,2.32450783321259,533
69.10762,1.5036925,offspring,22,67.736,1.05710926587557,534
69.01851,1.6659455,offspring,14,68.422,1.682102850601,535
68.949814,1.6421875,offspring,14,70.96,2.64872610890594,536
69.0819,1.5051928,offspring,22,68.48,2.93117723790289,537
68.48347,1.3791587,offspring,21,68.3275,1.52355669405507,538
68.38209,1.4709779,offspring,21,67.5866666666667,1.25276760281653,539
69.32371,1.6073025,offspring,2,70.062,1.37051815018992,540
68.99197,1.6948936,offspring,14,65.9966666666667,1.99792559087336,541
68.71773,1.6126307,offspring,23,65.5,2.17788888605457,542
68.954094,1.7124404,offspring,14,66.68,5.68150068203815,543
68.881256,1.6531544,offspring,14,71.8116666666667,3.65468147266854,544
69.60718,1.5515839,offspring,2,71.99,1.62832429202539,545
68.66723,1.5974417,offspring,25,65.32,4.66434990111162,546
68.97027,1.6646664,offspring,14,68.076,1.07516510360037,547
68.66213,1.5581021,offspring,25,68.9325,6.53245423507378,548
68.91137,1.7097554,offspring,14,68.162,3.00889846953997,549
69.31075,1.5862199,offspring,2,71.105,2.21345130207706,550
68.7577,1.6063269,offspring,23,69.612,0.737678791887094,551
68.70282,1.5656394,offspring,23,66.954,3.93302428164384,552
68.94628,1.6384003,offspring,14,71.7933333333333,1.43835554250911,553
68.688354,1.5754584,offspring,25,67.145,4.17331602765315,554
69.111084,1.4938222,offspring,22,68.9375,2.32165709497908,555
69.42363,1.580941,offspring,2,70.08,2.6842255245539,556
68.69324,1.558815,offspring,25,69.2771428571428,2.02212523751386,557
69.16822,1.5386124,offspring,22,67.792,2.10509382213715,558
68.96972,1.6892762,offspring,14,67.644,2.04898267440211,559
68.3306,1.6080575,offspring,23,66.515,2.31014068835645,560
69.45354,1.5785266,offspring,2,67.165,3.5904920739828,561
68.89027,1.65515,offspring,14,70.6914285714286,1.86550644215298,562
68.46004,1.3961278,offspring,21,66.685,2.84234234391285,563
69.470116,1.5811434,offspring,2,66.88,3.05377362182159,564
69.56435,1.6070611,offspring,2,69.8566666666667,1.32684085958591,565
68.3888,1.5342813,offspring,25,68.232,1.90780502148411,566
69.0045,1.5329776,offspring,22,67.2683333333333,3.21630481557123,567
68.88661,1.623349,offspring,14,69.078,2.94712062868149,568
69.35783,1.6022706,offspring,2,67.9266666666667,3.32601062335445,569
68.48345,1.5633521,offspring,25,63.946,2.59578119262776,570
69.11552,1.5162902,offspring,22,70.4525,0.678300572509464,571
68.700745,1.5798768,offspring,25,68.022,2.97362909590285,572
69.52828,1.6096536,offspring,2,70.7933333333333,2.14391853079045,573
68.9557,1.6558584,offspring,14,68.624,1.93229914868273,574
69.49467,1.5790577,offspring,2,67.706,3.78564789699201,575
69.52271,1.5732291,offspring,2,67.4733333333333,1.9928037200554,576
69.14186,1.5289546,offspring,22,67.484,1.89307421935855,577
69.42819,1.6162233,offspring,2,69.2625,3.23450537176861,578
68.22553,1.6080863,offspring,23,66.17,1.63334013604025,579
69.504395,1.5514449,offspring,2,67.975,3.13386502581078,580
68.28192,1.6162517,offspring,23,70.1,1.76670125752299,581
68.30347,1.5962162,offspring,23,70.7225,2.45114089082343,582
68.832016,1.7122266,offspring,14,68.0,0.477981868554309,583
68.99759,1.6560147,offspring,14,69.265,2.89589191787263,584
68.4506,1.5829178,offspring,25,69.17,2.09911886276123,585
68.30686,1.4929359,offspring,21,69.195,1.31104284191377,586
69.55244,1.5935538,offspring,2,68.256,3.02838735963549,587
68.40201,1.6313534,offspring,23,71.09,0.493423415199019,588
68.514946,1.4131984,offspring,21,66.8616666666667,1.36509950797247,589
69.14593,1.5064707,offspring,22,69.386,1.09445420187416,590
68.32556,1.5145025,offspring,21,65.7866666666667,3.63061243685782,591
68.40773,1.574236,offspring,25,68.005,2.28195311082415,592
69.373764,1.6080945,offspring,2,70.315,1.14663275143642,593
68.33941,1.6584707,offspring,23,68.3225,2.36835209938613,594
69.06209,1.6849544,offspring,14,69.2925,2.43647799087125,595
68.359375,1.505406,offspring,21,69.56,2.67729714450974,596
68.70591,1.5699708,offspring,25,65.995,6.02309720990787,597
68.77516,1.5874652,offspring,23,70.376,2.89391257642659,598
68.454605,1.4213232,offspring,21,64.836,2.29404228383001,599
68.94221,1.707993,offspring,14,70.2766666666667,2.0990156423111,600
68.368675,1.5556649,offspring,25,63.564,4.51995907061115,601
69.46324,1.6204333,offspring,2,69.024,1.75230705071914,602
68.28999,1.4755654,offspring,21,70.126,2.48690168683847,603
68.37839,1.4749197,offspring,21,65.8725,6.12844936885887,604
69.28423,1.4592088,offspring,22,69.05,1.54412866475995,605
68.86051,1.7061603,offspring,14,70.1166666666667,2.26648332591852,606
68.25986,1.617019,offspring,23,69.8675,2.2931837402761,607
68.34121,1.6027969,offspring,23,69.29,1.79248430955476,608
68.98051,1.6197834,offspring,14,66.838,4.6174094468652,609
69.529884,1.6167951,offspring,2,69.614,2.78334870255238,610
68.41102,1.5947158,offspring,25,68.995,2.1120053661548,611
68.434364,1.5222789,offspring,25,69.85,2.21266807271221,612
69.29182,1.6001,offspring,2,68.92,1.93965632694729,613
68.3866,1.6116712,offspring,23,67.478,2.40093106939787,614
68.41018,1.3764384,offspring,21,68.352,2.1529561073092,615
69.19585,1.5450354,offspring,22,73.6375,1.27925434010077,616
68.34862,1.6370264,offspring,23,69.328,1.9573757942715,617
68.638306,1.5775423,offspring,25,67.172,1.95398822923784,618
68.42164,1.4677818,offspring,21,68.055,2.408374970805,619
68.3925,1.5540196,offspring,25,71.202,1.04430359570385,620
69.00972,1.6400304,offspring,14,63.106,2.13973830175562,621
69.03559,1.68613,offspring,14,70.33,1.80161039073381,622
69.16475,1.4515103,offspring,22,70.3925,0.858773349997933,623
68.550964,1.3813263,offspring,21,68.8216666666667,1.31853580408977,624
68.53025,1.3655565,offspring,21,68.354,1.17538504329432,625
69.079506,1.6886637,offspring,14,70.4,1.68578369510049,626
68.748215,1.6022573,offspring,23,68.5575,0.560022320983722,627
69.00501,1.6390932,offspring,14,69.015,2.38199706129122,628
68.309074,1.476712,offspring,21,70.24,1.65630613112432,629
68.444244,1.5548671,offspring,25,69.3142857142857,2.85672806512892,630
69.31722,1.5792059,offspring,2,69.905,4.57572216522521,631
69.13793,1.52891,offspring,22,69.9366666666667,1.72183235730621,632
68.36415,1.643932,offspring,23,68.5325,1.63984501300173,633
69.10698,1.4609389,offspring,22,69.32,1.48047289742163,634
68.44443,1.5579358,offspring,25,69.96,2.31423853567432,635
68.634895,1.5559639,offspring,25,68.5414285714286,1.68955051785407,636
69.14169,1.4526907,offspring,22,68.3875,1.47466097798783,637
69.41197,1.5527985,offspring,2,69.5,1.76239893327249,638
68.93089,1.7033212,offspring,14,69.5,0.770064932327138,639
69.03197,1.6959732,offspring,14,67.806,1.78658333138984,640
69.1733,1.5463662,offspring,22,69.87,1.88302947401255,641
68.44356,1.563004,offspring,25,71.4214285714286,2.47571153793159,642
68.43472,1.4308051,offspring,21,66.575,1.17843116048415,643
68.748604,1.6245232,offspring,23,71.2325,0.415321160870315,644
68.69103,1.568775,offspring,25,67.416,3.00912445737959,645
69.551155,1.5847973,offspring,2,68.892,1.03608397343072,646
69.168755,1.4559649,offspring,22,69.022,1.45092039754082,647
69.008965,1.6556035,offspring,14,68.6283333333333,3.13263094964387,648
68.26068,1.4904567,offspring,21,65.13,2.68416343267942,649
68.98417,1.6953343,offspring,14,70.4525,0.937705533025516,650
69.05135,1.711797,offspring,14,69.438,2.27140265034626,651
68.77401,1.5864902,offspring,23,69.25,1.5317310468878,652
68.48113,1.4173254,offspring,21,64.9875,2.89561018324866,653
68.75539,1.5687182,offspring,25,64.93,2.46180150838094,654
68.519875,1.385605,offspring,21,68.386,2.86746054898755,655
69.10673,1.4995716,offspring,22,68.0125,2.32264755541315,656
69.45664,1.5960933,offspring,2,69.584,3.07236553814809,657
68.41783,1.5793396,offspring,25,69.9325,1.40616203428576,658
68.77027,1.5997856,offspring,25,69.582,1.87940682131358,659
68.93147,1.6917577,offspring,14,70.886,2.28064245334511,660
69.11414,1.5079306,offspring,22,64.5625,1.28248131890228,661
68.96903,1.6744199,offspring,14,63.752,2.61981297042365,662
69.568665,1.5751007,offspring,2,67.9425,3.26788795197551,663
68.52163,1.4343498,offspring,21,70.158,2.28249205913186,664
68.75431,1.5746158,offspring,25,70.724,2.23444176473678,665
68.30833,1.6359539,offspring,23,69.714,2.90514715634165,666
68.935135,1.6700411,offspring,14,68.715,3.06361986327721,667
69.22587,1.4263616,offspring,22,66.23,2.13380411472094,668
69.54099,1.588592,offspring,2,66.5025,2.38139140000127,669
68.97886,1.6576798,offspring,14,70.824,1.46789986034471,670
68.281586,1.5640458,offspring,25,68.872,3.20363387421222,671
68.299965,1.6193256,offspring,23,66.46,1.77490844834318,672
68.32008,1.4593731,offspring,21,69.146,1.9690175215066,673
68.441124,1.5285002,offspring,25,66.4,2.76596276186069,674
68.275536,1.6119119,offspring,23,68.185,3.65200857976356,675
69.1654,1.4425548,offspring,22,67.244,1.99417401447316,676
69.39465,1.6012362,offspring,2,68.685,2.12421750298787,677
68.282906,1.6489848,offspring,23,70.155,2.34927648436705,678
68.49629,1.3739102,offspring,21,70.2616666666667,2.24965256576802,679
68.94652,1.7086023,offspring,14,66.9,1.89678675659653,680
68.8508,1.6140478,offspring,23,65.986,1.81982966235854,681
68.71622,1.5799735,offspring,25,66.7142857142857,1.31099017467533,682
68.40529,1.4989402,offspring,25,67.365,3.14848640884261,683
69.00356,1.7069037,offspring,14,68.118,1.45462022535093,684
69.109825,1.4745181,offspring,22,68.71,4.2930781497662,685
68.98735,1.7104316,offspring,14,69.306,2.18969860939811,686
68.905365,1.6411548,offspring,14,68.666,2.36595223958558,687
68.714966,1.5943327,offspring,23,67.4625,2.40531875919458,688
68.97394,1.6488309,offspring,14,71.646,1.4932615310119,689
68.79882,1.6238431,offspring,23,69.235,0.614301771661672,690
68.3621,1.5439388,offspring,25,71.31,2.71031363498765,691
68.44992,1.5740708,offspring,25,64.2575,3.53392487186698,692
68.43445,1.3960445,offspring,21,67.3425,2.70911270837274,693
69.1327,1.4497172,offspring,22,68.0366666666667,1.0669145545294,694
68.56797,1.5678337,offspring,25,69.112,2.35908244874994,695
68.37539,1.6430861,offspring,23,69.022,1.70598065639678,696
68.45674,1.5289953,offspring,25,70.518,1.71403617231376,697
68.37143,1.4667026,offspring,21,64.56,3.43927317903071,698
69.37724,1.5852677,offspring,2,69.7525,3.87088598815999,699
69.5843,1.5549124,offspring,2,68.87,1.71049700379743,700
69.50482,1.5500783,offspring,2,65.3616666666667,2.64597367081886,701
68.897766,1.6929218,offspring,14,70.744,1.80516758224826,702
68.45425,1.5672104,offspring,25,69.975,1.25684923519092,703
69.51546,1.6214982,offspring,2,69.5466666666667,1.88349320855337,704
69.47909,1.5975201,offspring,2,68.5575,2.21934487330533,705
68.25789,1.6626073,offspring,23,67.705,3.88122403372956,706
68.343,1.6511517,offspring,23,65.704,4.0058619546859,707
68.2263,1.6145397,offspring,23,69.6875,1.3077047322185,708
68.423676,1.5922592,offspring,25,70.39,1.65712099739277,709
68.75472,1.5212483,offspring,25,69.0133333333333,2.36675868365718,710
68.393684,1.5681987,offspring,25,70.7616666666667,3.37928049541121,711
69.551414,1.5512507,offspring,2,68.8025,1.19396747582727,712
69.12433,1.4296802,offspring,22,70.595,1.29903810567665,713
68.28804,1.4742068,offspring,21,70.804,1.23605420593112,714
69.43338,1.6212318,offspring,2,69.4475,2.09627248546875,715
68.219215,1.6555493,offspring,23,68.768,2.76228528577336,716
69.4198,1.6476568,offspring,2,67.5925,4.61768610886448,717
69.238686,1.54602,offspring,22,70.06,1.04664543502881,718
68.421585,1.5571026,offspring,25,71.295,1.79167798446037,719
68.326744,1.4679,offspring,21,70.024,1.60113397315777,720
69.116905,1.4493289,offspring,22,66.65,3.72683064636249,721
68.34828,1.4876199,offspring,21,67.185,1.52688135317276,722
69.127045,1.440216,offspring,22,71.205,0.655667598711425,723
68.94831,1.6383436,offspring,14,68.6683333333333,2.49918720120496,724
68.24673,1.6452837,offspring,23,67.4266666666667,1.8763972571571,725
68.71398,1.5453238,offspring,25,68.476,0.91108726256051,726
69.102135,1.5026965,offspring,22,66.27,2.73366054951964,727
69.493484,1.5601656,offspring,2,71.1828571428571,1.11426678860607,728
68.94454,1.6321295,offspring,14,71.682,1.5152788522249,729
68.743904,1.573861,offspring,25,68.5125,2.90042956588618,730
68.65371,1.5467086,offspring,25,69.14,2.47577597263296,731
68.7204,1.5542178,offspring,23,66.4425,0.895707355483176,732
69.11497,1.6946859,offspring,14,69.9666666666667,0.922901222594631,733
68.96454,1.6357217,offspring,14,69.978,1.72715662289209,734
68.38359,1.5096002,offspring,25,68.225,0.773670903334657,735
68.49169,1.5646619,offspring,25,70.31,2.20564049654517,736
68.22104,1.5943522,offspring,23,69.6683333333333,2.31228386377336,737
68.690674,1.5520717,offspring,25,67.9525,1.62218730936556,738
68.28941,1.6482327,offspring,23,69.425,2.68936795548694,739
68.37123,1.4729476,offspring,21,68.075,0.702417254913347,740
68.34906,1.4617562,offspring,21,66.2883333333333,2.00187328936341,741
68.53142,1.404446,offspring,21,64.948,1.80495706320123,742
68.43762,1.3946956,offspring,21,66.3583333333333,2.21254981111537,743
68.351456,1.5189894,offspring,25,72.476,0.811960590176641,744
69.06214,1.7110914,offspring,14,70.22,1.48322621336059,745
68.86665,1.6719748,offspring,14,68.8925,2.02616838721102,746
68.44461,1.3781955,offspring,21,69.604,1.68015773069078,747
69.06704,1.7455633,offspring,14,71.2716666666667,2.15587955755109,748
69.51346,1.5498686,offspring,2,66.966,0.944738058934855,749
68.285164,1.463627,offspring,21,68.3183333333333,2.29367318218326,750
68.746826,1.5599033,offspring,25,68.204,2.70892598643817,751
68.76694,1.5641814,offspring,23,66.32,3.9902631492171,752
68.8914,1.7048576,offspring,14,68.555,1.14659059825205,753
68.35466,1.5002053,offspring,21,68.946,2.77517206673749,754
68.77523,1.5639439,offspring,23,65.7225,1.76590628290405,755
68.38543,1.5631285,offspring,25,68.39,1.02808073612922,756
69.40351,1.6001899,offspring,2,67.418,1.46129052552872,757
69.310905,1.5898829,offspring,2,66.3733333333333,4.36042964243968,758
69.33287,1.6037805,offspring,2,68.968,2.85008245494757,759
69.15512,1.4723438,offspring,22,67.4975,2.40178232430279,760
68.69249,1.5806285,offspring,25,68.764,0.488497697026303,761
69.09621,1.5295302,offspring,22,68.568,1.43344689472613,762
68.32766,1.4807783,offspring,21,63.778,2.60534450697024,763
68.3072,1.4842315,offspring,21,65.358,2.84029399886702,764
69.15821,1.5248214,offspring,22,69.7416666666667,2.08559264159295,765
69.14917,1.4829032,offspring,22,70.14,2.45720979975256,766
69.180145,1.4759539,offspring,22,68.032,3.11799134059093,767
68.416245,1.4611808,offspring,21,71.8616666666667,1.1658030136634,768
68.95177,1.6440263,offspring,14,70.008,3.73241476794849,769
69.36377,1.6010092,offspring,2,68.112,3.04387417611175,770
69.131355,1.495544,offspring,22,67.9,1.28462705353214,771
68.49946,1.3965932,offspring,21,69.495,2.32833989500388,772
68.729225,1.5794005,offspring,23,66.915,1.93612155265796,773
69.00634,1.7277844,offspring,14,70.1566666666667,1.34806033495043,774
68.442566,1.4134871,offspring,21,69.3975,2.63730133532999,775
68.9319,1.709184,offspring,14,69.94,1.97915807015677,776
68.715294,1.5740192,offspring,23,67.06,3.51090444187819,777
69.0005,1.491997,offspring,22,68.934,2.41234947716951,778
68.71951,1.5979309,offspring,23,70.5016666666667,2.42775959820297,779
68.92276,1.7167122,offspring,14,68.655,1.47865817550913,780
68.698425,1.5744259,offspring,25,65.6083333333333,3.23463393085936,781
68.28078,1.4546243,offspring,21,65.5125,3.35418519663619,782
68.64665,1.578042,offspring,25,72.7575,1.77315866934312,783
68.461716,1.4147081,offspring,21,70.5725,0.868230960056138,784
68.9531,1.6375561,offspring,14,70.8466666666667,2.09895847187758,785
69.1844,1.4563746,offspring,22,69.2375,1.43479092553584,786
68.569084,1.4031823,offspring,21,64.72,1.49528146737217,787
68.79836,1.6008917,offspring,23,66.846,3.83277053839648,788
68.47979,1.4227545,offspring,21,68.53,2.34838951908182,789
69.076164,1.4335539,offspring,22,68.486,1.57902818214242,790
68.595695,1.5581743,offspring,25,69.032,3.11565723403586,791
69.12345,1.4548393,offspring,22,67.3325,3.03124149483343,792
69.34942,1.5575793,offspring,2,68.5933333333333,1.32172110018213,793
69.02291,1.4420977,offspring,22,68.745,1.03956721764396,794
69.188965,1.4320668,offspring,22,70.2833333333333,1.44936767821926,795
68.4005,1.5535432,offspring,25,69.498,2.89492141516829,796
68.79544,1.5602401,offspring,25,70.736,2.59908253043261,797
69.43827,1.5914371,offspring,2,67.0475,3.60344626711708,798
68.98932,1.6602564,offspring,14,71.558,1.29521040761723,799
68.69918,1.5528675,offspring,25,70.9016666666667,1.26336719391738,800
69.32984,1.6103938,offspring,2,70.168,2.64330664131122,801
68.5188,1.3976551,offspring,21,64.0,2.87217687477634,802
69.54986,1.565032,offspring,2,67.874,2.01702255812868,803
68.33842,1.5758265,offspring,25,68.324,1.39813447135817,804
68.288765,1.5469748,offspring,25,69.1233333333333,1.58131169181369,805
69.0797,1.6607356,offspring,14,71.105,2.21302281958411,806
68.39088,1.555081,offspring,25,72.1666666666667,1.38320882973855,807
69.381905,1.5901971,offspring,2,68.29,2.20155626773426,808
69.140686,1.4357578,offspring,22,67.655,1.85757009737632,809
68.29249,1.6425297,offspring,23,69.4016666666667,1.63431229165869,810
68.83254,1.6597607,offspring,14,69.9466666666667,1.43451269310058,811
68.30536,1.6254135,offspring,23,69.4285714285714,2.4367835943543,812
69.16408,1.4649757,offspring,22,70.6775,2.98721023699371,813
68.49466,1.3725451,offspring,21,68.966,1.53923032714405,814
69.51814,1.558023,offspring,2,66.182,2.20078849506262,815
68.97985,1.7388873,offspring,14,70.628,3.57476153050801,816
68.31729,1.4620703,offspring,21,69.975,3.26072077921431,817
68.6673,1.5945959,offspring,23,68.7125,2.59271254352142,818
68.63392,1.5418712,offspring,25,67.2,3.27459157758643,819
69.47904,1.5810105,offspring,2,70.1085714285714,4.12699014041076,820
68.755554,1.6349221,offspring,23,70.562,2.53413101476621,821
68.30917,1.4571974,offspring,21,67.43,2.88116874433507,822
69.14849,1.4947306,offspring,22,67.5775,1.50562002731986,823
69.054115,1.6327119,offspring,14,69.415,3.35472303874205,824
68.30757,1.610466,offspring,23,69.2483333333333,2.22706458520328,825
68.44468,1.5428437,offspring,25,68.73,4.16226701049641,826
69.02563,1.6387627,offspring,14,67.305,2.26086487875769,827
69.4306,1.6411674,offspring,2,65.765,2.57400466200044,828
68.40894,1.5607306,offspring,25,70.1125,1.37259790179061,829
68.536125,1.4057964,offspring,21,68.61,1.71217697683388,830
68.358925,1.4617418,offspring,21,69.306,1.64241590347878,831
68.33522,1.4856981,offspring,21,66.412,3.37790911659861,832
68.34025,1.4646246,offspring,21,68.59,1.58448729878154,833
69.151115,1.4413106,offspring,22,68.2933333333333,2.10477235506994,834
68.39309,1.451732,offspring,21,67.82,1.4417350658148,835
69.13506,1.4472291,offspring,22,69.615,1.63659198743405,836
68.65979,1.5693952,offspring,23,68.305,1.76086153156156,837
69.18794,1.5320108,offspring,22,71.348,1.96968779251941,838
69.04801,1.7413658,offspring,14,66.174,3.26386733799031,839
68.377914,1.5970001,offspring,23,68.1966666666667,1.44491752936514,840
68.34058,1.443817,offspring,21,68.2883333333333,1.83224907331582,841
68.31569,1.4561956,offspring,21,64.2633333333333,1.42537948163521,842
68.33261,1.5416715,offspring,25,67.458,0.983193775407476,843
68.36798,1.6193681,offspring,23,67.532,2.7548811226621,844
69.189064,1.4474187,offspring,22,67.0357142857143,3.10959191932991,845
69.135124,1.4976593,offspring,22,68.99,0.671763847394801,846
69.15396,1.4563385,offspring,22,65.545,2.84995964883716,847
69.16214,1.4932901,offspring,22,68.714,2.99934659551043,848
68.93401,1.67648,offspring,14,69.93,1.30805198673448,849
68.29453,1.649544,offspring,23,69.235,2.29080044234907,850
68.33217,1.6040543,offspring,23,67.414,1.63241538831267,851
69.00549,1.6275117,offspring,14,70.0483333333333,2.20463526839853,852
68.50494,1.3915864,offspring,21,69.382,2.04501100241539,853
68.866035,1.5713646,offspring,23,67.685,3.62801598673435,854
68.80139,1.6238894,offspring,23,67.62,1.6268374227316,855
68.304825,1.6421322,offspring,23,67.5475,1.46087587882522,856
69.16862,1.4894376,offspring,22,69.6575,2.19095679251478,857
69.13031,1.5055252,offspring,22,70.292,2.16372826390007,858
69.445854,1.6388351,offspring,2,70.752,2.1167238837411,859
68.37567,1.5368078,offspring,25,71.055,1.27917942447493,860
68.33319,1.4630815,offspring,21,65.3325,3.14258253670449,861
68.98633,1.7049311,offspring,14,66.6825,2.3681691240281,862
68.278366,1.4581791,offspring,21,68.465,2.10102356007733,863
68.39045,1.4799832,offspring,21,68.836,1.50999337746892,864
69.162415,1.5346394,offspring,22,70.5133333333333,1.63888580037374,865
68.48266,1.3970109,offspring,21,68.0333333333333,2.24592668327946,866
68.836105,1.6598583,offspring,14,72.184,1.04059117812905,867
68.78528,1.6001596,offspring,23,68.6625,1.89965567055365,868
68.731316,1.5541966,offspring,25,69.9125,2.80935787443798,869
69.51101,1.5880661,offspring,2,68.16,3.72743209193675,870
69.301735,1.5748668,offspring,2,66.9357142857143,1.51921972453907,871
68.36269,1.6684849,offspring,23,68.8533333333333,1.19719115711179,872
69.126076,1.4466676,offspring,22,71.62,1.1438239957849,873
69.17699,1.4380466,offspring,22,69.875,0.907762817774188,874
68.24069,1.4676979,offspring,21,67.4875,4.13788492670672,875
68.72454,1.5580027,offspring,25,64.9725,1.28344263603793,876
68.399734,1.6057308,offspring,25,72.065,1.03416633091587,877
68.57092,1.4119058,offspring,21,69.0916666666667,1.90072003900276,878
69.464905,1.5581023,offspring,2,71.848,1.67632634054351,879
68.36448,1.4740199,offspring,21,63.646,2.19701615833839,880
68.45041,1.407513,offspring,21,69.1375,1.40590125305206,881
68.73423,1.6162316,offspring,23,68.2171428571429,3.26494366610775,882
68.23473,1.6056316,offspring,23,71.2375,2.24241499281467,883
69.102715,1.4390323,offspring,22,67.4625,2.59461461492839,884
68.766754,1.5899491,offspring,23,68.006,2.29909329954223,885
68.42284,1.5549756,offspring,25,66.1475,1.64787489411868,886
69.22317,1.4644647,offspring,22,68.3225,1.82306289889662,887
68.72002,1.6130503,offspring,23,64.3833333333333,3.09337787324256,888
69.00233,1.6950836,offspring,14,68.2383333333333,3.64754392251371,889
69.212074,1.5166366,offspring,22,66.198,2.55685744616316,890
69.57447,1.5850207,offspring,2,69.795,1.36649185873901,891
68.63486,1.5849668,offspring,25,70.745,1.03365048896294,892
69.06711,1.5223144,offspring,22,68.7375,3.5426955368288,893
68.79811,1.58265,offspring,23,69.4233333333333,0.915285019361001,894
68.96526,1.6996331,offspring,14,67.42,3.7514583830825,895
