,mean_error,sd_error
0,0.00034241953726084004,0.003268297323750613
1,0.0007081008732988531,0.008976512978892674
2,0.000995462258365075,0.006921021958725133
3,8.314144063916243e-05,0.0003425780533913847
4,0.0001928699879116605,0.004429121350226717
5,0.00033466362957112333,0.0029629806840541506
6,0.00018678756373494837,0.0021985218358823305
7,0.0008853118057743498,0.005638953742548365
8,0.00012619986106142747,0.0009268377126949168
9,0.0002311050240483177,0.0026739409060400204
10,0.00033545058098212455,-5.4027828452624105e-05
11,0.00015077530795731126,1.6321435962689257e-05
12,0.00039313465850608284,0.0038313682688724676
13,0.0010475746109333134,0.007055536170466344
14,0.00022312448807911348,0.0022341721043109483
15,0.0010721893635574596,0.005256550859247512
16,0.0007678625387106466,0.004182710770711043
17,0.00024145275892287904,0.0045118074793234625
18,2.2497851360957222e-05,-9.522162135972012e-05
19,0.0005244973970138511,0.00124980516627142
20,0.0002208212301212445,0.0007502641885370753
21,0.0004430465414081708,0.003082153933790799
22,6.173668959559564e-05,9.621034873777412e-05
23,0.0012316765539758176,0.005774855941254715
24,0.000450591147979143,0.004136215161784626
25,0.0005049401297350445,0.0032531060480657445
26,0.0004209779479773315,0.003018363274239641
27,0.0002470861944912639,0.0023455603924623786
28,-0.00023228929161099934,0.0005151901730209157
29,0.0006675590344207838,0.0049078863112310064
30,0.0014201987042729743,0.005959672610427728
31,5.6309140475045705e-05,0.004634489255503235
32,0.00010686507655095767,-0.00018760751050417301
33,0.00038211578029728743,0.0037233967979263954
34,0.00011406736442508628,0.002099876821280537
35,0.000727295927501443,0.004693848648040566
36,0.00027580132957891884,0.002806589030390376
37,0.0004917602315824311,0.005005010326032365
38,-6.431856091208832e-05,0.002150658756481863
39,0.00037573059713442297,0.003937164062870396
40,0.0005155956408140136,0.0027683315504031664
41,0.0007347007183233674,0.0055961485182751056
42,0.00022443510195030436,0.001574269753267625
43,-5.784874725748082e-05,0.001369495630811457
44,0.0008700903444433458,0.004055682307049155
45,0.0008625341352527446,0.004710505098214968
46,0.00028659242405663227,8.817767264209658e-05
47,5.582226477433491e-05,0.0002074203441313413
48,0.00022172242072935472,0.0008941653146248285
49,-5.8838608650114976e-05,-0.0001963662070165323
50,0.00022122042614059964,0.0015268952014338352
51,0.00031549970991121,0.003061759855688871
52,0.0010446975664572117,0.005834699698326791
53,0.000310601405507413,0.0004822971993328068
54,0.00040994685076457815,0.0032024824441750505
55,4.8343226445229925e-05,0.0012997415663206918
56,0.0008177323221372282,0.004715019668765717
57,0.000428405704054724,0.0017824244699474467
58,-3.162687976092718e-05,-0.0003634123336108963
59,-3.105964751407009e-05,0.00030471255692769705
60,0.0004607952107608185,0.002798316694251804
61,0.0004094791112135808,0.004067176212651333
62,0.0004378662754693785,0.0014566669438949853
63,0.00013021250119612388,6.114658358179204e-05
64,7.397270415969437e-05,0.00017945621097589098
65,0.000327422142667462,0.0022017541945414873
66,0.001024148528686604,0.002968695109667935
67,5.7366533478698384e-05,0.001172162367863737
68,0.00043937563906201044,0.0038600857354840687
69,0.0005120919384565478,0.0032395976929647102
70,0.0007506927494087962,0.004366160182369627
71,0.0008131059656291892,0.005653413205989256
72,0.0012906718892733773,0.0058486398663652114
73,0.00038019312164210353,0.0025531289361415826
74,0.0003308104560809516,-0.0001715637505093695
75,0.0011861016332527334,0.0050715423467488155
76,0.0005173864481484887,0.003151589939783171
77,5.948031806502635e-05,0.0035287214701648847
78,0.0004433789915262998,0.0030087606763699454
79,0.0004757567176839894,0.0037921453103499786
80,0.0005125111763944964,0.0003758105015799207
81,0.00035952717860705113,0.003246635868018141
82,0.00028421197776991314,0.004708847166750851
83,-0.00015354377816886866,0.0023492481128188775
84,-5.2829444427207606e-05,0.003294099200283465
85,0.0010282944378529994,0.004059864933217222
86,0.0002252606228579264,0.003219506755137963
87,0.00042610911880169855,0.005187310698382526
88,0.0008145273140920881,0.004368491158251456
89,9.407086452285773e-05,-0.0002913951872359627
90,0.0004231721117850598,0.004086236659798202
91,0.00012081075647128042,0.0005151949814166321
92,0.0004208616272389949,0.0031111723670844277
93,0.000605866026946067,0.006208947289832685
94,0.0016738628094854768,0.008450884904774976
95,0.0003639647012851667,0.003328612640918688
96,0.00018502038534479875,0.0002679950370056833
97,0.000552953906811756,0.003387322560162248
98,0.00041484944224464207,5.58229728035084e-05
99,0.0002872745537923979,0.0035124066373249593
