,0,1,2,3,4,5,6,7,8,9,10,11,12,13,14,15,16,17,18,19,20,21,22,23,24,25,26,27,28,29,30,31,32,33,34,35,36,37,38,39,40,41,42,43,44,45,46,47,48,49,50,51,52,53,54,55,56,57,58,59,60,61,62,63,64,65,66,67,68,69,70,71,72,73,74,75,76,77,78,79,80,81,82,83,84,85,86,87,88,89,90,91,92,93,94,95,96,97,98,99,pop
0,0.5628981,0.6253014,0.8095996,0.8665007,0.59088254,0.82181066,0.8352256,0.7973318,0.7737578,0.8976286,0.6234628,0.65352196,0.55875593,0.85637295,0.59510916,0.8233253,0.547413,0.71542877,0.71686065,0.7560334,0.9070045,0.83289546,0.72305304,0.8849203,0.8472921,0.7057684,0.7904413,0.8031392,0.746813,0.7030763,0.7709179,0.67267734,0.75866055,0.6995739,0.84818304,0.645354,0.7112214,0.596258,0.8836261,0.7512785,0.763249,0.8470969,0.7905486,0.7895018,0.6501442,0.7361705,0.7589386,0.7592455,0.65945107,0.8123632,0.8423933,0.65622646,0.6279298,0.72413397,0.6828698,0.64550084,0.85955906,0.73437667,0.6798186,0.83944833,0.7965374,0.84471905,0.9361542,0.7853987,0.8526725,0.7093136,0.84509164,0.9104444,0.6796643,0.67747706,0.6191095,0.6704701,0.8146805,0.5489882,0.82261467,0.6875518,0.66264766,1.0004051,0.7321264,0.62229806,0.6785818,0.6898164,0.77946246,0.8076302,0.4982894,0.7372875,0.7751916,0.6301097,0.705806,0.773861,0.62961036,0.8655772,0.82411796,0.8308809,0.87077266,0.8734676,0.88961935,1.0308201,0.9399711,0.76266605,1
1,0.6732434,0.6778757,0.80441076,0.86647755,0.74890435,0.6183117,0.80627155,0.77730983,0.66675436,0.7541044,0.8095983,0.73548245,0.59261113,1.1175511,0.63098896,0.81695473,0.6009043,0.89417905,0.6710559,0.90087414,0.7030641,0.9023685,0.7493301,0.95913297,0.75342035,0.5565187,0.77788746,0.8695214,0.66028076,0.6933581,0.78282034,0.6229154,0.7651559,0.81424737,1.0535089,0.7214805,0.7118372,0.63689137,0.6373671,0.62745297,1.1282583,0.84546864,0.85272956,0.774225,0.7446138,0.7628042,0.6283681,0.7267662,0.7560901,0.745327,0.64479685,0.898613,0.58263564,0.9438955,0.6626214,0.66237026,0.9200965,0.8635303,0.6863635,0.64899915,0.56250453,0.970865,0.82255596,0.7439798,0.7416874,0.6502557,0.58448404,0.7510739,0.4883834,0.78875065,0.90837693,0.7188219,0.61207384,0.6267098,0.8197742,0.8124259,0.7212274,1.0325369,0.98235756,0.7004371,0.8311831,0.70549804,0.86742586,0.6779217,0.77796155,0.84778315,0.78345925,0.61692643,0.9059099,0.87126696,0.88025457,0.8033637,0.79585516,0.9298974,0.71831256,0.92674935,0.8561229,0.8871984,0.86336124,1.0102886,2
2,0.7045117,0.63223845,0.687281,0.79987603,0.7381765,0.7241613,0.62918335,0.6846198,0.5627968,0.7348775,0.9252827,0.77760375,0.585699,0.8038547,0.507299,0.59711885,0.5182761,0.6228593,0.58900523,0.7255456,0.60372674,0.72811294,0.6544298,0.84804,0.6612724,0.4458446,0.62107277,1.1909069,0.68797886,0.6544211,0.8678552,0.69222593,0.66758037,0.75373393,0.6434028,0.4460462,0.7235066,0.71515787,0.5941531,0.48014355,0.5753985,0.7641677,0.6801485,0.61199117,0.43378136,0.7581995,0.5452665,0.62494487,0.690157,0.7975831,0.6841043,0.61716896,0.72571665,0.7931321,0.6932794,0.5018114,0.8867958,0.7023504,0.63597226,0.5436439,0.75551724,0.75024205,0.55512506,0.54636776,0.75350475,0.6368735,0.7899516,0.7293624,0.70229995,0.874675,0.6191418,0.66099733,0.6332282,0.664569,0.7911444,0.65882736,0.6384342,0.60643995,0.6152314,0.54318124,0.6133616,0.56876206,0.6922349,0.7800541,0.6302745,0.62437373,0.6883767,0.74708587,0.586761,0.6267821,0.7212379,0.5801479,0.93288064,0.71243733,0.58997345,0.9310546,0.8952999,1.0474409,1.0217695,0.9732229,3
3,0.707946,0.7163596,0.68971646,0.7240168,0.7179055,0.64269155,0.7196416,0.73868936,0.7076547,0.6228702,0.6657029,0.6625175,0.54266346,0.590049,0.6326545,0.80769235,0.59049183,0.7124323,0.7785329,0.76969516,0.56628084,0.9378007,0.67120826,0.9228138,0.743442,0.5746825,0.74057263,0.7717454,0.59383494,0.7848636,0.84950036,0.5689199,0.5229672,0.7783361,0.615832,0.422972,0.78653383,0.6416865,0.5633889,0.5198835,0.80458975,0.75866216,0.71573246,0.7005169,0.56405246,0.7713917,0.6581217,0.73762006,0.57489663,0.71467763,0.6256575,0.70059603,0.6028715,0.6835851,0.76655596,0.64006144,0.85825557,0.68364066,0.62247545,0.65526444,0.68917227,0.6256755,0.64061093,0.839019,0.6935303,0.6682843,0.60935396,0.7999584,0.5528921,0.693288,0.5295552,0.6902633,0.5543068,0.57472223,0.8128182,0.882576,0.6601481,0.8067602,0.78756404,0.5754123,0.5297359,0.6367411,0.7866068,0.9099988,0.57705665,0.7066736,0.7030066,0.7221246,0.57948846,0.54118603,0.59800047,0.6259108,0.7255169,0.911804,0.7292377,1.0800589,0.9138864,0.7892229,0.94245654,0.8805561,4
4,0.5590877,0.7124481,0.70776415,0.45446154,0.57014114,0.74752337,0.6085391,0.57866275,0.604978,0.65698266,0.6587942,0.7448032,0.43718153,0.7091863,0.5312627,0.64502597,0.59105814,0.57076305,0.63025147,0.83294314,0.78221494,0.53560174,0.52483946,0.6389615,0.7841662,0.62136406,0.50429547,0.9273417,0.60366637,0.53243554,0.60216486,0.48542112,0.48739406,0.8032377,0.63980734,0.3851893,0.810665,0.6416883,0.5757158,0.4696201,0.7436937,0.72448033,0.635576,0.74974614,0.5742081,0.69280833,0.59088117,0.64085394,0.4464686,0.7238055,0.6152761,0.59649444,0.54903066,0.62008715,0.6771141,0.5474066,0.69945174,0.5362245,0.7298514,0.49308267,0.5331456,0.56819975,0.58376384,0.783166,0.5084098,0.5886909,0.7179635,0.7922725,0.5096821,0.7456022,0.5349416,0.59276706,0.5079239,0.5797922,0.5949984,0.65695953,0.515087,0.70261276,0.7212654,0.45161417,0.54868394,0.6412628,0.7896569,0.64968574,0.57542276,0.5240938,0.6681304,0.7060877,0.6493056,0.64881206,0.6914818,0.5255907,0.49151745,0.7110446,0.68311894,0.9889707,0.784914,1.1556304,1.0084757,0.74805814,5
5,0.6088658,0.6643173,0.5196366,0.65452445,0.6144521,0.60761946,0.74648064,0.60773504,0.5819691,0.6395244,0.67706156,0.6837083,0.37693784,0.8367225,0.6587456,0.7006941,0.4765546,0.66954434,0.7481747,0.5762763,0.6658059,0.6628164,0.77299094,0.8172517,0.69670945,0.51532143,0.7432339,0.9066643,0.71006274,0.6821909,0.78962517,0.6413465,0.539638,0.9055927,0.7599781,0.46670976,0.6554906,0.5005962,0.7159458,0.69335043,0.5803165,0.66124195,0.72443885,0.78165203,0.61397105,0.7573685,0.52371025,0.6304731,0.5078188,0.59104514,0.7342654,0.753859,0.72081274,0.64378375,0.75752044,0.503068,0.7081076,0.76112586,0.58267283,0.646689,0.45656675,0.70221275,0.5846224,0.63486826,0.57581025,0.6592425,0.7614219,0.7638426,0.6433022,0.45572096,0.52864707,0.49275187,0.49562436,0.61578846,0.68960357,0.5827059,0.7444172,0.7083261,0.74955183,0.5689752,0.67633945,0.52758294,0.7690862,0.8752195,0.5614001,0.76682466,0.84649986,0.59284866,0.7597559,0.63649935,0.71264786,0.551,0.7048996,0.6346699,0.45256495,0.8481672,0.9199644,0.8708997,0.8974823,1.0521812,6
6,0.6719066,0.8160117,0.68217003,0.8007526,0.60102636,0.7585287,0.71236753,0.9114537,0.88798004,0.75861514,1.0633172,0.7382091,0.5688542,0.8637687,0.60525894,0.81341803,0.48613772,0.767995,0.740039,0.90220207,0.80469275,0.6219867,0.8160543,0.7989589,0.6860004,0.46814662,0.670907,0.900115,0.54766566,0.59769213,1.0132138,0.5817539,0.6681509,0.8186986,0.81591356,0.60917145,0.8653657,0.5545156,0.9084308,0.6258137,0.67652655,0.80824345,0.79120797,0.9267129,0.7151629,0.80994725,0.5791049,0.66571546,0.67144394,0.87683994,0.805627,0.67547244,0.6963365,0.8057586,0.5169019,0.6874945,0.9361401,0.7238919,0.7018356,0.9265048,0.77421206,0.8585488,0.6652486,0.79525,0.5950435,0.63957787,0.810067,0.9206441,0.68100524,0.79514444,0.67452705,0.6558259,0.55949503,0.70733714,0.7672661,0.7327435,0.7680047,0.88716197,0.94545454,0.53579557,0.6953118,0.530677,0.727674,0.83577436,0.7487875,0.92794466,0.64136094,0.6611855,0.7754942,0.7916048,0.6463234,0.68141484,0.7339357,0.77643025,0.76978314,1.0289762,0.8947397,0.7579154,0.93558127,0.9659666,7
7,0.61037326,0.77753556,0.7463501,0.7516434,0.5970444,0.74858797,0.708551,0.7240143,0.6665449,0.7189264,0.48407412,0.7751664,0.6500167,0.6584024,0.6678318,0.77512205,0.7630676,0.7733502,0.66191095,0.7374029,0.68438774,0.8179677,0.68307203,0.7383344,0.7493903,0.51471263,0.7600606,0.66788536,0.54934806,0.58285725,0.7038114,0.67913216,0.58565795,0.59402907,0.77534837,0.6031535,0.7824865,0.6423007,0.5600576,0.44792774,0.7261393,0.66871583,0.68495166,0.86991113,0.6410055,0.63848597,0.81754774,0.59365505,0.5886163,0.9115067,0.5717107,0.69922423,0.61806977,0.6408974,0.5768547,0.68908477,0.91828287,0.8036909,0.76646805,0.7975382,0.6283552,0.77518517,0.53019196,0.740816,0.6654036,0.57548946,0.6819121,0.6644988,0.6933407,0.8074428,0.6932465,0.595746,0.49884695,0.7190464,0.61010957,0.6446796,0.7996705,0.6615163,0.71028024,0.61463445,0.4981695,0.60760397,0.7880867,0.8539728,0.48367304,0.6029906,0.711212,0.6486639,0.87260437,0.8047479,0.68698347,0.73378557,0.6643412,0.75931,0.7686486,0.97394127,0.88187796,0.83560586,0.8375535,0.8518741,8
8,0.8583476,0.7556206,0.761581,0.73814976,0.93791175,0.55336237,0.9554966,0.8586317,0.8060714,1.014028,0.89349204,0.91488993,0.7641033,0.9560186,0.95124024,0.8846788,0.73200166,0.9906223,1.0542365,1.1791916,0.96490157,0.7870993,0.85197335,1.0014399,0.9444893,0.85568917,0.98329,0.75053006,0.8647872,0.8297983,0.87154436,0.7415798,0.8352085,0.86309654,1.0491867,0.79511195,0.84058565,1.0275156,0.98208094,0.79787064,1.1363076,1.0993154,0.9441363,0.80657905,0.65946907,0.95122874,0.95528656,0.83112633,0.7243758,0.98516953,0.82368547,0.9391503,0.827689,1.0239158,0.9101092,0.95932114,0.89404446,0.94942087,0.72492766,0.93911636,0.8577963,1.105979,0.89751965,0.874166,0.719352,0.7294457,0.7109965,0.82249814,0.835225,0.89461833,0.6825373,0.947927,0.67819613,0.880347,0.82808125,0.7448178,0.9167907,0.82419205,1.0109895,0.7393509,0.90376186,0.59906375,0.8692326,0.84223276,0.72592556,0.82230026,0.70766455,0.65744257,1.1056185,1.0159187,0.7948086,0.83077925,1.0085129,0.99290776,0.66750205,0.86251646,1.0445437,1.0348711,0.9474502,0.8290614,9
9,0.5710387,0.5035848,0.68930346,0.7581344,0.38857257,0.75578946,0.62987024,0.46337202,0.616996,0.55113083,0.7117616,0.64838576,0.43060225,0.6741391,0.4619795,0.79308176,0.54730374,0.7220433,0.49929032,0.8188365,0.6229212,0.80452615,0.66119075,0.7556685,0.7899283,0.41865528,0.5479008,0.8765252,0.5437759,0.4698183,0.64968246,0.55907935,0.42353582,0.63881814,0.75659275,0.5105131,0.6015483,0.642634,0.5767002,0.5646474,0.5735406,0.7530141,0.5817273,0.56566715,0.46563432,0.5812262,0.55054015,0.48965338,0.42616674,0.84931004,0.5296838,0.58548886,0.4873004,0.5161044,0.54924536,0.55954105,0.59225136,0.54827154,0.67947376,0.61078566,0.45987752,0.6423445,0.67975634,0.4998487,0.70586103,0.4549162,0.6623328,0.7830963,0.769588,0.61734134,0.54937273,0.5902577,0.52321905,0.33588153,0.6488998,0.5731226,0.69162273,0.58564514,0.6577279,0.36309293,0.38232362,0.58533734,0.7809228,0.5799075,0.5394922,0.60592425,0.6178593,0.42580625,0.48266187,0.5684232,0.60544896,0.43268836,0.59845513,0.74173224,0.70693266,0.91061395,0.7391246,0.7676834,0.7405438,1.0281876,10
10,0.44897768,0.6422466,0.47681367,0.82853985,0.5133787,0.6863313,0.83847487,0.5403041,0.49926388,0.49072263,0.59465706,0.59209275,0.47317642,0.7000405,0.6162379,0.76624703,0.5018309,0.6466213,0.7401238,0.8831098,0.47149265,0.6530316,0.73709667,0.8240258,0.6357265,0.56764865,0.7460566,0.683073,0.515947,0.56336004,0.6511633,0.5485462,0.39664334,0.92994255,0.7274943,0.6381525,0.7258613,0.5919263,0.6618138,0.5139451,0.5861659,0.67675406,0.5624596,0.67281294,0.5204168,0.60063535,0.5475752,0.5788121,0.38449603,0.8530966,0.67524266,0.65643436,0.5507893,0.45795363,0.5333675,0.6289138,0.5293179,0.7901973,0.7868799,0.6444346,0.6018321,0.58795667,0.711987,0.4720234,0.61660576,0.6494369,0.7689161,0.6118534,0.5981825,0.46364215,0.48493356,0.7162918,0.57726055,0.48121017,0.65804523,0.73123354,0.623668,0.8718153,0.73237604,0.2912142,0.591421,0.61605906,1.0586766,0.9065795,0.6510285,0.49831843,0.61235285,0.457398,0.78774697,0.65241593,0.54659384,0.4756954,0.6336949,0.7468444,0.63645893,1.2319566,0.8506594,0.7789601,0.93064237,1.0079863,11
11,0.76141745,0.67728996,0.621192,0.7400791,0.8697253,0.7853836,0.8682469,0.7705393,0.8733318,0.9423496,0.72606975,0.6606395,0.7073495,0.8433987,0.5920044,0.73707277,0.632407,0.6833721,0.6694141,1.0436999,0.8468398,0.7236571,0.83595604,0.96338934,1.0454171,0.6840098,0.6942427,0.7022659,0.6892218,0.83317053,0.86479324,0.7123585,0.8655494,0.7787538,0.84388316,0.53444004,0.8089338,0.6568817,0.757347,0.63704264,0.92876524,0.8581649,1.0301243,0.9355497,0.7163382,0.8469299,0.5233694,0.9964039,0.72713965,0.9577859,0.72302777,0.79570687,0.7517349,0.7531925,0.7146752,0.7414684,0.99117076,0.8875005,0.67553425,0.846141,0.6123436,0.86609054,0.61694854,0.78428996,0.67714703,0.71740705,0.73660684,0.7961314,0.8112033,0.8878205,0.64697194,0.60480833,0.65677196,0.5055513,0.8266486,0.70813656,0.62797576,0.7836824,0.7067516,0.72163177,0.74165577,0.5830796,0.8645686,0.8378694,0.6649919,0.6355986,0.6785212,0.6702841,0.740552,0.732883,0.69686884,0.6002083,0.98423564,0.98773956,0.74021184,1.0531328,0.8345309,0.8330186,0.82926923,0.76642483,12
12,0.52263623,0.63629204,0.54802257,0.8417092,0.45553398,0.4806459,0.7394605,0.64152426,0.530121,0.5472425,0.93776864,0.76663953,0.59276503,0.74799424,0.5477144,0.78705025,0.5456386,0.57979923,0.68140393,0.82544637,0.73723716,0.6291463,0.5778362,0.62867016,0.6513209,0.5555191,0.693868,0.7196376,0.55764675,0.6910367,0.72485685,0.49180865,0.58411026,0.65593255,0.6734786,0.46444568,0.62316626,0.5935121,0.712743,0.45249316,0.6467374,0.6218878,0.882946,0.6379662,0.5462697,0.77196217,0.5707352,0.7426305,0.56325465,0.6982508,0.536509,0.7572343,0.76289815,0.7992322,0.6410943,0.53007394,0.9140139,0.6993033,0.48829886,0.7177369,0.521041,0.7752025,0.56943274,0.82595724,0.7258336,0.6588649,0.66834044,0.81347376,0.633818,0.74004155,0.5369978,0.47291693,0.46975613,0.5392582,0.6978125,0.5264862,0.59452075,0.8061991,1.1162146,0.5225419,0.47642764,0.45805803,0.6254573,0.5667928,0.49854493,0.5668691,0.79209566,0.68582267,0.7134499,0.5012658,0.55887794,0.605946,0.640364,0.7034211,0.6873527,0.9800754,0.8656401,1.0768341,0.9781197,0.9297207,13
13,0.7514561,0.51696223,0.7213815,0.9904343,0.9805891,0.7636875,1.0591979,0.7077148,0.8447694,0.9994482,0.83028257,0.7581839,0.79540086,0.7854214,0.60449845,0.78741246,0.70262015,0.8523329,0.9392685,0.9689539,0.78619003,0.7847283,0.8215523,0.8708159,0.8159681,0.55503297,0.71972984,1.0986432,0.67338425,0.7329264,0.915712,0.6511311,0.6266117,0.8474573,0.74193853,0.5464026,0.71286446,0.83659726,0.7583286,0.65522945,0.6929378,0.8167324,0.76841813,0.6541326,0.74193287,0.79034257,0.8648256,0.93167776,0.61156553,0.61069614,0.80919784,0.8007605,0.79012483,0.63905615,0.528531,0.63856304,0.9653197,0.85204315,0.8295023,0.9176204,0.7577897,0.91554743,0.8987542,0.9704074,0.92085135,0.80982876,0.8006681,0.7098637,0.6036587,0.8641384,0.8023334,0.710777,0.6226329,0.69954365,0.77294695,0.7824946,0.9178787,1.0054047,0.90740085,0.6952312,0.8345656,0.7231376,0.6709462,0.7634594,0.739716,0.79542834,0.8005232,0.7856098,0.7780235,0.7898365,0.819651,0.66438866,0.9866073,1.0436555,0.7212331,0.8538454,0.96510595,0.85405594,1.0865664,0.8016613,14
14,0.5412629,0.4786957,0.59738064,0.8650877,0.50109255,0.4518918,0.5846965,0.6891702,0.53719765,0.6199194,0.69859666,0.5985491,0.4542251,0.8345368,0.55002975,0.6831628,0.4421939,0.6384044,0.6054361,0.8094604,0.6073949,0.5664609,0.6769593,0.7316052,0.6748403,0.4997348,0.68269473,0.7816977,0.61787057,0.43540013,0.49165577,0.4361519,0.45467052,0.84679776,0.6841712,0.42699912,0.48964775,0.48775718,0.6656447,0.5315349,0.6721957,0.690147,0.5414083,0.5982883,0.47905675,0.6862858,0.5739393,0.5942075,0.5839675,0.6899394,0.47472116,0.57658017,0.5296975,0.6189125,0.63681924,0.50242263,0.79634076,0.67445135,0.8227283,0.50695735,0.50322884,1.0136714,0.6182816,0.60766894,0.76633286,0.6493225,0.6262607,0.6262293,0.488744,0.74091494,0.56106323,0.50617224,0.47692904,0.5768519,0.8041772,0.51217335,0.41978943,0.6463661,0.49094525,0.4586662,0.5390655,0.66815364,0.7036778,0.7666595,0.56885844,0.60362387,0.53776115,0.6778861,0.54793185,0.6663527,0.56438327,0.62230146,0.58178574,0.764708,0.6346766,0.8936814,1.0994854,1.0369831,1.170997,0.7516367,15
15,0.69998676,0.8091483,0.68443775,0.88054806,0.6791682,0.89222205,0.94798505,0.78341323,0.77084124,0.99380654,1.1298748,0.78314346,0.80782324,0.83516246,0.678088,0.9559545,0.7796845,0.9986413,0.83423775,0.9470055,0.6632963,0.86266,0.9510819,0.83087844,0.8090712,0.6775821,1.0203785,0.87659955,0.7566004,0.78051144,1.2519658,0.72355115,0.7189468,0.6929128,0.90567505,0.6191076,0.83379287,0.72169197,0.9889949,0.80418205,0.81116664,0.84827906,0.945085,0.9581799,0.66874355,0.8379262,0.5571159,0.7780425,0.92727697,0.72317064,1.0204566,0.92614657,0.8468709,0.89355236,0.7149718,0.71141845,1.0333099,0.99975985,0.8114163,0.95274544,0.8466011,1.0096914,1.092778,0.91089606,0.7026348,0.84075713,0.80881476,0.8953658,0.82093877,1.074845,0.8333808,0.7082581,0.76201177,0.58022827,0.9673135,0.9293665,0.9107764,1.0744872,0.71364915,0.58589786,0.9119064,0.6178041,0.8325814,0.84611374,0.78322226,1.0486635,0.7372514,0.7944216,0.89123625,0.8111,0.596757,0.64857996,1.0957837,1.0629833,0.902366,1.0298002,0.8848044,0.90221375,0.88540006,0.7332964,16
16,0.62556493,0.8148214,0.5405139,0.90983564,0.88564354,0.88799316,0.8043694,0.6713521,0.95094246,0.77666163,1.2362205,0.81339884,0.65260583,0.8373855,0.72598904,0.8752786,0.7584594,0.9517133,0.75122017,1.2400448,0.8224961,1.0020344,0.88354325,0.7815104,0.88605374,0.49494907,0.8874899,1.1153091,0.76505363,0.6942951,1.114433,0.7063138,0.919576,1.0851433,0.9448049,0.6071634,0.78708315,0.711431,0.8189154,0.84806967,0.9211462,0.8368725,1.0484598,0.94806224,0.8753992,0.8340669,0.7119401,0.9563988,0.87541,0.69122905,1.1502944,0.9353485,0.87631375,0.7408224,0.8279352,0.6893706,0.77271855,1.0092485,0.8662439,0.6463247,0.8280883,0.8501058,0.82209563,0.85282797,0.7503478,0.6175552,0.9276123,0.94253856,0.7192096,0.8894489,0.72013104,0.82190627,0.72348857,0.8149415,0.9645735,0.8097094,0.76137525,0.9027854,0.8183612,0.6649809,0.70162284,0.74291843,0.93656313,0.99147755,0.76925826,0.9967362,0.8598259,0.74154663,1.056333,0.700166,0.6799503,0.7558881,0.9849348,0.87362313,0.89849645,0.80254996,0.8523361,0.9472548,0.7276956,0.916795,17
17,0.638593,0.62277794,0.8615196,1.1081367,0.8926861,0.99322927,0.92395294,0.9320346,0.7565902,0.8799119,0.8340981,0.81543034,0.5607108,0.9422153,0.75261444,0.7430087,0.75990224,0.9116658,0.8853375,0.95878017,0.8958128,0.9675702,1.1833055,0.9667838,0.8445492,0.81153536,1.0395998,0.8336995,0.8121184,0.9003015,0.90372103,0.64310837,0.72393465,0.69587237,0.7902933,0.88726133,1.0157803,0.7694444,0.7130567,0.7568432,0.98462117,0.9415458,0.72371644,1.0347669,0.7699004,0.7218129,0.8567442,1.0159117,1.0005366,0.7689266,0.8824468,1.0658735,0.7306724,0.6314312,0.79442596,1.0213257,0.93710434,1.0434935,1.1101366,0.90453875,0.842801,0.93637687,0.84433293,0.8764533,0.79568607,0.9091592,0.92397547,0.80985576,0.7792686,1.0125535,0.7363252,0.78818864,0.7544531,0.508669,0.68946904,0.94101924,0.8693513,0.9652176,0.7999881,0.75859714,0.888912,0.7787557,0.883267,1.0442948,0.6499608,0.813392,0.81050664,0.66783214,0.7611841,0.80374527,0.74001926,0.83371097,0.9462752,0.9922528,0.8171057,1.0087676,1.0571549,1.0440222,1.0459135,0.8583142,18
18,0.8611519,0.9237503,0.7934631,0.942993,0.97264755,0.8717223,1.0287955,0.77583194,0.8021215,0.7843289,1.1459429,0.76218665,0.7278369,0.8324317,0.8389741,0.7507045,0.79493284,0.83037746,0.84589434,1.0172143,0.70472586,0.94039583,0.91686934,0.6831223,1.0777924,0.6366693,0.79513234,0.9037244,0.6572571,0.75534517,1.15906,0.8835356,0.7860596,0.8023018,0.9253157,0.6830588,0.9138693,0.87772626,0.96746415,0.83490276,0.89793354,0.86394334,0.7958233,0.82352954,0.72723067,0.6612306,0.59480923,0.77976114,0.7507944,1.0131269,0.87848556,0.9894206,0.7953873,0.8013281,0.8655716,0.7865406,1.0553837,0.8818979,0.7223741,0.8973349,0.62670845,1.0383368,0.9337872,0.9145978,0.74807405,0.81826353,1.0783731,1.0327865,0.691322,0.7942229,0.73025006,0.7635253,0.81699926,0.8670947,0.88748187,1.0070386,1.067687,1.1883199,1.0021676,0.8432492,0.8682018,0.7472815,0.962382,0.83276916,0.8620404,0.9970717,0.73337585,0.83166903,0.8353612,0.81400603,0.71431845,0.9257019,0.9783629,0.7192745,0.70316195,0.7973403,0.8194137,1.2105166,1.069662,0.9128464,19
19,0.8323677,0.71044505,0.755685,1.2044926,0.67408556,0.79071766,0.9286497,0.83289963,0.78376836,1.0392456,0.8028419,0.9397395,0.8455359,0.78670186,0.7319115,0.7064528,0.7918439,0.8789121,0.9659805,0.91349655,0.78321546,1.0639606,0.89204884,0.85897243,0.90047437,0.7523723,0.9464088,0.79899025,0.80982685,0.75831956,0.80731815,0.7225009,0.7673306,0.9036304,0.9063802,0.70628643,1.077541,0.7607425,0.89010304,0.74939346,0.9918208,0.8906299,0.8099076,1.2243229,0.7530789,0.90056026,0.67934376,0.7105065,0.8423112,1.0011371,0.75314933,0.8588695,0.88787305,0.8854024,0.7929338,0.67043716,0.95631343,0.8877951,0.6719467,0.7824619,0.9138937,1.1009414,0.8284186,0.736393,0.5531483,0.8334636,0.91916186,1.1187973,0.8768825,0.96162707,0.5972166,0.7336693,0.8736174,0.6660863,0.9162024,0.9437254,0.9131111,1.0482092,0.94529647,0.80818343,0.8141691,0.7113049,0.88551897,0.8234625,0.7224064,0.8763242,0.81124204,0.8479762,1.033849,1.0638953,0.63362336,0.8508144,1.0428373,0.9841867,0.6917328,1.151036,0.9934166,0.7873169,0.81767714,0.84091616,20
20,0.77863044,1.1091636,0.8272997,1.0585554,0.832315,1.0056149,0.850797,0.99378455,0.905328,0.8771123,1.117193,0.8581977,0.5823758,0.893309,0.6765505,0.78267527,0.62635446,0.7915074,0.8487926,0.86594,0.79386866,0.97501767,1.2293345,1.108401,0.9519529,0.5655538,0.87728006,0.82881194,0.8660004,0.7327585,0.9274546,0.8184451,0.8676397,1.208181,0.8815315,0.9081559,0.8926075,0.7857372,0.94159913,0.71574926,1.0245057,0.9494192,1.1670599,0.9349081,0.6974849,0.85559946,0.75413036,1.0483612,0.8830134,0.7167288,0.62601423,1.0070858,0.796243,0.910744,0.76642525,0.974246,0.9801582,1.0416658,0.9051716,0.98373556,0.7644745,1.0011151,0.8245098,0.8837992,0.91003096,0.6884349,0.81729025,1.0009648,0.82117546,1.0004911,0.6948727,0.8069929,0.91984683,0.7897407,0.9158152,0.90565675,0.6517491,0.96094954,0.9116108,0.7482388,0.9301303,0.6236518,0.85261893,0.8867968,0.75825226,0.7836101,0.72975934,0.76545405,0.9938781,0.84003663,0.83183247,0.75600123,0.7693497,1.2635546,0.7073732,0.83930075,0.97404736,0.88018405,1.0154028,0.9684331,21
21,0.81613153,0.8248216,0.75523895,0.87792313,0.9913679,0.7032316,0.8037993,0.6913049,0.73224103,0.80576825,0.9899513,0.9006033,0.725394,0.90371746,0.7354844,0.8197798,0.76660746,0.7660967,0.8788935,1.1068301,0.77723765,0.8535869,0.78334445,0.9244106,0.8754792,0.6967945,0.86309135,1.1593779,0.77680504,0.6996361,0.9708005,0.71375716,0.6811694,0.7999345,0.8341443,0.5776379,0.8504211,0.75925,0.74292564,0.6247313,0.8564614,0.85598975,0.8125117,0.8531879,0.6080892,0.862746,0.623148,0.72172207,0.7197989,0.7425653,0.8173475,0.7122056,0.62867033,0.78869516,0.89018613,0.55716074,0.6298044,0.65352327,0.61123955,0.68985206,0.8106817,1.042553,0.95500803,0.76583827,0.80714273,0.49754155,0.7984584,0.7800666,0.65017295,0.9916093,0.77051353,0.82273555,0.7249063,0.81626725,0.8151368,0.7986441,0.74636483,0.91929716,0.92633116,0.6271173,0.6956678,0.6115659,0.8070841,0.83097476,0.7294123,0.93529475,0.91695595,0.89668554,0.74601567,0.7995838,0.7036272,0.7136613,0.7895122,0.7978264,1.0616442,0.85908556,0.811129,0.9543365,0.628196,1.0516074,22
22,0.6040879,0.6279736,0.8259608,1.161385,0.93540317,0.73674095,0.75318635,0.9658594,1.0121561,0.6815412,0.71302134,0.9457163,0.60052806,0.7610401,0.71496946,0.8784318,0.7852865,0.7763027,0.8653868,0.9563468,0.87305975,1.084065,0.9930387,0.91947395,0.80172783,0.55232495,0.8587185,0.75623417,0.7357132,0.89953136,0.9605266,0.7167185,0.60886425,0.6847045,0.91646355,0.8756887,0.729589,0.87453914,0.93102956,0.8550575,0.67813444,0.7105729,0.94547325,1.1265731,0.7933593,0.8710136,0.765084,0.76785946,0.7320176,0.74297744,0.8589518,1.049254,0.76815575,1.0102345,0.77000135,1.0360879,1.1117114,0.7143282,0.80207783,0.8669854,0.88305604,1.0489312,0.9519343,0.77604365,0.77594626,0.6679373,1.0425115,1.046285,0.54892945,0.8034325,0.5478281,0.65189266,0.66808695,0.7110509,0.79651874,0.68127346,0.69209826,0.9575857,0.8331895,0.7884763,0.73935395,1.0129355,0.85134274,0.98404074,0.6873279,0.7978977,0.86878145,0.9404173,0.7399171,0.87004995,0.7776489,0.8133468,1.0376595,0.908185,0.87790275,0.78708655,1.039865,0.81510836,0.8113263,0.7771523,23
23,0.6279096,0.6560961,0.74128205,0.68456984,0.5849117,0.6412847,0.89214563,0.49480242,0.7050985,0.73808247,0.7368354,0.6665527,0.5613378,0.8078405,0.63651776,0.5123983,0.55084825,0.44206208,0.6238639,0.7703074,0.5830196,0.65929407,0.66282004,0.9194538,0.57693005,0.44539374,0.5738043,0.7719183,0.5967179,0.56951743,0.6815893,0.43092123,0.7792175,0.6013923,0.57684296,0.6670316,0.576717,0.48325574,0.7580631,0.43050873,0.5264116,0.62344986,0.6185464,0.5726764,0.48720354,0.66338027,0.48605984,0.5731263,0.5127545,0.6806005,0.55228484,0.7735596,0.6277204,0.63910943,0.5800661,0.5920038,0.6168491,0.64908475,0.56780815,0.75920457,0.59345394,0.72129583,0.62717456,0.6335702,0.5446916,0.48740008,0.5901901,0.6415324,0.59028786,0.6773033,0.64601225,0.5900582,0.6664586,0.5232138,0.6788417,0.584193,0.67438257,0.71367294,0.7606789,0.54465926,0.54346704,0.5580568,0.6542326,0.644814,0.69076014,0.712878,0.5623455,0.61748767,0.6454736,0.79488516,0.5967233,0.8283402,0.67324036,0.56629425,0.6058835,0.8874349,0.974486,0.8110717,0.97509086,0.8288672,24
24,0.64295274,0.6591244,0.6126434,0.7600531,0.5887165,0.52462727,0.5403435,0.5465514,0.5337096,0.59627986,0.7245654,0.6168393,0.5001845,0.5737858,0.53468347,0.46065548,0.531497,0.6306784,0.69038534,0.80671436,0.46910438,0.5407183,0.6084393,0.77086836,0.6077807,0.49739274,0.54408854,0.7019657,0.63414055,0.5745206,0.6410635,0.60772747,0.5307383,0.6617069,0.82687163,0.45753527,0.6410907,0.6184618,0.6552729,0.48935932,0.6782846,0.71141595,0.657272,0.5815925,0.5829848,0.6741135,0.5105218,0.7324543,0.4394621,0.6641398,0.56168455,0.5933537,0.5479357,0.67979765,0.54731256,0.6727462,0.70171374,0.6158062,0.5032239,0.6255828,0.53728795,0.69796586,0.54354507,0.5418484,0.5815296,0.5489698,0.7175934,0.91237676,0.6070788,0.6227731,0.45288992,0.60277516,0.53225744,0.5717594,0.67387235,0.6444874,0.5370482,0.787277,0.73769355,0.5678278,0.4571274,0.652609,0.7659955,0.77202445,0.52825433,0.62553716,0.6126802,0.52797246,0.67115045,0.56880486,0.5725048,0.49807745,0.65385854,0.57927006,0.62334377,0.77033585,1.0666729,0.7611413,0.8017073,0.84839803,25
