,0
0,C
1,C
2,T
3,A
4,G
5,T
6,A
7,A
8,C
9,T
10,C
11,A
12,G
13,A
14,C
15,T
16,A
17,G
18,G
19,A
20,T
21,C
22,T
23,A
24,C
25,A
26,A
27,G
28,G
29,G
30,T
31,G
32,C
33,G
34,T
35,T
36,G
37,G
38,A
39,G
40,T
41,G
42,A
43,C
44,A
45,T
46,A
47,C
48,C
49,A
50,G
51,C
52,A
53,T
54,G
55,G
56,G
57,C
58,C
59,A
60,C
61,A
62,G
63,A
64,T
65,C
66,C
67,A
68,C
69,G
70,A
71,G
72,T
73,G
74,G
75,C
76,G
77,T
78,A
79,T
80,C
81,G
82,G
83,G
84,A
85,G
86,A
87,C
88,C
89,C
90,A
91,C
92,A
93,A
94,A
95,A
96,T
97,C
98,A
99,A
100,G
101,C
102,T
103,G
104,C
105,G
106,G
107,G
108,C
109,T
110,A
111,A
112,T
113,C
114,C
115,G
116,C
117,C
118,T
119,T
120,G
121,T
122,C
123,A
124,G
125,C
126,C
127,T
128,C
129,G
130,A
131,G
132,G
133,A
134,A
135,A
136,T
137,T
138,C
139,A
140,G
141,T
142,G
143,A
144,T
145,T
146,G
147,G
148,A
149,T
150,T
151,G
152,A
153,T
154,C
155,C
156,C
157,C
158,T
159,T
160,G
161,T
162,T
163,C
164,C
165,T
166,T
167,T
168,C
169,T
170,G
171,A
172,T
173,C
174,C
175,T
176,C
177,C
178,A
179,C
180,C
181,A
182,A
183,C
184,T
185,T
186,A
187,G
188,C
189,T
190,C
191,A
192,T
193,C
194,T
195,G
196,A
197,T
198,G
199,C
200,C
201,C
202,T
203,T
204,G
205,A
206,C
207,A
208,T
209,C
210,T
211,A
212,A
213,A
214,G
215,G
216,C
217,G
218,T
219,T
220,T
221,G
222,G
223,A
224,G
225,A
226,T
227,G
228,G
229,G
230,A
231,C
232,G
233,C
234,G
235,A
236,A
237,T
238,G
239,A
240,A
241,C
242,T
243,G
244,A
245,C
246,C
247,A
248,A
249,G
250,C
251,G
252,A
253,T
254,A
255,A
256,A
257,G
258,A
259,A
260,C
261,A
262,C
263,T
264,C
265,C
266,A
267,C
268,A
269,A
270,C
271,G
272,A
273,T
274,A
275,A
276,T
277,T
278,C
279,C
280,T
281,T
282,T
283,T
284,C
285,A
286,T
287,G
288,C
289,T
290,T
291,C
292,A
293,T
294,G
295,T
296,T
297,A
298,T
299,A
300,C
301,A
302,A
303,T
304,A
305,G
306,T
307,T
308,G
309,G
310,T
311,T
312,T
313,T
314,G
315,T
316,C
317,C
318,G
319,A
320,A
321,G
322,T
323,C
324,G
325,G
326,A
327,T
328,C
329,T
330,A
331,G
332,A
333,A
334,A
335,T
336,C
337,T
338,T
339,C
340,T
341,T
342,A
343,C
344,A
345,G
346,T
347,T
348,A
349,A
350,G
351,A
352,G
353,T
354,T
355,G
356,T
357,A
358,C
359,T
360,C
361,G
362,C
363,G
364,T
365,T
366,A
367,C
368,C
369,G
370,G
371,C
372,A
373,T
374,T
375,G
376,G
377,T
378,C
379,A
380,A
381,A
382,G
383,T
384,T
385,C
386,C
387,T
388,T
389,A
390,A
391,A
392,C
393,A
394,T
395,T
396,G
397,C
398,G
399,T
400,A
401,G
402,C
403,A
404,C
405,C
406,T
407,T
408,T
409,G
410,A
411,A
412,C
413,G
414,G
415,T
416,C
417,A
418,G
419,C
420,A
421,G
422,C
423,T
424,C
425,C
426,A
427,G
428,C
429,A
430,A
431,G
432,A
433,A
434,C
435,T
436,C
437,T
438,G
439,G
440,G
441,A
442,A
443,A
444,A
445,T
446,T
447,A
448,G
449,G
450,C
451,T
452,G
453,C
454,T
455,T
456,T
457,T
458,C
459,A
460,C
461,T
462,C
463,G
464,T
465,G
466,A
467,G
468,T
469,A
470,C
471,A
472,A
473,C
474,A
475,C
476,T
477,T
478,G
479,A
480,C
481,C
482,A
483,A
484,A
485,T
486,G
487,A
488,A
489,G
490,T
491,A
492,C
493,G
494,C
495,A
496,A
497,C
498,G
499,C
500,G
501,A
502,C
503,C
504,A
505,A
506,A
507,A
508,G
509,A
510,C
511,A
512,A
513,C
514,C
515,C
516,T
517,A
518,T
519,C
520,T
521,C
522,A
523,T
524,A
525,C
526,T
527,A
528,T
529,C
530,C
531,A
532,G
533,A
534,A
535,G
536,A
537,G
538,G
539,A
540,C
541,G
542,A
543,A
544,G
545,A
546,C
547,T
548,A
549,G
550,C
551,C
552,T
553,A
554,T
555,A
556,T
557,C
558,G
559,G
560,T
561,T
562,G
563,C
564,A
565,G
566,G
567,A
568,A
569,T
570,G
571,T
572,C
573,G
574,C
575,T
576,A
577,C
578,A
579,G
580,A
581,A
582,T
583,T
584,C
585,A
586,A
587,G
588,G
589,T
590,G
591,T
592,C
593,G
594,C
595,G
596,C
597,C
598,T
599,C
600,C
601,C
602,C
603,T
604,G
605,G
606,T
607,C
608,A
609,A
610,A
611,C
612,A
613,T
614,A
615,G
616,A
617,A
618,A
619,A
620,A
621,A
622,T
623,A
624,A
625,C
626,C
627,C
628,T
629,A
630,T
631,A
632,G
633,C
634,G
635,T
636,C
637,G
638,C
639,C
640,A
641,T
642,C
643,G
644,T
645,A
646,G
647,A
648,G
649,A
650,T
651,C
652,G
653,G
654,A
655,G
656,G
657,C
658,G
659,A
660,C
661,T
662,A
663,C
664,T
665,A
666,A
667,C
668,A
669,C
670,T
671,A
672,A
673,A
674,A
675,T
676,A
677,A
678,T
679,A
680,C
681,A
682,G
683,A
684,A
685,G
686,G
687,A
688,G
689,A
690,T
691,C
692,A
693,T
694,A
695,C
696,A
697,C
698,C
699,T
700,A
701,C
702,A
703,A
704,G
705,C
706,A
707,C
708,T
709,T
710,C
711,C
712,A
713,T
714,A
715,T
716,T
717,C
718,G
719,T
720,A
721,G
722,T
723,G
724,C
725,T
726,G
727,T
728,G
729,A
730,C
731,T
732,A
733,C
734,A
735,C
736,G
737,T
738,C
739,A
740,G
741,C
742,A
743,T
744,A
745,C
746,A
747,A
748,T
749,A
750,C
751,G
752,G
753,T
754,G
755,C
756,T
757,T
758,C
759,T
760,T
761,C
762,C
763,C
764,T
765,A
766,A
767,G
768,G
769,T
770,C
771,A
772,G
773,A
774,G
775,A
776,A
777,C
778,T
779,C
780,A
781,C
782,T
783,C
784,C
785,T
786,G
787,A
788,A
789,C
790,A
791,A
792,G
793,A
794,G
795,A
796,G
797,G
798,A
799,A
800,G
801,C
802,C
803,G
804,A
805,G
806,T
807,G
808,T
809,G
810,T
811,A
812,G
813,C
814,T
815,T
816,A
817,C
818,T
819,T
820,T
821,A
822,A
823,C
824,A
825,C
826,G
827,T
828,G
829,C
830,A
831,G
832,A
833,G
834,T
835,A
836,T
837,G
838,C
839,G
840,T
841,C
842,C
843,G
844,C
845,A
846,T
847,G
848,T
849,C
850,G
851,T
852,T
853,A
854,T
855,T
856,A
857,G
858,T
859,T
860,C
861,A
862,C
863,T
864,G
865,C
866,C
867,C
868,A
869,T
870,C
871,C
872,A
873,T
874,T
875,C
876,A
877,G
878,C
879,A
880,C
881,A
882,T
883,T
884,C
885,C
886,T
887,A
888,C
889,A
890,T
891,T
892,C
893,T
894,T
895,T
896,C
897,A
898,T
899,G
900,T
901,T
902,A
903,C
904,A
905,C
906,T
907,T
908,C
909,T
910,A
911,G
912,G
913,C
914,G
915,T
916,G
917,T
918,G
919,T
920,T
921,C
922,A
923,A
924,G
925,T
926,T
927,C
928,T
929,G
930,C
931,G
932,G
933,T
934,C
935,C
936,C
937,G
938,T
939,G
940,G
941,A
942,T
943,C
944,G
945,G
946,C
947,C
948,T
949,T
950,A
951,C
952,A
953,C
954,T
955,C
956,G
957,A
958,G
959,A
960,G
961,C
962,A
963,C
964,C
965,C
966,G
967,T
968,G
969,G
970,G
971,T
972,A
973,A
974,G
975,C
976,A
977,C
978,T
979,A
980,T
981,A
982,A
983,T
984,T
985,G
986,C
987,A
988,C
989,T
990,A
991,G
992,C
993,G
994,A
995,T
996,A
997,C
998,A
999,A
1000,T
1001,G
1002,T
1003,C
1004,T
1005,G
1006,G
1007,G
1008,C
1009,T
1010,C
1011,T
1012,G
1013,C
1014,A
1015,C
1016,G
1017,T
1018,T
1019,A
1020,T
1021,G
1022,C
1023,T
1024,C
1025,A
1026,A
1027,A
1028,T
1029,C
1030,T
1031,T
1032,G
1033,G
1034,A
1035,T
1036,A
1037,C
1038,A
1039,G
1040,C
1041,G
1042,G
1043,G
1044,A
1045,T
1046,A
1047,C
1048,T
1049,A
1050,C
1051,C
1052,A
1053,A
1054,G
1055,T
1056,C
1057,T
1058,A
1059,C
1060,T
1061,T
1062,T
1063,T
1064,C
1065,C
1066,T
1067,C
1068,T
1069,G
1070,C
1071,C
1072,A
1073,G
1074,T
1075,G
1076,C
1077,C
1078,G
1079,A
1080,A
1081,C
1082,T
