,0_acc,10_acc,1_acc,2_acc,3_acc,4_acc,5_acc,6_acc,7_acc,8_acc,9_acc,cat_acc,climbing,elbo,kl_loss,reconstruction_loss,trainable_vars_tracker,val_0_acc,val_10_acc,val_1_acc,val_2_acc,val_3_acc,val_4_acc,val_5_acc,val_6_acc,val_7_acc,val_8_acc,val_9_acc,val_cat_acc,val_climbing,val_elbo,val_kl_loss,val_reconstruction_loss,val_trainable_vars_tracker,loss
0,0.1728467345237732,0.6183730959892273,0.6174172759056091,0.005017921328544617,0.017235102131962776,0.00593101279810071,0.6277146339416504,0.006256742402911186,0.02307894080877304,0.6034451723098755,0.010010304860770702,0.604124903678894,0.0,677.5333862304688,4.2927398681640625,673.2406005859375,0.0,0.13549016416072845,0.5825000405311584,0.6069700121879578,0.03457663953304291,0.027624309062957764,0.010762467980384827,0.695115327835083,0.026907235383987427,0.030732369050383568,0.5990046858787537,0.021962502971291542,0.5512831211090088,1.0,803.32666015625,86.49278259277344,716.8338012695312,144.0,"<autoencoder name=autoencoder_3, built=False>"
1,0.34213197231292725,0.6441552639007568,0.6362438201904297,0.08766233921051025,0.05043478310108185,0.05718270689249039,0.6657551527023315,0.07166806608438492,0.08539130538702011,0.632729709148407,0.057379767298698425,0.640491783618927,0.0,654.473388671875,2.17492938041687,652.2985229492188,0.0,0.15024630725383759,0.528482973575592,0.6133744120597839,0.03380044177174568,0.051869723945856094,0.029113594442605972,0.8001395463943481,0.03121965192258358,0.03900514915585518,0.5634783506393433,0.03230389952659607,0.5308353900909424,1.0,763.26025390625,38.96391296386719,724.2963256835938,144.0,"<autoencoder name=autoencoder_3, built=False>"
2,0.47276464104652405,0.656035304069519,0.6580466628074646,0.05889951065182686,0.050411954522132874,0.06703297048807144,0.6634313464164734,0.04373576492071152,0.09356223046779633,0.6544091105461121,0.05084299296140671,0.6513307094573975,0.0,644.7317504882812,1.5153331756591797,643.2164306640625,0.0,0.5,0.521888017654419,0.6425623297691345,0.03882043436169624,0.06666667014360428,0.029893238097429276,0.8231719732284546,0.025543859228491783,0.0473366416990757,0.5865358114242554,0.03342101350426674,0.572753369808197,1.0,705.8394775390625,16.316410064697266,689.5230712890625,144.0,"<autoencoder name=autoencoder_3, built=False>"
3,0.6842105388641357,0.6902571320533752,0.6953001022338867,0.10548119992017746,0.06553079932928085,0.07247037440538406,0.6972203254699707,0.061182305216789246,0.1342281848192215,0.6842267513275146,0.06393088400363922,0.6883760094642639,0.0,638.9765625,1.5302667617797852,637.4462890625,0.0,0.1818181872367859,0.5614219903945923,0.6408013105392456,0.05732186138629913,0.07739938050508499,0.03332275524735451,0.7767149209976196,0.05222734436392784,0.06893143802881241,0.6316814422607422,0.06681766360998154,0.6172365546226501,1.0,674.1104736328125,8.679666519165039,665.4307861328125,144.0,"<autoencoder name=autoencoder_3, built=False>"
4,0.7566539645195007,0.7267175912857056,0.7245489954948425,0.1527581363916397,0.09352078288793564,0.125666081905365,0.7224658727645874,0.07939450442790985,0.15515989065170288,0.7170503735542297,0.08304668217897415,0.7190197110176086,0.0,634.2826538085938,1.623475432395935,632.6591796875,0.0,0.4871794879436493,0.6138408184051514,0.66373211145401,0.10916484147310257,0.017094017937779427,0.04833836853504181,0.7460916042327881,0.04382871463894844,0.07014276832342148,0.6445411443710327,0.0794702023267746,0.6559457182884216,0.0,663.146728515625,5.512977600097656,657.6337280273438,144.0,"<autoencoder name=autoencoder_3, built=False>"
5,0.7840290665626526,0.7485707998275757,0.7468141317367554,0.18950819969177246,0.11095237731933594,0.16038882732391357,0.7453840970993042,0.09192945063114166,0.18194317817687988,0.7361251711845398,0.12013255804777145,0.7417736053466797,0.0,630.6195678710938,1.67695951461792,628.942626953125,0.0,0.6346153616905212,0.631750226020813,0.6750249862670898,0.1599799394607544,0.06137724593281746,0.06158357858657837,0.7678945064544678,0.05226174741983414,0.09701492637395859,0.6635896563529968,0.06557376682758331,0.6742919087409973,1.0,655.6259765625,3.9327757358551025,651.6932373046875,144.0,"<autoencoder name=autoencoder_3, built=False>"
6,0.8068862557411194,0.7666187882423401,0.7618929743766785,0.24066390097141266,0.13461539149284363,0.205967977643013,0.7625117301940918,0.11443746834993362,0.20099592208862305,0.7549004554748535,0.14091937243938446,0.7591270804405212,0.0,627.6639404296875,1.7392487525939941,625.9246826171875,0.0,0.5128205418586731,0.6610758304595947,0.7006514072418213,0.25191816687583923,0.061433445662260056,0.09278350323438644,0.7392024397850037,0.06818182021379471,0.10000000149011612,0.6838829517364502,0.02777777798473835,0.6933000087738037,1.0,650.4053344726562,3.1099061965942383,647.29541015625,144.0,"<autoencoder name=autoencoder_3, built=False>"
7,0.8203125,0.7775430679321289,0.7776867151260376,0.28007519245147705,0.1648000031709671,0.23274336755275726,0.7762317657470703,0.12972292304039001,0.2635534107685089,0.7667993307113647,0.15377359092235565,0.7726767659187317,0.0,625.3674926757812,1.7955689430236816,623.5718994140625,0.0,0.4848484992980957,0.6860193610191345,0.7146503925323486,0.2710413634777069,0.08262108266353607,0.07194244861602783,0.7360920906066895,0.07654494047164917,0.11744966357946396,0.6991580128669739,0.09433962404727936,0.7071908116340637,0.0,647.0990600585938,2.7865092754364014,644.3125610351562,144.0,"<autoencoder name=autoencoder_3, built=False>"
8,0.8343504667282104,0.7890568375587463,0.786730170249939,0.31511253118515015,0.18239660561084747,0.27685949206352234,0.785743772983551,0.1462736427783966,0.25668203830718994,0.7774202823638916,0.1930069923400879,0.7828893065452576,0.0,623.4686279296875,1.912037968635559,621.5565795898438,0.0,0.5116279125213623,0.7078691124916077,0.7195742130279541,0.3434534966945648,0.11135857552289963,0.1666666716337204,0.7257763147354126,0.11415524780750275,0.09110169857740402,0.7137948870658875,0.13265305757522583,0.716056227684021,0.0,643.8079833984375,2.5029170513153076,641.3050537109375,144.0,"<autoencoder name=autoencoder_3, built=False>"
9,0.8177940249443054,0.7983977794647217,0.7961562871932983,0.33043476939201355,0.21792034804821014,0.3205297887325287,0.7920109033584595,0.16932907700538635,0.3145896792411804,0.7856362462043762,0.22857142984867096,0.7913350462913513,0.0,621.856201171875,1.9669909477233887,619.8892211914062,0.0,0.4390243887901306,0.7110891342163086,0.7235715985298157,0.40438246726989746,0.10947712510824203,0.135869562625885,0.7311129570007324,0.10059761255979538,0.10043668001890182,0.7182527184486389,0.15094339847564697,0.7200761437416077,1.0,642.9973754882812,2.4192755222320557,640.578125,144.0,"<autoencoder name=autoencoder_3, built=False>"
10,0.7883237600326538,0.8048369288444519,0.80375075340271,0.37447988986968994,0.2539461553096771,0.34894612431526184,0.8021475076675415,0.20186781883239746,0.31516262888908386,0.7933958172798157,0.27598151564598083,0.7993547916412354,0.0,620.396240234375,2.0459673404693604,618.3502807617188,0.0,0.4873417615890503,0.7089892625808716,0.7260546088218689,0.4749999940395355,0.13333334028720856,0.12987013161182404,0.7425999641418457,0.1162029430270195,0.15202702581882477,0.72722327709198,0.10924369841814041,0.7257628440856934,0.0,641.7371215820312,2.304718017578125,639.4324340820312,144.0,"<autoencoder name=autoencoder_3, built=False>"
11,0.7819548845291138,0.811297595500946,0.8108711242675781,0.3589743673801422,0.2818063497543335,0.42022791504859924,0.8087155818939209,0.20185449719429016,0.3289768397808075,0.8003457188606262,0.3341260552406311,0.8060358166694641,0.0,619.0241088867188,2.132240056991577,616.891845703125,0.0,0.44285714626312256,0.7252501249313354,0.7315314412117004,0.47560974955558777,0.20710058510303497,0.25806450843811035,0.7509828209877014,0.11417322605848312,0.21585160493850708,0.7354143857955933,0.2631579041481018,0.7353086471557617,1.0,639.2071533203125,2.150799036026001,637.0563354492188,144.0,"<autoencoder name=autoencoder_3, built=False>"
12,0.7465833425521851,0.8180861473083496,0.816326379776001,0.4197707772254944,0.3323262929916382,0.45629820227622986,0.8144992589950562,0.26875001192092896,0.36550387740135193,0.8071739673614502,0.36240091919898987,0.8123618364334106,0.0,617.6405029296875,2.2078797817230225,615.4326171875,0.0,0.37890625,0.729285478591919,0.7316924929618835,0.4749034643173218,0.3018433153629303,0.2857142984867096,0.7533021569252014,0.16548041999340057,0.2620578706264496,0.7382761240005493,0.25449103116989136,0.737527072429657,0.0,638.5364379882812,2.0931057929992676,636.443359375,144.0,"<autoencoder name=autoencoder_3, built=False>"
13,0.724056601524353,0.824662983417511,0.8219493627548218,0.3948718011379242,0.34020256996154785,0.4729878604412079,0.8184895515441895,0.2669826149940491,0.3795527219772339,0.8138843178749084,0.3815414011478424,0.8176400661468506,0.0,616.5593872070312,2.3246634006500244,614.2347412109375,0.0,0.3813786804676056,0.7398183941841125,0.7438987493515015,0.5126903653144836,0.27030813694000244,0.30645161867141724,0.7557893395423889,0.15975423157215118,0.2368421107530594,0.7470746040344238,0.30041152238845825,0.745762050151825,0.0,636.2149658203125,1.9885376691818237,634.2264404296875,144.0,"<autoencoder name=autoencoder_3, built=False>"
14,0.7165743708610535,0.8282801508903503,0.8277813196182251,0.4187425971031189,0.366996705532074,0.4803149700164795,0.824272632598877,0.30783241987228394,0.4065230190753937,0.8183291554450989,0.38731059432029724,0.8225073218345642,0.0,615.4110717773438,2.345994234085083,613.0650634765625,0.0,0.3589349687099457,0.7394764423370361,0.7429049611091614,0.4252873659133911,0.24091292917728424,0.27586206793785095,0.75421142578125,0.15006820857524872,0.26923078298568726,0.7499565482139587,0.2960372865200043,0.7450750470161438,0.0,636.9595336914062,2.048224449157715,634.9113159179688,144.0,"<autoencoder name=autoencoder_3, built=False>"
15,0.6858804225921631,0.8328297734260559,0.8312205672264099,0.4358024597167969,0.3796728849411011,0.4948979616165161,0.8285139203071594,0.32676517963409424,0.41973572969436646,0.8238234519958496,0.4227871894836426,0.8266006112098694,0.0,614.4710693359375,2.4378774166107178,612.0332641601562,0.0,0.327394962310791,0.7410916686058044,0.7482726573944092,0.44549763202667236,0.23963963985443115,0.28436020016670227,0.7602729797363281,0.1648854911327362,0.27702704071998596,0.7513179183006287,0.2980295419692993,0.7484586238861084,1.0,636.2752685546875,2.037193775177002,634.2380981445312,144.0,"<autoencoder name=autoencoder_3, built=False>"
16,0.676986038684845,0.8367905616760254,0.8356572389602661,0.44157302379608154,0.39248958230018616,0.5106951594352722,0.8321452140808105,0.3681415915489197,0.4394757151603699,0.8269997239112854,0.4356164336204529,0.8301547765731812,0.0,613.5318603515625,2.4782614707946777,611.0535278320312,0.0,0.35463592410087585,0.7479196190834045,0.7534499168395996,0.4366515874862671,0.27224335074424744,0.28738316893577576,0.7647512555122375,0.1657303422689438,0.27293577790260315,0.7576314806938171,0.34025973081588745,0.7537592053413391,1.0,634.810546875,1.9905540943145752,632.8200073242188,144.0,"<autoencoder name=autoencoder_3, built=False>"
17,0.6590868234634399,0.8413819074630737,0.8404098749160767,0.4380664527416229,0.402314692735672,0.555220901966095,0.8361566662788391,0.35437262058258057,0.4631049931049347,0.8306769132614136,0.4466608762741089,0.8340929746627808,0.0,612.6300659179688,2.5385804176330566,610.091552734375,0.0,0.3503555357456207,0.7489312887191772,0.7579022645950317,0.43157893419265747,0.2539902925491333,0.2705223858356476,0.766838014125824,0.1675213724374771,0.2752085030078888,0.7648348212242126,0.3380952477455139,0.7570993304252625,1.0,634.113037109375,2.00184965133667,632.1112060546875,144.0,"<autoencoder name=autoencoder_3, built=False>"
18,0.6486908793449402,0.8449894189834595,0.8432968854904175,0.4316081404685974,0.4315818250179291,0.5335689187049866,0.8399076461791992,0.4136752188205719,0.4558461904525757,0.8350512981414795,0.46486929059028625,0.8374201655387878,0.0,611.783935546875,2.6129863262176514,609.1708984375,0.0,0.37089407444000244,0.7493646740913391,0.7592191696166992,0.41351351141929626,0.25672560930252075,0.29389312863349915,0.7695838212966919,0.19207316637039185,0.2752225399017334,0.7655076384544373,0.28535354137420654,0.7585257887840271,0.0,633.8507690429688,2.0213310718536377,631.8294067382812,144.0,"<autoencoder name=autoencoder_3, built=False>"
19,0.6461868286132812,0.8491200804710388,0.847676157951355,0.46587806940078735,0.43828263878822327,0.5634191036224365,0.8429336547851562,0.4080221354961395,0.4728212058544159,0.8380984663963318,0.46496814489364624,0.8407759070396423,0.0,610.8804321289062,2.663846969604492,608.216552734375,0.0,0.36840155720710754,0.7526044845581055,0.764737606048584,0.3871733844280243,0.253183513879776,0.29568788409233093,0.7723624110221863,0.19806763529777527,0.2747404873371124,0.7678605914115906,0.33043476939201355,0.7616913318634033,0.0,633.0850219726562,2.012446880340576,631.0725708007812,144.0,"<autoencoder name=autoencoder_3, built=False>"
20,0.6439304947853088,0.8513221740722656,0.851082980632782,0.4643799364566803,0.45104894042015076,0.5256822109222412,0.8477969169616699,0.4351198971271515,0.4824056327342987,0.8416720628738403,0.49007147550582886,0.8441335558891296,0.0,610.107421875,2.7256977558135986,607.3817138671875,0.0,0.3778432309627533,0.7596041560173035,0.7693838477134705,0.3963691294193268,0.25934189558029175,0.2958015203475952,0.7716019749641418,0.19157087802886963,0.28863346576690674,0.772501528263092,0.301075279712677,0.7649678587913513,1.0,632.27490234375,2.009524345397949,630.265380859375,144.0,"<autoencoder name=autoencoder_3, built=False>"
21,0.6320464015007019,0.854485809803009,0.8533117175102234,0.4498480260372162,0.45278969407081604,0.5697569847106934,0.8497534990310669,0.4477351903915405,0.4900178015232086,0.8448189496994019,0.4968051016330719,0.8462411165237427,0.0,609.4085083007812,2.749497413635254,606.6589965820312,0.0,0.36259913444519043,0.7591881155967712,0.7716522812843323,0.38733431696891785,0.2680130898952484,0.2705882489681244,0.7758082151412964,0.2039877325296402,0.3011152446269989,0.7699385285377502,0.30458715558052063,0.7655234932899475,0.0,632.1699829101562,2.024585485458374,630.1454467773438,144.0,"<autoencoder name=autoencoder_3, built=False>"
22,0.6306253671646118,0.8581234216690063,0.856755256652832,0.49345651268959045,0.4745612144470215,0.5473126173019409,0.8533709049224854,0.4595060348510742,0.5070422291755676,0.8471782207489014,0.49085983633995056,0.8493066430091858,0.0,608.7417602539062,2.829984188079834,605.9117431640625,0.0,0.3820022940635681,0.7604257464408875,0.7719721794128418,0.36164382100105286,0.25688931345939636,0.27272728085517883,0.7751234769821167,0.20416666567325592,0.286255419254303,0.7757322788238525,0.29646018147468567,0.7668284773826599,1.0,631.8685913085938,2.0610859394073486,629.8074951171875,144.0,"<autoencoder name=autoencoder_3, built=False>"
23,0.6301259398460388,0.8608645796775818,0.8588919043540955,0.5003445744514465,0.48539096117019653,0.5584415793418884,0.856462836265564,0.47001713514328003,0.5334367156028748,0.8509738445281982,0.48567530512809753,0.8521448373794556,0.0,607.9321899414062,2.8547377586364746,605.0774536132812,0.0,0.37334713339805603,0.7634009718894958,0.7778822779655457,0.3795093894004822,0.2887931168079376,0.3019999861717224,0.7782779335975647,0.21989528834819794,0.29024675488471985,0.7780864834785461,0.32287824153900146,0.7703216075897217,1.0,631.150146484375,2.0740418434143066,629.0761108398438,144.0,"<autoencoder name=autoencoder_3, built=False>"
24,0.6296916604042053,0.8644835352897644,0.8630722761154175,0.4761298596858978,0.4858025908470154,0.5415531396865845,0.8590088486671448,0.4957805871963501,0.5211936235427856,0.8541520833969116,0.511225163936615,0.855025589466095,0.0,607.2224731445312,2.900693655014038,604.3218383789062,0.0,0.3889886438846588,0.7634126543998718,0.7756208181381226,0.3529411852359772,0.2549537718296051,0.29674795269966125,0.7797828316688538,0.2148241251707077,0.29431599378585815,0.7783899903297424,0.3138801157474518,0.7700746655464172,0.0,631.2510986328125,2.081587791442871,629.1694946289062,144.0,"<autoencoder name=autoencoder_3, built=False>"
25,0.6276840567588806,0.8660933971405029,0.8659789562225342,0.5106245875358582,0.5109624862670898,0.579218864440918,0.8620217442512512,0.49197593331336975,0.5397602319717407,0.8567842841148376,0.5242080092430115,0.8574909567832947,0.0,606.5899658203125,2.962663412094116,603.6272583007812,0.0,0.36864835023880005,0.7611339092254639,0.7718368172645569,0.37347930669784546,0.2822120785713196,0.2998102605342865,0.7799985408782959,0.220095694065094,0.2888666093349457,0.77450031042099,0.30623817443847656,0.7671928405761719,1.0,632.6190185546875,2.1551284790039062,630.4638671875,144.0,"<autoencoder name=autoencoder_3, built=False>"
26,0.6345872282981873,0.8690292835235596,0.8674659132957458,0.5108827352523804,0.5158450603485107,0.5530914068222046,0.8631323575973511,0.4993147552013397,0.5485814213752747,0.8583441376686096,0.5313211679458618,0.8590726852416992,0.0,606.1385498046875,2.980665922164917,603.1578979492188,0.0,0.35472628474235535,0.7620848417282104,0.7772335410118103,0.3501228392124176,0.2722449004650116,0.31608134508132935,0.7820138335227966,0.2401847541332245,0.28103145956993103,0.7787380814552307,0.28973278403282166,0.7694941163063049,0.0,631.962646484375,2.125063419342041,629.8375244140625,144.0,"<autoencoder name=autoencoder_3, built=False>"
27,0.6318923234939575,0.8716011643409729,0.8704829216003418,0.5224049687385559,0.5205739736557007,0.5818058252334595,0.866888701915741,0.5197974443435669,0.5623611807823181,0.8614354133605957,0.5410299897193909,0.8620417714118958,0.0,605.2953491210938,2.994845151901245,602.3004760742188,0.0,0.3652995228767395,0.7675065398216248,0.7812625169754028,0.31841832399368286,0.2713526785373688,0.3127962052822113,0.7860491871833801,0.24046920239925385,0.30690640211105347,0.7823593616485596,0.29483282566070557,0.7736578583717346,1.0,630.513916015625,2.104996919631958,628.408935546875,144.0,"<autoencoder name=autoencoder_3, built=False>"
28,0.6321197152137756,0.8741907477378845,0.8724119663238525,0.5217871069908142,0.5318599939346313,0.5791434049606323,0.8695655465126038,0.5363984704017639,0.5586930513381958,0.864682137966156,0.5282555222511292,0.8643268346786499,0.0,604.7317504882812,3.091813325881958,601.6399536132812,0.0,0.36498576402664185,0.7594422101974487,0.7803595066070557,0.35535308718681335,0.2762148380279541,0.2857142984867096,0.7814139723777771,0.25766175985336304,0.2844262421131134,0.7735647559165955,0.28233659267425537,0.7686416506767273,1.0,633.07275390625,2.174406051635742,630.8983764648438,144.0,"<autoencoder name=autoencoder_3, built=False>"
29,0.629911482334137,0.8758983016014099,0.875512957572937,0.5344086289405823,0.540591299533844,0.5645933151245117,0.8718775510787964,0.5424354076385498,0.5649441480636597,0.8665130138397217,0.544234573841095,0.8663076758384705,0.0,604.1124267578125,3.081792116165161,601.030517578125,0.0,0.36348408460617065,0.7699153423309326,0.7854127883911133,0.33984798192977905,0.2888520658016205,0.34456929564476013,0.783744752407074,0.2686253786087036,0.303605318069458,0.7855640649795532,0.2895752787590027,0.7755184769630432,0.0,630.623291015625,2.130756378173828,628.4925537109375,144.0,"<autoencoder name=autoencoder_3, built=False>"
30,0.6399127244949341,0.8776660561561584,0.8776489496231079,0.5563488006591797,0.5411301255226135,0.5901145339012146,0.873049259185791,0.5537961721420288,0.5772241950035095,0.8694860339164734,0.5655818581581116,0.8684618473052979,0.0,603.5923461914062,3.138641357421875,600.4536743164062,0.0,0.35758981108665466,0.7712441682815552,0.7863296866416931,0.3366434872150421,0.273345947265625,0.33524903655052185,0.7882316708564758,0.2693920433521271,0.3043803870677948,0.7858666181564331,0.313570499420166,0.7767098546028137,1.0,630.5783081054688,2.1643056869506836,628.4140014648438,144.0,"<autoencoder name=autoencoder_3, built=False>"
31,0.6380718350410461,0.880046010017395,0.8790441751480103,0.543039858341217,0.5483357310295105,0.5859728455543518,0.8753584027290344,0.5495291948318481,0.5643004179000854,0.8705359697341919,0.5509846806526184,0.8698402643203735,0.0,603.1786499023438,3.1304078102111816,600.04833984375,0.0,0.35308924317359924,0.763656497001648,0.7863168716430664,0.33301159739494324,0.2875969111919403,0.3172541856765747,0.7852818965911865,0.2682403326034546,0.3218167722225189,0.7796626091003418,0.3096514642238617,0.7724987268447876,0.0,632.3817749023438,2.2165935039520264,630.1651611328125,144.0,"<autoencoder name=autoencoder_3, built=False>"
32,0.6348307728767395,0.8808759450912476,0.8803502917289734,0.5568591952323914,0.5555239319801331,0.5963197350502014,0.8766714930534363,0.5380549430847168,0.5978347063064575,0.8723846673965454,0.582443118095398,0.8710858225822449,0.0,602.6814575195312,3.151185989379883,599.5302734375,0.0,0.3573552966117859,0.7719706296920776,0.7907679677009583,0.3353658616542816,0.27039554715156555,0.27225807309150696,0.7901544570922852,0.26843658089637756,0.31366458535194397,0.7863520383834839,0.33017876744270325,0.7780488133430481,1.0,630.3724975585938,2.194814682006836,628.1776733398438,144.0,"<autoencoder name=autoencoder_3, built=False>"
33,0.6447466015815735,0.8839936852455139,0.8835431933403015,0.5805352926254272,0.5691648721694946,0.582394003868103,0.8797929883003235,0.5788530707359314,0.5893102884292603,0.8757422566413879,0.5725422501564026,0.8742973208427429,0.0,601.9950561523438,3.229487419128418,598.765625,0.0,0.3404708206653595,0.7745230793952942,0.7884129285812378,0.32830187678337097,0.28526970744132996,0.2801608443260193,0.7855145335197449,0.2607973515987396,0.30022868514060974,0.7827878594398499,0.2749752700328827,0.7752517461776733,0.0,631.653564453125,2.2569515705108643,629.3966064453125,144.0,"<autoencoder name=autoencoder_3, built=False>"
34,0.6436731219291687,0.8867087364196777,0.8857137560844421,0.5678784847259521,0.5687126517295837,0.617908775806427,0.8803883790969849,0.5715827345848083,0.6049429178237915,0.8764862418174744,0.5964601635932922,0.8757355809211731,0.0,601.5350952148438,3.204481840133667,598.3306274414062,0.0,0.3314555287361145,0.7720856666564941,0.7915995121002197,0.3316953182220459,0.27192723751068115,0.2811296582221985,0.792304515838623,0.2538580298423767,0.2831120789051056,0.7842211127281189,0.3006756901741028,0.776705801486969,1.0,631.2576293945312,2.238175630569458,629.0194091796875,144.0,"<autoencoder name=autoencoder_3, built=False>"
35,0.6498615741729736,0.8874914050102234,0.8872596025466919,0.5755333304405212,0.5777629613876343,0.6100528836250305,0.8835645318031311,0.5853416919708252,0.6069826483726501,0.8793796896934509,0.5884120464324951,0.8778162002563477,0.0,601.0294189453125,3.2482564449310303,597.7811889648438,0.0,0.35556331276893616,0.7751390933990479,0.7902274131774902,0.2895493805408478,0.2756838798522949,0.2684210538864136,0.7890788316726685,0.2694980800151825,0.2799151837825775,0.7845026254653931,0.3185035288333893,0.7772377133369446,1.0,631.3406372070312,2.256861448287964,629.0838012695312,144.0,"<autoencoder name=autoencoder_3, built=False>"
36,0.6498714685440063,0.8894475102424622,0.8889402747154236,0.5706611275672913,0.5787168145179749,0.6287392973899841,0.8855277299880981,0.588844358921051,0.6105048656463623,0.8803279399871826,0.5885496139526367,0.8792101740837097,0.0,600.5725708007812,3.2716782093048096,597.3009033203125,0.0,0.33738747239112854,0.7716282606124878,0.7848703265190125,0.3110749125480652,0.2714642882347107,0.28891655802726746,0.7843768000602722,0.25210729241371155,0.29551374912261963,0.7858323454856873,0.3115183115005493,0.7731180787086487,0.0,633.1104736328125,2.322974681854248,630.7874755859375,144.0,"<autoencoder name=autoencoder_3, built=False>"
37,0.6521911025047302,0.8905869126319885,0.8893605470657349,0.6018795371055603,0.5858079195022583,0.6116600632667542,0.8855667114257812,0.6022063493728638,0.6101201176643372,0.881091296672821,0.6025437116622925,0.8798611760139465,0.0,600.33544921875,3.2653489112854004,597.070068359375,0.0,0.3436497449874878,0.7718026638031006,0.7863786816596985,0.31306490302085876,0.2685016989707947,0.2975098192691803,0.7864052653312683,0.2579338252544403,0.2755579948425293,0.788225531578064,0.31790122389793396,0.7747782468795776,1.0,632.7651977539062,2.300687313079834,630.4645385742188,144.0,"<autoencoder name=autoencoder_3, built=False>"
38,0.6537213325500488,0.8923818469047546,0.890622079372406,0.5871743559837341,0.5932849645614624,0.6284999847412109,0.888188898563385,0.594775378704071,0.6206661462783813,0.8828312754631042,0.609912097454071,0.8815665245056152,0.0,599.822021484375,3.275238037109375,596.546875,0.0,0.34967878460884094,0.7697161436080933,0.7910601496696472,0.29160305857658386,0.27701830863952637,0.31578946113586426,0.7898571491241455,0.2722627818584442,0.30049261450767517,0.7869988679885864,0.30734360218048096,0.7762374877929688,0.0,632.754638671875,2.319147825241089,630.4354858398438,144.0,"<autoencoder name=autoencoder_3, built=False>"
39,0.6570222973823547,0.8948500752449036,0.8926602602005005,0.6112026572227478,0.6037872433662415,0.6208053827285767,0.8891354203224182,0.6142769455909729,0.6172191500663757,0.8850867748260498,0.6115427017211914,0.8833823800086975,0.0,599.3424682617188,3.311702013015747,596.03076171875,0.0,0.33251485228538513,0.7744070887565613,0.7934396266937256,0.3115108013153076,0.2624601125717163,0.28312569856643677,0.7932358980178833,0.23568575084209442,0.2646225094795227,0.7905426621437073,0.3121272325515747,0.7784415483474731,0.0,632.1377563476562,2.3393235206604004,629.7984619140625,144.0,"<autoencoder name=autoencoder_3, built=False>"
40,0.6638079285621643,0.8949931859970093,0.8944247961044312,0.6025592684745789,0.595862090587616,0.6320076584815979,0.8916016221046448,0.6151012778282166,0.6258423328399658,0.8865666389465332,0.6249053478240967,0.8849109411239624,0.0,598.9125366210938,3.3150205612182617,595.5975341796875,0.0,0.3417881429195404,0.7753859758377075,0.790564239025116,0.3141559362411499,0.2606017589569092,0.302752286195755,0.7896770238876343,0.25335776805877686,0.27757158875465393,0.7932466864585876,0.30513307452201843,0.7778991460800171,0.0,632.080078125,2.3264594078063965,629.7536010742188,144.0,"<autoencoder name=autoencoder_3, built=False>"
41,0.6620437502861023,0.8969584107398987,0.8956002593040466,0.6074627041816711,0.6148673295974731,0.6317739486694336,0.8925500512123108,0.6150712966918945,0.6389590501785278,0.887180745601654,0.630746066570282,0.8860506415367126,0.0,598.5870971679688,3.3497140407562256,595.2373046875,0.0,0.33154094219207764,0.7778403162956238,0.7954442501068115,0.3109756112098694,0.25119203329086304,0.2639198303222656,0.7924063801765442,0.26690182089805603,0.27074959874153137,0.7909578680992126,0.3315555453300476,0.7787995338439941,1.0,631.91845703125,2.3553521633148193,629.5631103515625,144.0,"<autoencoder name=autoencoder_3, built=False>"
42,0.6656205058097839,0.898284375667572,0.8965497612953186,0.616154134273529,0.6152071356773376,0.6332703232765198,0.8929987549781799,0.6253758072853088,0.6389538645744324,0.8889518976211548,0.6285315752029419,0.8871011734008789,0.0,598.26171875,3.3222408294677734,594.9395141601562,0.0,0.3178883492946625,0.7750422358512878,0.7942867875099182,0.32014134526252747,0.2663944363594055,0.28632479906082153,0.793933629989624,0.25806450843811035,0.27462396025657654,0.7882819175720215,0.3150039315223694,0.7769409418106079,0.0,633.14501953125,2.4163732528686523,630.7286376953125,144.0,"<autoencoder name=autoencoder_3, built=False>"
43,0.6640847325325012,0.8998993635177612,0.8986243009567261,0.625093936920166,0.6166760325431824,0.6418048143386841,0.895032525062561,0.656770646572113,0.6418589949607849,0.8903460502624512,0.6304270029067993,0.8887280225753784,0.0,597.7943725585938,3.370270252227783,594.424072265625,0.0,0.3296060562133789,0.7717530727386475,0.7941442728042603,0.31871727108955383,0.26847919821739197,0.2518656849861145,0.7962359189987183,0.2498563975095749,0.279904305934906,0.7905179262161255,0.3333333432674408,0.7776141166687012,1.0,633.0476684570312,2.4002106189727783,630.6474609375,144.0,"<autoencoder name=autoencoder_3, built=False>"
44,0.6699399352073669,0.9006530046463013,0.8998863101005554,0.6374813914299011,0.6396788954734802,0.6520522236824036,0.8966698050498962,0.6326245069503784,0.6526148915290833,0.8916352391242981,0.6530686020851135,0.89018714427948,0.0,597.4276733398438,3.396510362625122,594.03125,0.0,0.3350972831249237,0.7728989124298096,0.7913718223571777,0.29647547006607056,0.268248587846756,0.2943143844604492,0.7957174777984619,0.23918992280960083,0.2735100984573364,0.7917228937149048,0.3301204741001129,0.7777382731437683,1.0,633.4916381835938,2.389399766921997,631.1022338867188,144.0,"<autoencoder name=autoencoder_3, built=False>"
45,0.6708917617797852,0.9022242426872253,0.9001838564872742,0.6260302066802979,0.6384431719779968,0.6506787538528442,0.8977653384208679,0.631321370601654,0.6479747891426086,0.8938949108123779,0.6491107940673828,0.8911569118499756,0.0,597.0762939453125,3.4027044773101807,593.673583984375,0.0,0.321536660194397,0.7740983963012695,0.7921135425567627,0.2846420407295227,0.2517247796058655,0.24850042164325714,0.7939530611038208,0.2692071199417114,0.2689758539199829,0.792367160320282,0.30645161867141724,0.7762289643287659,1.0,633.851806640625,2.4166674613952637,631.4351196289062,144.0,"<autoencoder name=autoencoder_3, built=False>"
46,0.6817525029182434,0.9038819074630737,0.9024978280067444,0.6331179738044739,0.6362568140029907,0.653130292892456,0.8994400501251221,0.6510603427886963,0.6571284532546997,0.8933428525924683,0.6562713980674744,0.8926422595977783,0.0,596.7119140625,3.4091951847076416,593.302734375,0.0,0.32803773880004883,0.7745031714439392,0.7928942441940308,0.27997565269470215,0.27040523290634155,0.2575366199016571,0.7980213761329651,0.26037928462028503,0.2767200469970703,0.7949641346931458,0.3243967890739441,0.7785400748252869,0.0,633.0003051757812,2.3816988468170166,630.61865234375,144.0,"<autoencoder name=autoencoder_3, built=False>"
47,0.6755661964416504,0.9040220975875854,0.902193546295166,0.6487991809844971,0.6384350657463074,0.6601307392120361,0.8998618125915527,0.6434026956558228,0.6617252230644226,0.8948467969894409,0.6499156951904297,0.8928673267364502,0.0,596.504638671875,3.3962135314941406,593.1085205078125,0.0,0.3245325982570648,0.778558611869812,0.7975851893424988,0.2857142984867096,0.26257508993148804,0.2676190435886383,0.795027494430542,0.2568511664867401,0.2747252881526947,0.7936720848083496,0.3078024387359619,0.7793353796005249,0.0,633.0559692382812,2.4120795726776123,630.6439208984375,144.0,"<autoencoder name=autoencoder_3, built=False>"
48,0.6780564785003662,0.9054734110832214,0.9039508700370789,0.640347957611084,0.6440156698226929,0.6661059856414795,0.9013432264328003,0.640282154083252,0.6683402061462402,0.8969681859016418,0.6502463221549988,0.8945292234420776,0.0,596.103759765625,3.427544355392456,592.6762084960938,0.0,0.32641950249671936,0.7774664759635925,0.7966145873069763,0.2889403700828552,0.26059532165527344,0.25196850299835205,0.7959048748016357,0.2689768970012665,0.26413553953170776,0.7881746292114258,0.29634642601013184,0.7782256007194519,1.0,633.836669921875,2.4371178150177,631.3995361328125,144.0,"<autoencoder name=autoencoder_3, built=False>"
49,0.6874486804008484,0.9062550067901611,0.9052326083183289,0.6427657008171082,0.6496095061302185,0.6706810593605042,0.9020732641220093,0.6550377607345581,0.6708775162696838,0.897514820098877,0.670499324798584,0.8954983949661255,0.0,595.7429809570312,3.422872543334961,592.3201293945312,0.0,0.3322675824165344,0.7800284624099731,0.8001061081886292,0.311557799577713,0.27791067957878113,0.2653658390045166,0.7961855530738831,0.27159827947616577,0.2856224477291107,0.7914251089096069,0.3199741542339325,0.7807592153549194,0.0,633.2625732421875,2.4133734703063965,630.8492431640625,144.0,"<autoencoder name=autoencoder_3, built=False>"
50,0.6845566034317017,0.9078717231750488,0.9061855673789978,0.6648802161216736,0.6591300964355469,0.6764234304428101,0.9037380218505859,0.6609032154083252,0.6730191707611084,0.8983771204948425,0.6684898138046265,0.8965830206871033,0.0,595.4635009765625,3.459066390991211,592.0044555664062,0.0,0.3264296352863312,0.7781931161880493,0.8026648759841919,0.277147501707077,0.2625959813594818,0.25104254484176636,0.7969349026679993,0.25901639461517334,0.26547136902809143,0.7929624319076538,0.31443995237350464,0.7805313467979431,1.0,633.472412109375,2.4344980716705322,631.0379028320312,144.0,"<autoencoder name=autoencoder_3, built=False>"
51,0.6899949908256531,0.9082979559898376,0.9073420763015747,0.6688061356544495,0.6590656638145447,0.6742233633995056,0.9050105214118958,0.6712435483932495,0.6870918273925781,0.9003591537475586,0.6844832897186279,0.8980759382247925,0.0,595.1360473632812,3.451110363006592,591.6849975585938,0.0,0.33127790689468384,0.778235673904419,0.8008604645729065,0.29970502853393555,0.26527050137519836,0.2571684718132019,0.7959656715393066,0.2578083574771881,0.2673688530921936,0.7916998267173767,0.29395791888237,0.7798851132392883,1.0,634.0992431640625,2.4468491077423096,631.6524047851562,144.0,"<autoencoder name=autoencoder_3, built=False>"
52,0.6932530403137207,0.9099735617637634,0.9080893397331238,0.6679365038871765,0.6624315977096558,0.6788235306739807,0.9054429531097412,0.6744243502616882,0.6871388554573059,0.9014706611633301,0.6883604526519775,0.8988866806030273,0.0,594.8297729492188,3.4714603424072266,591.3582763671875,0.0,0.32453638315200806,0.7743823528289795,0.8003420233726501,0.30649638175964355,0.282539039850235,0.2774193584918976,0.7967424392700195,0.2647368311882019,0.2928335964679718,0.7896901369094849,0.32283464074134827,0.7785729169845581,1.0,635.1672973632812,2.4735801219940186,632.6936645507812,144.0,"<autoencoder name=autoencoder_3, built=False>"
53,0.693599283695221,0.9104453325271606,0.9095309376716614,0.6705701351165771,0.6730026602745056,0.6967715620994568,0.9072191715240479,0.6710298657417297,0.6853184700012207,0.9015857577323914,0.6968944072723389,0.899811327457428,0.0,594.5869750976562,3.46791672706604,591.1190795898438,0.0,0.31898733973503113,0.777020275592804,0.8006843328475952,0.29988399147987366,0.2730939984321594,0.2747156620025635,0.7973035573959351,0.26427406072616577,0.27637889981269836,0.7942416071891785,0.3130137026309967,0.7800499200820923,0.0,634.4360961914062,2.469785690307617,631.96630859375,144.0,"<autoencoder name=autoencoder_3, built=False>"
54,0.6861001253128052,0.9119239449501038,0.9104436039924622,0.6805016398429871,0.6721629500389099,0.6848030090332031,0.9076011180877686,0.6802855134010315,0.694452166557312,0.9028782248497009,0.6830199956893921,0.9004831314086914,0.0,594.303466796875,3.502095937728882,590.8013916015625,0.0,0.3176654875278473,0.7798793911933899,0.8039335012435913,0.28180354833602905,0.2660324275493622,0.25121164321899414,0.7985682487487793,0.24964404106140137,0.2669453024864197,0.7935608625411987,0.27623000741004944,0.7805129885673523,1.0,634.1573486328125,2.504974842071533,631.6524047851562,144.0,"<autoencoder name=autoencoder_3, built=False>"
55,0.7034677267074585,0.9124370813369751,0.9112696647644043,0.6767857074737549,0.6859240531921387,0.6963371634483337,0.9081563949584961,0.6869331002235413,0.6907817721366882,0.9039831161499023,0.70399010181427,0.901825487613678,0.0,593.9851684570312,3.4986352920532227,590.4865112304688,0.0,0.30757027864456177,0.7798373699188232,0.8054009675979614,0.2881646752357483,0.2725785970687866,0.24551387131214142,0.7970473766326904,0.24645297229290009,0.2653888761997223,0.7930572032928467,0.3018493950366974,0.77993243932724,0.0,634.66943359375,2.518394708633423,632.1510009765625,144.0,"<autoencoder name=autoencoder_3, built=False>"
56,0.7016297578811646,0.9136263728141785,0.9125551581382751,0.6852777004241943,0.6796714663505554,0.7051823139190674,0.9098092317581177,0.6884859800338745,0.6989921927452087,0.9046279191970825,0.6942840814590454,0.9026923775672913,0.0,593.6715698242188,3.483905792236328,590.1876831054688,0.0,0.3128872811794281,0.78127121925354,0.8016778826713562,0.2964496910572052,0.2771197557449341,0.251775860786438,0.7987450957298279,0.27379053831100464,0.28253909945487976,0.7953345775604248,0.30513784289360046,0.7810113430023193,1.0,635.3673706054688,2.5571439266204834,632.8102416992188,144.0,"<autoencoder name=autoencoder_3, built=False>"
57,0.7024296522140503,0.914864182472229,0.9137768149375916,0.6880466341972351,0.6896746158599854,0.6992201805114746,0.9114269018173218,0.7041128277778625,0.7110131978988647,0.9060472846031189,0.7163013815879822,0.9041420817375183,0.0,593.291748046875,3.5133025646209717,589.7783813476562,0.0,0.3152832090854645,0.7793772220611572,0.800519585609436,0.301809698343277,0.25944405794143677,0.23153527081012726,0.7982446551322937,0.2469850480556488,0.2597104609012604,0.7956936359405518,0.2920696437358856,0.7800118923187256,0.0,635.532470703125,2.5932507514953613,632.9392700195312,144.0,"<autoencoder name=autoencoder_3, built=False>"
58,0.7040539979934692,0.9160817265510559,0.915103554725647,0.6856399774551392,0.6860529184341431,0.7231245040893555,0.9116902947425842,0.6982778310775757,0.7102738618850708,0.9079738259315491,0.695159912109375,0.9051637649536133,0.0,593.0556640625,3.561467409133911,589.494140625,0.0,0.3322845995426178,0.7787200808525085,0.8001288175582886,0.29176202416419983,0.26957860589027405,0.2703412175178528,0.8009957671165466,0.27287065982818604,0.27577710151672363,0.7960300445556641,0.31997281312942505,0.7816734313964844,0.0,635.5969848632812,2.5588390827178955,633.0380859375,144.0,"<autoencoder name=autoencoder_3, built=False>"
59,0.7087409496307373,0.916384220123291,0.9151849150657654,0.7029427886009216,0.6867668628692627,0.7175716161727905,0.91221684217453,0.6983791589736938,0.709519624710083,0.9079897403717041,0.7138254046440125,0.9055500030517578,0.0,592.83154296875,3.5056095123291016,589.325927734375,0.0,0.3238517642021179,0.7798745632171631,0.801398754119873,0.2712671160697937,0.2716026306152344,0.25249168276786804,0.7990063428878784,0.2551173269748688,0.2740838825702667,0.7962207794189453,0.3086796998977661,0.7810665965080261,1.0,636.1356811523438,2.562791109085083,633.5729370117188,144.0,"<autoencoder name=autoencoder_3, built=False>"
60,0.7103812098503113,0.917503833770752,0.9166759252548218,0.7122777104377747,0.7054756879806519,0.7100358605384827,0.9139266014099121,0.7185099124908447,0.7110409140586853,0.9091235399246216,0.7120478749275208,0.9068881273269653,0.0,592.5078125,3.5613179206848145,588.946533203125,0.0,0.32972222566604614,0.7819840312004089,0.7989972233772278,0.3061991333961487,0.27702176570892334,0.28145694732666016,0.7978453040122986,0.25279849767684937,0.2669699788093567,0.7945927977561951,0.33582088351249695,0.780654788017273,0.0,637.003173828125,2.6142005920410156,634.388916015625,144.0,"<autoencoder name=autoencoder_3, built=False>"
61,0.7122296094894409,0.9177849292755127,0.916300356388092,0.7079028487205505,0.7045353055000305,0.7309384346008301,0.9141330122947693,0.7055814862251282,0.7190973162651062,0.9101126790046692,0.717070460319519,0.9071746468544006,0.0,592.3322143554688,3.5154504776000977,588.8167114257812,0.0,0.3286849856376648,0.7824859619140625,0.7974026203155518,0.30405405163764954,0.27540212869644165,0.2685765326023102,0.7943179607391357,0.252020925283432,0.265472948551178,0.7942631244659424,0.30059880018234253,0.77946937084198,1.0,638.0601196289062,2.657228469848633,635.4028930664062,144.0,"<autoencoder name=autoencoder_3, built=False>"
62,0.7146316170692444,0.9183721542358398,0.9177611470222473,0.7065967321395874,0.711074709892273,0.7280088067054749,0.9145398139953613,0.7104622721672058,0.7162771224975586,0.9112178683280945,0.7333517670631409,0.9081238508224487,0.0,592.0853881835938,3.523607015609741,588.561767578125,0.0,0.32831770181655884,0.7834314107894897,0.8033570051193237,0.30834856629371643,0.27711063623428345,0.2869490087032318,0.7970263957977295,0.2651851773262024,0.26537519693374634,0.7947683930397034,0.3187499940395355,0.7813378572463989,0.0,636.8281860351562,2.6250593662261963,634.203125,144.0,"<autoencoder name=autoencoder_3, built=False>"
63,0.7198399901390076,0.9194393157958984,0.9192598462104797,0.7035457491874695,0.7146261930465698,0.7146367430686951,0.9160905480384827,0.7285905480384827,0.7250126600265503,0.9115599393844604,0.7276490330696106,0.909282922744751,0.0,591.820556640625,3.596909761428833,588.2235717773438,0.0,0.31661173701286316,0.7855451703071594,0.8035807013511658,0.2951095998287201,0.2634618580341339,0.24016854166984558,0.797656774520874,0.2661654055118561,0.26743975281715393,0.7966558933258057,0.3056516647338867,0.7813929915428162,1.0,636.588623046875,2.594909191131592,633.9937133789062,144.0,"<autoencoder name=autoencoder_3, built=False>"
64,0.7235680222511292,0.9201071858406067,0.9199521541595459,0.7114372849464417,0.7061598896980286,0.7367868423461914,0.9172533750534058,0.7188940048217773,0.7198488116264343,0.912636399269104,0.7284953594207764,0.9101464152336121,0.0,591.5648193359375,3.537234306335449,588.027587890625,0.0,0.31359580159187317,0.7849786877632141,0.8029835820198059,0.29942527413368225,0.2748263478279114,0.2632034718990326,0.7976117730140686,0.2482501119375229,0.26537275314331055,0.7953224778175354,0.30558931827545166,0.7811329960823059,1.0,637.0006103515625,2.604437828063965,634.3961791992188,144.0,"<autoencoder name=autoencoder_3, built=False>"
65,0.7177144289016724,0.9212712645530701,0.9199924468994141,0.7173796892166138,0.7189457416534424,0.7262685298919678,0.9174195528030396,0.7259369492530823,0.7382998466491699,0.9134114384651184,0.740668535232544,0.9105614423751831,0.0,591.3601684570312,3.5472824573516846,587.8129272460938,0.0,0.3073734939098358,0.7836531400680542,0.8025255799293518,0.27147766947746277,0.2575485408306122,0.23555888235569,0.7977341413497925,0.24142539501190186,0.26073724031448364,0.7992222905158997,0.2812328040599823,0.7804321646690369,0.0,637.0147094726562,2.6132705211639404,634.4014282226562,144.0,"<autoencoder name=autoencoder_3, built=False>"
66,0.727388322353363,0.9217185974121094,0.920641303062439,0.7266982793807983,0.7248744964599609,0.7389655113220215,0.9177668690681458,0.7420271039009094,0.730015218257904,0.9136849641799927,0.7382854223251343,0.9112398624420166,0.0,591.1024169921875,3.56597900390625,587.5365600585938,0.0,0.30589091777801514,0.7884489893913269,0.8051818609237671,0.28752535581588745,0.26787495613098145,0.24626334011554718,0.8006752133369446,0.2641002833843231,0.25505873560905457,0.8010691404342651,0.2985571622848511,0.7827090620994568,0.0,635.9338989257812,2.573259115219116,633.3606567382812,144.0,"<autoencoder name=autoencoder_3, built=False>"
67,0.7260169386863708,0.9223004579544067,0.9208272695541382,0.7267363667488098,0.7238747477531433,0.7543671727180481,0.9188202023506165,0.7318794131278992,0.738966703414917,0.9149408936500549,0.7425979971885681,0.9119170308113098,0.0,591.0021362304688,3.552462339401245,587.4496459960938,0.0,0.305557519197464,0.7858020067214966,0.8049380779266357,0.27049583196640015,0.25891369581222534,0.23283793032169342,0.8006200194358826,0.24910873174667358,0.2553025484085083,0.7987242937088013,0.2907683849334717,0.7813220620155334,0.0,636.6809692382812,2.609567880630493,634.0714111328125,144.0,"<autoencoder name=autoencoder_3, built=False>"
68,0.7275386452674866,0.9225158095359802,0.9221000671386719,0.7260202765464783,0.7246437668800354,0.7366451025009155,0.9197210073471069,0.7314178347587585,0.7334550023078918,0.9155615568161011,0.7450199127197266,0.9125620722770691,0.0,590.7467651367188,3.586217164993286,587.1605224609375,0.0,0.3019670248031616,0.7863886952400208,0.8052187561988831,0.2778970003128052,0.2605338394641876,0.24047954380512238,0.7981141805648804,0.2510213255882263,0.257359117269516,0.7993424534797668,0.3226950466632843,0.7813824415206909,1.0,637.5280151367188,2.628736972808838,634.8992919921875,144.0,"<autoencoder name=autoencoder_3, built=False>"
69,0.7315360903739929,0.9237934947013855,0.9231492877006531,0.7304279804229736,0.7301573753356934,0.7398400902748108,0.9204918742179871,0.7484089732170105,0.7453183531761169,0.9164576530456543,0.743915319442749,0.9136800765991211,0.0,590.3673706054688,3.5700368881225586,586.7973022460938,0.0,0.2960250675678253,0.7851064205169678,0.8006888628005981,0.2730923593044281,0.2570411264896393,0.21989861130714417,0.7971426248550415,0.24905183911323547,0.24658596515655518,0.7968413233757019,0.2737349271774292,0.7780284881591797,0.0,639.3843994140625,2.6885945796966553,636.6957397460938,144.0,"<autoencoder name=autoencoder_3, built=False>"
70,0.7299608588218689,0.9248976111412048,0.9245445132255554,0.7339377999305725,0.7375020980834961,0.7475082874298096,0.9215965867042542,0.7504128813743591,0.7450011968612671,0.9170961380004883,0.7437740564346313,0.9146372675895691,0.0,590.1068725585938,3.5689680576324463,586.537841796875,0.0,0.29651910066604614,0.78347247838974,0.8044405579566956,0.28503185510635376,0.2508300542831421,0.23383083939552307,0.7999572157859802,0.23860369622707367,0.2523304522037506,0.7986360192298889,0.27965283393859863,0.7798614501953125,0.0,639.037353515625,2.7253339290618896,636.31201171875,144.0,"<autoencoder name=autoencoder_3, built=False>"
71,0.7365405559539795,0.9251710176467896,0.9245589971542358,0.7441741228103638,0.7339816689491272,0.7367380857467651,0.9215119481086731,0.7417849898338318,0.7517150044441223,0.9181575775146484,0.7506439685821533,0.9151236414909363,0.0,589.987548828125,3.5857763290405273,586.4017333984375,0.0,0.30291658639907837,0.78533536195755,0.8022814989089966,0.2924579381942749,0.26701486110687256,0.24226464331150055,0.8033804893493652,0.24491456151008606,0.2555038630962372,0.7994630932807922,0.28177642822265625,0.7810744643211365,1.0,638.5817260742188,2.6731033325195312,635.90869140625,144.0,"<autoencoder name=autoencoder_3, built=False>"
72,0.7352085709571838,0.9257469773292542,0.9246973395347595,0.7515479922294617,0.7422416806221008,0.7533220052719116,0.9225980043411255,0.7479111552238464,0.7526086568832397,0.9186499118804932,0.7608188390731812,0.9156624674797058,0.0,589.8425903320312,3.574131488800049,586.2683715820312,0.0,0.3055134415626526,0.7835085988044739,0.7984312772750854,0.28453609347343445,0.27321308851242065,0.24244605004787445,0.800575852394104,0.25020644068717957,0.25791433453559875,0.8009757995605469,0.30695846676826477,0.7803914546966553,1.0,639.787841796875,2.6983702182769775,637.0895385742188,144.0,"<autoencoder name=autoencoder_3, built=False>"
73,0.7435430884361267,0.9268451929092407,0.9258482456207275,0.7599897384643555,0.7453365921974182,0.7632961273193359,0.923728346824646,0.7538620233535767,0.7589819431304932,0.919857919216156,0.7583417296409607,0.917038083076477,0.0,589.5469360351562,3.639997720718384,585.906982421875,0.0,0.296129435300827,0.7837945222854614,0.8029342889785767,0.27982062101364136,0.2589036226272583,0.23252496123313904,0.801913857460022,0.2320031225681305,0.2607435882091522,0.7985163331031799,0.26781970262527466,0.7801564335823059,0.0,639.7850952148438,2.6954898834228516,637.089599609375,144.0,"<autoencoder name=autoencoder_3, built=False>"
74,0.7453277111053467,0.9275389909744263,0.9267323613166809,0.7405716776847839,0.7490701675415039,0.7680969834327698,0.9238700270652771,0.7515164017677307,0.757000744342804,0.9198498129844666,0.7692307829856873,0.9174144268035889,0.0,589.3404541015625,3.570187568664551,585.770263671875,0.0,0.3001250624656677,0.7838411331176758,0.8029067516326904,0.29011425375938416,0.26484414935112,0.2645305395126343,0.8007218241691589,0.233913391828537,0.262908399105072,0.7995575666427612,0.3006459176540375,0.780766487121582,0.0,639.4414672851562,2.6803507804870605,636.7611083984375,144.0,"<autoencoder name=autoencoder_3, built=False>"
75,0.7411071062088013,0.9280729293823242,0.9274225234985352,0.7623940110206604,0.7452889680862427,0.7691322565078735,0.9250025749206543,0.7611677050590515,0.7596703767776489,0.9212754964828491,0.7713276147842407,0.918156087398529,0.0,589.120849609375,3.6402673721313477,585.480712890625,0.0,0.3010064363479614,0.7839175462722778,0.8016873002052307,0.2930029034614563,0.25508755445480347,0.23506493866443634,0.8031116724014282,0.22540666162967682,0.25652578473091125,0.803373396396637,0.29938098788261414,0.781279981136322,0.0,639.0577392578125,2.7056281566619873,636.3521118164062,144.0,"<autoencoder name=autoencoder_3, built=False>"
76,0.7454366683959961,0.9282224178314209,0.9281921982765198,0.7591387033462524,0.758253276348114,0.7675229907035828,0.9255713224411011,0.7692773342132568,0.7692604660987854,0.9223518371582031,0.7744659781455994,0.9190238118171692,0.0,588.9395751953125,3.602193593978882,585.33740234375,0.0,0.29802483320236206,0.7854319214820862,0.8030611276626587,0.2830446660518646,0.2586124837398529,0.2638297975063324,0.7994844913482666,0.24753694236278534,0.2602761685848236,0.8034073710441589,0.3127018213272095,0.7811854481697083,1.0,639.3370361328125,2.689615488052368,636.6473999023438,144.0,"<autoencoder name=autoencoder_3, built=False>"
77,0.7519365549087524,0.9301058650016785,0.9288718700408936,0.7580841183662415,0.7608748078346252,0.7893540859222412,0.9261889457702637,0.7653838396072388,0.7621874213218689,0.9230746030807495,0.7788154482841492,0.9200963973999023,0.0,588.621337890625,3.6158552169799805,585.0054931640625,0.0,0.3004175126552582,0.7872992157936096,0.8069652318954468,0.26449599862098694,0.2553855776786804,0.2284069061279297,0.8028631806373596,0.2387290745973587,0.2568185329437256,0.8006128668785095,0.2992998957633972,0.7819919586181641,1.0,639.265380859375,2.7319931983947754,636.5333862304688,144.0,"<autoencoder name=autoencoder_3, built=False>"
78,0.7513886094093323,0.9301807880401611,0.9301188588142395,0.7649392485618591,0.7548798322677612,0.7785087823867798,0.9272520542144775,0.763034999370575,0.7789417505264282,0.9236268997192383,0.7816745042800903,0.9207572937011719,0.0,588.4201049804688,3.6405067443847656,584.779541015625,0.0,0.30916929244995117,0.7881560921669006,0.8066650032997131,0.2700364291667938,0.2513584792613983,0.2567656636238098,0.8014873266220093,0.24247290194034576,0.24882972240447998,0.7990228533744812,0.3103064000606537,0.7822310328483582,0.0,639.2733154296875,2.7308051586151123,636.54248046875,144.0,"<autoencoder name=autoencoder_3, built=False>"
79,0.7549242377281189,0.9310458898544312,0.9301535487174988,0.7638548016548157,0.7696883082389832,0.7794350981712341,0.9276889562606812,0.7731839418411255,0.7668367028236389,0.9247667193412781,0.7844937443733215,0.9214815497398376,0.0,588.1859741210938,3.611477851867676,584.5745239257812,0.0,0.3029639720916748,0.78926020860672,0.8073329329490662,0.2627526521682739,0.2602566182613373,0.24529525637626648,0.8024492263793945,0.2334330976009369,0.25925925374031067,0.7996030449867249,0.3071633279323578,0.7826789021492004,0.0,639.4435424804688,2.721484422683716,636.7220458984375,144.0,"<autoencoder name=autoencoder_3, built=False>"
80,0.7584905028343201,0.9323979020118713,0.9315468072891235,0.7723557949066162,0.7622913122177124,0.7868083715438843,0.9290921688079834,0.7688624858856201,0.778418779373169,0.9259212017059326,0.7689348459243774,0.9227650165557861,0.0,587.8659057617188,3.6737141609191895,584.192138671875,0.0,0.30481693148612976,0.7870391011238098,0.8073329925537109,0.2561829090118408,0.25837886333465576,0.2551581859588623,0.8039120435714722,0.24427184462547302,0.2609032988548279,0.7981746792793274,0.3087284564971924,0.7823131680488586,1.0,640.0034790039062,2.745753049850464,637.2576904296875,144.0,"<autoencoder name=autoencoder_3, built=False>"
81,0.7608630061149597,0.9323391318321228,0.9319190979003906,0.7836853861808777,0.7750194668769836,0.7917448282241821,0.9292198419570923,0.7835733890533447,0.7873286604881287,0.9259960651397705,0.788517415523529,0.9231482744216919,0.0,587.6912841796875,3.611881732940674,584.0794067382812,0.0,0.3037368357181549,0.7835789322853088,0.8047358989715576,0.2764561176300049,0.26417839527130127,0.24553276598453522,0.8027961254119873,0.2282124012708664,0.25813350081443787,0.7968255877494812,0.28839778900146484,0.7805333733558655,1.0,641.4105834960938,2.7510056495666504,638.6595458984375,144.0,"<autoencoder name=autoencoder_3, built=False>"
82,0.761928141117096,0.9335066676139832,0.9329640865325928,0.7711804509162903,0.7801939845085144,0.7963487505912781,0.9305100440979004,0.7774187326431274,0.7831360697746277,0.9264148473739624,0.7890776991844177,0.9240177869796753,0.0,587.474853515625,3.6584722995758057,583.8163452148438,0.0,0.29583510756492615,0.7870804667472839,0.8078153133392334,0.2579399049282074,0.25168943405151367,0.2402234673500061,0.8020796179771423,0.24295355379581451,0.2518991231918335,0.7988055348396301,0.29746508598327637,0.7812551259994507,0.0,641.4417724609375,2.754767894744873,638.6869506835938,144.0,"<autoencoder name=autoencoder_3, built=False>"
83,0.7640206813812256,0.9339247345924377,0.9334529638290405,0.7658242583274841,0.7673605680465698,0.7753623127937317,0.9308014512062073,0.7793322205543518,0.7841912508010864,0.9267905354499817,0.7935359477996826,0.9242925643920898,0.0,587.4178466796875,3.667494773864746,583.7503662109375,0.0,0.29385560750961304,0.7843762040138245,0.8058971762657166,0.2513088881969452,0.2627888321876526,0.22569197416305542,0.8022958636283875,0.23455284535884857,0.24922941625118256,0.797221302986145,0.29320818185806274,0.7799403071403503,1.0,642.1658935546875,2.757014513015747,639.4088745117188,144.0,"<autoencoder name=autoencoder_3, built=False>"
84,0.7654491066932678,0.9337888360023499,0.932918131351471,0.7979822754859924,0.7764514088630676,0.8045644760131836,0.9309142827987671,0.7843958139419556,0.7878809571266174,0.927666187286377,0.7983598709106445,0.924641489982605,0.0,587.24072265625,3.608964681625366,583.6317749023438,0.0,0.2907927334308624,0.7884121537208557,0.8074266314506531,0.267407089471817,0.25925925374031067,0.23622047901153564,0.8048384189605713,0.23965314030647278,0.25606468319892883,0.7987424731254578,0.280825138092041,0.781609058380127,0.0,640.8633422851562,2.718939781188965,638.1444702148438,144.0,"<autoencoder name=autoencoder_3, built=False>"
85,0.7596139907836914,0.9342654347419739,0.9341803193092346,0.7729754447937012,0.7731425762176514,0.7818127870559692,0.9314682483673096,0.7829803228378296,0.788521409034729,0.9279124736785889,0.7895473837852478,0.924834668636322,0.0,587.1428833007812,3.670924186706543,583.4719848632812,0.0,0.3011627793312073,0.7877103090286255,0.8065714240074158,0.25372499227523804,0.2631494700908661,0.23474177718162537,0.8039143085479736,0.24071082472801208,0.25886836647987366,0.7993030548095703,0.2918149530887604,0.7822789549827576,0.0,641.6577758789062,2.750600814819336,638.9071655273438,144.0,"<autoencoder name=autoencoder_3, built=False>"
86,0.77004075050354,0.935684859752655,0.9346625804901123,0.7878088355064392,0.7827706933021545,0.7968224883079529,0.9323232769966125,0.79009610414505,0.7920764088630676,0.9292207360267639,0.8011036515235901,0.9262782335281372,0.0,586.7061767578125,3.628692150115967,583.0774536132812,0.0,0.2999219596385956,0.7901557683944702,0.8062071204185486,0.24339300394058228,0.25619441270828247,0.2427055686712265,0.8017955422401428,0.23556582629680634,0.24757622182369232,0.7998042702674866,0.28345680236816406,0.7815367579460144,1.0,641.63037109375,2.7269091606140137,638.9034423828125,144.0,"<autoencoder name=autoencoder_3, built=False>"
87,0.7687199115753174,0.9359713792800903,0.9353772401809692,0.7834059000015259,0.7780866026878357,0.7868949174880981,0.932701826095581,0.7897050976753235,0.7928586602210999,0.9296101927757263,0.7849511504173279,0.9264846444129944,0.0,586.6563720703125,3.657712697982788,582.9986572265625,0.0,0.2885402739048004,0.7899103164672852,0.8073729872703552,0.25531914830207825,0.25450143218040466,0.22636815905570984,0.8008326888084412,0.2278480976819992,0.24938556551933289,0.7990332841873169,0.2852760851383209,0.7806488871574402,0.0,642.126708984375,2.723371744155884,639.4033813476562,144.0,"<autoencoder name=autoencoder_3, built=False>"
88,0.7745935320854187,0.9365609288215637,0.9356385469436646,0.8058739304542542,0.7849124670028687,0.7983894944190979,0.9330029487609863,0.802953839302063,0.7983466386795044,0.9303957223892212,0.8039542436599731,0.927344024181366,0.0,586.3826293945312,3.6360440254211426,582.7466430664062,0.0,0.27679646015167236,0.7890576124191284,0.8071157336235046,0.2504132091999054,0.2489335834980011,0.23588040471076965,0.8052126169204712,0.22238215804100037,0.24518263339996338,0.7984859347343445,0.2837967276573181,0.7796519994735718,1.0,642.7533569335938,2.7407643795013428,640.0126342773438,144.0,"<autoencoder name=autoencoder_3, built=False>"
89,0.7734601497650146,0.9366876482963562,0.9363987445831299,0.7825303673744202,0.7932530641555786,0.8051636219024658,0.9342232942581177,0.7899821400642395,0.8038808703422546,0.9306301474571228,0.7990632057189941,0.9278303980827332,0.0,586.2891845703125,3.6479029655456543,582.6412353515625,0.0,0.2733815014362335,0.791282057762146,0.8107393383979797,0.2581770718097687,0.24713487923145294,0.2248743772506714,0.8058262467384338,0.21548117697238922,0.24262389540672302,0.7994273900985718,0.2708624601364136,0.780903697013855,0.0,642.3698120117188,2.762498617172241,639.6072998046875,144.0,"<autoencoder name=autoencoder_3, built=False>"
90,0.7740774154663086,0.9382386803627014,0.9371457695960999,0.80591881275177,0.7839568257331848,0.7931340336799622,0.9344877004623413,0.7957963347434998,0.8046243786811829,0.9322124719619751,0.8107787370681763,0.9287459254264832,0.0,586.080810546875,3.647608757019043,582.4332885742188,0.0,0.27959486842155457,0.7905436158180237,0.8068528175354004,0.2530009150505066,0.2492770403623581,0.233355313539505,0.8061259388923645,0.2194852977991104,0.2323862910270691,0.801141619682312,0.2869219183921814,0.7805129885673523,0.0,642.9292602539062,2.787404775619507,640.1419067382812,144.0,"<autoencoder name=autoencoder_3, built=False>"
91,0.77920001745224,0.9377661347389221,0.9377239942550659,0.8144282102584839,0.7946115732192993,0.7941513657569885,0.9346923828125,0.8080607056617737,0.802405834197998,0.9317805171012878,0.8128601312637329,0.9289363026618958,0.0,585.9586181640625,3.6813642978668213,582.2772827148438,0.0,0.27700191736221313,0.7891760468482971,0.8037148118019104,0.2534818947315216,0.2561561167240143,0.23844121396541595,0.8066573143005371,0.2249726951122284,0.2432313710451126,0.7992734909057617,0.27794116735458374,0.779810905456543,1.0,643.4517211914062,2.7888107299804688,640.6629638671875,144.0,"<autoencoder name=autoencoder_3, built=False>"
92,0.7792657017707825,0.9378207921981812,0.9373733997344971,0.7966850996017456,0.795663595199585,0.8203984498977661,0.9351701140403748,0.8058183193206787,0.8094115853309631,0.9324354529380798,0.8147132992744446,0.9291867017745972,0.0,585.7714233398438,3.6513938903808594,582.1199951171875,0.0,0.2854258120059967,0.7913194894790649,0.8083376884460449,0.23990929126739502,0.2559109926223755,0.24225173890590668,0.8039188981056213,0.22673305869102478,0.24885909259319305,0.7999267578125,0.30714675784111023,0.7812314629554749,1.0,643.3760986328125,2.802530288696289,640.5735473632812,144.0,"<autoencoder name=autoencoder_3, built=False>"
93,0.7809491753578186,0.9389503002166748,0.9381698369979858,0.8085202574729919,0.7963728904724121,0.8095517158508301,0.9362297058105469,0.8069925308227539,0.8076949119567871,0.9325498342514038,0.8113164305686951,0.9299322962760925,0.0,585.6739501953125,3.650935649871826,582.0230102539062,0.0,0.27645590901374817,0.7872264385223389,0.8037390112876892,0.25432756543159485,0.24620620906352997,0.22566086053848267,0.8051273822784424,0.22545959055423737,0.25222817063331604,0.8009782433509827,0.2860798239707947,0.7793301939964294,0.0,644.3870849609375,2.802382707595825,641.584716796875,144.0,"<autoencoder name=autoencoder_3, built=False>"
94,0.7818127870559692,0.9397276639938354,0.9388004541397095,0.7999115586280823,0.8033941984176636,0.820793867111206,0.9366025328636169,0.8151943683624268,0.8139567375183105,0.9336324334144592,0.8288919925689697,0.9307490587234497,0.0,585.3705444335938,3.649461030960083,581.7210083007812,0.0,0.2842702567577362,0.7875267863273621,0.807127833366394,0.26106393337249756,0.25267818570137024,0.23634053766727448,0.8072630167007446,0.22840827703475952,0.24446651339530945,0.8034485578536987,0.2921568751335144,0.7817614078521729,0.0,643.2893676757812,2.775646209716797,640.5137329101562,144.0,"<autoencoder name=autoencoder_3, built=False>"
95,0.7815579175949097,0.9402136206626892,0.9400701522827148,0.8133273720741272,0.8078173398971558,0.8212715983390808,0.9376185536384583,0.8008356690406799,0.8111613988876343,0.9351032972335815,0.8170289993286133,0.9316588640213013,0.0,585.2303466796875,3.687096118927002,581.543212890625,0.0,0.28623059391975403,0.7870446443557739,0.8053821921348572,0.2534644603729248,0.24676063656806946,0.2284688949584961,0.8072102665901184,0.22149047255516052,0.24030247330665588,0.8029789924621582,0.2841796875,0.780903697013855,1.0,643.7637329101562,2.792663812637329,640.9710083007812,144.0,"<autoencoder name=autoencoder_3, built=False>"
96,0.7939037084579468,0.9405796527862549,0.9399313926696777,0.8114643692970276,0.8089448809623718,0.824111819267273,0.9378806948661804,0.8234350085258484,0.8235048651695251,0.9347892999649048,0.8215983510017395,0.9322943091392517,0.0,585.044677734375,3.652796506881714,581.3919067382812,0.0,0.2714711129665375,0.7890368103981018,0.8056640028953552,0.24046793580055237,0.24513095617294312,0.23398001492023468,0.8047987818717957,0.21635262668132782,0.2354172170162201,0.8047045469284058,0.2812946140766144,0.7793031930923462,1.0,644.627685546875,2.8133175373077393,641.8143920898438,144.0,"<autoencoder name=autoencoder_3, built=False>"
97,0.7889002561569214,0.9416501522064209,0.9412627220153809,0.8137839436531067,0.8100305199623108,0.8137834072113037,0.9395350813865662,0.8047699928283691,0.8156818151473999,0.935994029045105,0.8356258869171143,0.9331620335578918,0.0,584.776611328125,3.6556642055511475,581.1209716796875,0.0,0.27557334303855896,0.7869296669960022,0.8031963109970093,0.26552867889404297,0.24894751608371735,0.22174447774887085,0.8031051754951477,0.2233850657939911,0.24241584539413452,0.803916335105896,0.3068010210990906,0.7792015075683594,0.0,645.9049072265625,2.7897894382476807,643.1151123046875,144.0,"<autoencoder name=autoencoder_3, built=False>"
98,0.7922211289405823,0.9417547583580017,0.9412652254104614,0.8120761513710022,0.8177487254142761,0.834212064743042,0.9385960698127747,0.814827561378479,0.8168813586235046,0.9365136027336121,0.8138566017150879,0.9332473278045654,0.0,584.6994018554688,3.673839569091797,581.0255737304688,0.0,0.27162966132164,0.7847541570663452,0.8054220676422119,0.24989858269691467,0.2461538463830948,0.2157316356897354,0.8071619272232056,0.2315078228712082,0.2346528172492981,0.8043387532234192,0.2900838553905487,0.7791581153869629,0.0,645.5042724609375,2.7947139739990234,642.7095336914062,144.0,"<autoencoder name=autoencoder_3, built=False>"
99,0.7880170941352844,0.9425166845321655,0.9421089291572571,0.8235164880752563,0.812460720539093,0.8274126052856445,0.9395822286605835,0.8159999847412109,0.8250184059143066,0.9365437030792236,0.828194797039032,0.9337007999420166,0.0,584.544189453125,3.6846818923950195,580.8594970703125,0.0,0.27350902557373047,0.7875025868415833,0.8057685494422913,0.2660098373889923,0.24671916663646698,0.21243809163570404,0.806607186794281,0.224630206823349,0.2267524152994156,0.8048954606056213,0.2836649715900421,0.7799146771430969,1.0,645.3301391601562,2.7942025661468506,642.535888671875,144.0,"<autoencoder name=autoencoder_3, built=False>"
